452	546
2021	2574
2925	3054
1404	1720
1731	1814
2028	2191
3040	3362
25	26
1939	2608
4002	4027
1737	1800
954	1014
728	824
3054	3315
1577	2294
2409	2507
169	322
3241	3412
1684	2760
1940	2010
3702	3845
2719	3274
2946	3363
1409	1898
2061	2648
2047	2582
400	561
98	276
2690	2871
2060	2104
1945	2007
1117	1551
3759	3957
2711	3118
1722	1826
113	325
3113	3351
353	1487
1247	1408
2856	3099
1976	2447
2125	2338
3014	3417
2060	2163
1302	1610
2038	2111
2028	2328
2988	3073
3546	3580
1129	1873
1912	2448
966	1737
1040	1571
1211	1563
1966	2536
2352	2506
1912	2083
2341	2659
2083	2478
2150	2237
1786	1873
444	460
496	508
348	418
606	968
2856	3212
3481	3883
2907	3158
2294	2420
2052	2603
1067	1104
1158	1732
514	559
2891	3142
2684	2775
2059	2550
1985	2137
1164	1644
2007	2498
517	1514
1178	1866
3501	3734
257	280
2084	2504
3437	3520
2909	2986
3098	3108
2169	2399
2027	2657
1359	1409
1941	2601
2854	3286
107	1698
3242	3411
1104	1257
3456	3633
2423	2611
425	553
1191	1211
2607	2654
2078	2354
765	835
1912	2639
1926	2547
2150	2188
2833	3082
1912	2319
2418	2602
3623	3818
158	242
2750	2940
2597	2643
1123	1341
1951	2447
1925	2233
2105	2570
1344	1589
2681	3324
3766	3933
2872	3064
2240	2287
1199	1271
3509	3906
2063	2303
2823	3082
2323	2418
1377	1813
745	824
1779	1822
1927	2006
1917	2408
705	847
2246	2509
2032	2516
1309	1392
947	1833
1310	1472
3584	3821
1048	1570
128	315
1942	2584
1715	1873
1500	1634
2103	2409
2078	2266
2943	2960
3049	3078
2361	2397
1221	1322
1943	2303
122	232
363	1349
2515	2545
1717	1746
2951	2984
2073	2112
404	462
1255	1813
3674	3962
2335	2371
2326	2410
2706	2806
3281	3377
1628	1661
1920	2384
1211	1222
92	330
997	1243
2266	2646
980	1269
2790	2813
3090	3195
3272	3328
1000	1840
1006	1124
2188	2261
2485	2553
2040	2088
2007	2510
2351	2642
804	882
1070	1738
1427	1526
1017	1293
170	304
3437	3805
1256	1605
1079	1107
349	478
2172	2386
1431	1621
3490	3624
3437	3731
414	591
2914	3013
3710	3867
2220	2334
1919	2225
983	1547
1139	1906
2116	2571
1964	1977
3633	3938
948	1526
1267	1483
925	1746
3168	3179
1946	2499
1718	2032
942	1014
526	1114
3690	3955
2150	2521
2201	2564
23	237
1965	2361
2718	3032
1684	3123
483	1446
1665	1839
1663	1768
1637	1774
2500	2506
781	814
1275	1828
2313	2558
3596	3687
170	323
980	1589
2235	2652
2664	2757
423	527
2849	3267
1371	1568
3516	3613
3145	3350
1946	2602
2492	2611
3484	3568
1968	2633
1604	1835
2038	2138
1736	1839
2551	2553
1684	3285
1106	1226
2218	2414
1156	1377
2414	2600
3577	3877
1029	1604
3512	3760
1516	1663
188	297
2340	2575
2340	2613
1929	2549
815	853
3696	3791
1113	1427
1017	1467
698	894
2849	3212
1332	1628
2075	2161
1124	1321
1182	1369
2746	3054
2680	2763
1125	1336
1572	1737
1722	1730
422	570
2254	2327
698	886
1987	2278
3604	3645
1942	2552
1344	1612
2374	2611
760	828
3534	3937
627	647
1644	1867
2921	3360
2716	2989
1428	1482
3526	3865
2304	2555
461	507
1918	2356
369	554
1800	1842
664	666
1271	1722
2300	2387
2286	2411
1076	1663
1467	1750
1367	1717
389	518
1917	2244
1029	1570
107	1649
473	535
265	298
2369	2606
1019	1635
414	641
1447	1456
1684	2831
2093	2563
3437	3870
2309	2602
136	2102
2889	2982
2038	2283
1597	1617
1280	1741
811	856
1684	2879
2043	2147
3531	3771
2198	2463
2363	2407
2064	2271
989	1104
248	277
3007	3252
966	1886
2088	2536
3437	3895
2986	3108
749	757
2247	2616
3842	3877
2946	3335
1051	1709
107	1855
1639	1851
348	410
487	559
956	979
3021	3280
2294	2333
2349	2466
2664	3022
2446	2500
2199	2243
3730	3926
990	2822
1269	1746
3636	3735
1986	2257
1985	2395
2218	2356
511	536
1991	2061
984	1495
3106	3386
3824	3830
573	598
2325	2362
105	277
2020	2271
2727	3048
1617	1799
2231	2371
3437	3894
3150	3185
2073	2655
1037	1504
714	767
694	745
3520	3672
2757	2960
1926	2333
931	1566
2679	2835
1274	1567
2104	2370
2398	2533
606	1318
1947	2333
2336	2368
483	1313
2081	2191
2409	2625
2028	2471
1072	1428
1985	2308
482	506
2749	3363
2250	2399
2169	2203
3459	3825
0	49
3504	3551
348	444
1516	1539
1004	1331
1041	1121
3542	3790
1983	2090
2966	3108
2785	3360
2040	2104
1941	1955
2907	3293
1414	1573
916	1637
48	53
2748	3101
1135	1646
3265	3297
1101	1398
2306	2521
2127	2498
107	1429
36	197
2115	2257
1181	1516
2045	2520
604	671
1085	1847
2313	2388
409	487
1447	1613
1516	1522
2188	2348
2103	2229
2751	3124
583	600
2676	3232
1029	1813
1003	1059
2499	2575
1154	1543
461	542
1431	1741
2340	2563
1612	1791
2865	3032
2064	2504
1340	1826
1465	1912
1277	1790
3538	3743
1813	1845
3039	3422
1519	1535
1214	1222
3474	3630
2278	2376
1391	1431
2161	2396
1126	1153
372	543
1639	1714
823	856
588	685
1144	1307
2056	2095
2376	2521
1153	1470
1986	2574
2433	2619
2433	2495
1416	1572
1580	1736
1204	1636
1250	1827
203	331
526	1393
2726	2978
1156	1839
2104	2237
601	630
1126	1329
2311	2507
1943	2083
507	557
2564	2655
398	525
3286	3417
2877	3399
1730	1810
2137	2183
946	952
2257	2370
1361	1589
3988	3995
1163	1833
3021	3201
2047	2597
1388	1447
1621	1849
2730	3307
2724	3405
1512	1616
717	798
1083	1471
2194	2384
1352	1598
2020	2376
1986	2619
1441	1564
2386	2624
1334	1409
1617	1689
1054	1737
2121	2150
3479	3581
2983	3020
2353	2542
2154	2356
3572	3714
1341	1864
3090	3163
2780	3395
1984	2348
2247	2384
3137	3430
2289	2292
2206	2638
1522	1752
2283	2642
3497	3707
3501	3586
926	1256
1173	1842
2039	2351
1123	1799
2719	3170
1917	2369
127	320
1959	2191
2750	3026
2124	2619
609	612
920	1484
2325	2498
2780	2950
374	497
204	302
2492	2593
1684	3064
967	1584
3442	3521
2786	3158
3468	3622
993	1675
1021	1298
2718	3330
1465	2068
2809	3010
3605	3938
1017	1800
606	1487
3516	3523
2073	2118
2179	2654
1272	1714
3126	3336
2111	2377
2266	2655
109	324
901	1601
158	317
2190	2331
1192	1235
107	1881
2150	2428
2038	2277
2187	2319
474	481
1112	1600
967	1255
1976	2099
2334	2492
1217	1343
2806	3000
1925	2492
107	1589
906	1609
1912	2348
1017	1199
1730	1833
1959	2153
1519	1642
2073	2602
26	252
754	828
1733	1892
2327	2419
942	1786
2064	2559
2322	2656
2370	2600
1330	1580
2762	2841
1454	1820
1959	2567
2059	2553
2282	2458
2109	2655
1912	2433
2266	2578
1117	1125
1117	1272
1662	1842
2543	2572
2757	3096
2026	2498
203	265
3509	3833
1972	1995
1981	2603
1959	2254
2302	2461
1939	2501
1419	1758
2076	2466
741	828
3710	3713
3011	3411
1799	1877
3437	3942
2098	2308
2188	2410
3518	3858
1980	2171
2200	2492
2339	2383
2329	2602
2376	2462
2828	3120
2283	2472
1238	1522
2743	2874
1327	1683
2052	2461
2098	2543
2056	2485
907	1685
953	1868
2593	2607
2974	2986
828	880
3586	3889
3186	3320
1659	1800
2123	2507
444	475
3469	3738
2365	2633
2893	3159
2067	2584
3198	3419
495	570
999	1184
2757	2917
2111	2285
1985	2190
431	500
2037	2423
1147	1894
3138	3279
3440	3734
958	1468
2937	3280
1190	1345
1515	1704
1049	1877
1971	2131
1205	1280
2906	2994
1662	1730
1359	1391
2111	2180
2419	2637
1287	1621
2087	2463
3232	3363
2909	3363
3640	3938
1931	2364
2180	2332
2944	3153
2141	2642
1938	2090
1816	1898
1199	1439
1912	2508
1833	1879
2467	2625
1557	1823
2731	3025
2169	2461
1609	1811
688	792
2054	2347
2117	2148
388	500
1938	2045
1428	1709
2308	2469
2040	2201
2098	2462
1006	1288
1746	1810
136	2153
1925	2550
3495	3545
2872	3294
3051	3355
438	563
1923	2325
2991	3106
1962	2150
1491	1826
2243	2267
2449	2611
2266	2654
2121	2142
1078	1132
2880	3417
1662	1683
2131	2206
2730	3118
2188	2359
3873	3968
2220	2433
745	842
3140	3214
1204	1576
1945	2072
2376	2542
2213	2590
1432	1841
1081	1824
2865	3263
2369	2550
107	1184
3316	3397
2108	2564
1943	2520
872	885
3437	3910
1589	1800
2122	2619
2030	2477
2325	2589
2220	2290
921	1589
2021	2526
1082	1298
1014	1108
2154	2278
1972	2022
3692	3721
631	678
2064	2550
423	425
2226	2612
2664	3004
719	766
2666	2897
3082	3113
1370	1665
3475	3966
1530	1613
2118	2392
2103	2543
1997	2275
2446	2520
2090	2482
3116	3280
1491	1804
964	1876
1003	1683
3089	3319
2943	2944
2102	2153
1212	1497
2829	3168
2754	2769
1205	1255
1238	1517
1610	1800
3013	3397
1367	1724
2662	3274
2084	2512
1376	1752
3437	3570
2744	3156
1163	1390
1943	2326
3577	3842
3049	3416
1984	2299
1938	2329
3479	3649
2123	2290
1339	1746
2892	3204
1789	1799
373	614
2136	2164
1146	1662
2684	2797
465	537
973	1178
1315	1583
1876	1906
1074	1519
1487	1543
2675	2843
991	1283
36	320
906	1375
2511	2597
1684	2951
1416	1683
3471	3940
2031	2176
2939	3265
1024	1707
2323	2423
2038	2226
3521	3597
1229	1432
1153	1723
1329	1804
1993	2056
1954	2187
1920	2609
3233	3379
2839	3119
2150	2179
2914	2951
2719	2875
713	824
1306	1738
2716	3350
993	1584
1056	1519
1352	1597
1979	2414
438	452
2939	3434
107	1527
2053	2087
2881	3261
3051	3344
2555	2629
1954	2328
2131	2460
960	1888
2326	2573
1947	2222
984	1245
2370	2410
2122	2430
2990	3241
651	1767
1098	1705
2154	2429
2408	2549
921	1622
370	423
1361	1793
2327	2434
1471	1772
2468	2542
353	431
2124	2638
21	142
2675	3171
2045	2190
2624	2638
1547	1600
2060	2602
1272	1352
2288	2309
2237	2423
252	265
651	1606
1427	1766
2116	2648
107	1839
2124	2309
967	1845
1721	1827
461	559
2231	2397
1243	1746
2244	2619
3264	3385
1076	1516
2007	2475
2004	2116
662	675
726	751
2121	2271
1129	1857
927	1243
1605	1849
2724	3186
2120	2405
1718	2176
3596	3877
1912	1969
2229	2278
2328	2351
1389	1609
3529	3602
2458	2594
987	1240
1269	1617
2127	2246
1959	2203
1021	1192
1620	1791
1275	1633
3528	3938
3514	3605
1277	1432
1199	1864
2815	2911
1271	1402
2730	2739
3437	3706
1587	1596
2871	2950
1282	1286
2199	2398
910	1808
1132	1201
927	1329
1612	1851
2073	2353
0	218
2029	2117
934	1352
1312	1603
414	596
3152	3335
1159	1444
1304	1759
199	239
107	1022
2085	2612
2210	2347
2047	2318
2188	2551
3036	3123
1948	2629
3223	3371
353	1740
2865	2918
2150	2418
422	555
1275	1496
213	224
3506	3826
3529	3909
2409	2446
2742	3076
1352	1522
643	670
2169	2224
1047	1663
2363	2489
1068	1156
483	525
1004	1796
378	482
2206	2611
3437	3814
484	1160
2970	3332
1281	1824
1097	1452
2471	2592
3196	3264
3745	3949
1986	2556
3272	3351
1035	1500
2200	2469
1230	1688
483	1907
1684	3073
2033	2340
483	1828
1768	1791
107	1417
2625	2630
1450	3278
902	1129
1359	1835
1620	1688
1338	1373
2969	3364
1070	1709
1912	2139
3358	3369
1919	1980
2133	2210
82	331
3437	3597
2031	2138
2665	3107
1041	1072
2121	2410
3558	3646
2583	2645
2955	3395
916	1864
966	1589
1107	1757
1285	1809
2028	2461
3869	3924
2063	2200
1979	2593
0	24
2932	3111
442	531
431	506
2038	2649
2454	2631
981	1462
1432	1596
2120	2412
2001	2620
439	506
3179	3411
718	827
1912	2430
1665	1772
3516	3562
2345	2394
1348	1904
1104	1638
1925	2083
1222	1291
1828	1893
2369	2464
3238	3387
2428	2638
2142	2398
2929	3435
2308	2600
1366	1444
2356	2602
686	788
2033	2090
1402	1613
1238	1359
2081	2384
2832	3335
2278	2625
1966	2462
2477	2559
1184	1523
1684	3390
2339	2593
1238	1741
1115	1298
1043	1368
2717	3078
1322	1628
3764	3825
2140	2410
414	580
2551	2593
1101	1329
2161	2592
3514	3633
236	297
2356	2500
3980	4032
1149	1603
2066	2211
3601	3825
2877	2890
2409	2578
2143	2315
2799	3200
1973	2384
1199	1879
2940	3117
1068	1370
373	391
2761	3184
1191	1267
993	1613
1473	1525
1943	2300
2590	2601
3833	3906
213	340
3547	3693
1559	1835
2778	2992
1344	1795
1685	1804
2951	3346
705	808
2072	2415
1032	1204
1349	1763
3002	3207
1078	1675
2088	2611
1684	2763
3545	3852
1207	1804
1211	1750
3462	3934
1191	1559
1339	1804
2191	2289
2495	2593
1173	1180
1004	1375
2184	2212
1289	1839
2602	2625
1173	1335
1467	1617
1986	2112
2259	2635
463	519
1912	2229
1596	1899
2174	2194
1684	2747
414	428
1000	1134
2872	2909
1083	1399
1604	1818
362	473
2056	2078
934	1305
2289	2328
2661	3021
2105	2260
1551	1736
3339	3348
1970	2282
2196	2588
113	203
2141	2416
2067	2476
2078	2339
239	271
2287	2607
3768	3947
1456	1768
1158	1903
363	419
1100	1635
426	513
1978	2503
2919	3084
1532	1623
2147	2428
62	323
1334	1663
917	1582
2601	2611
1211	1845
2475	2649
686	801
348	430
3442	3753
1757	1816
2124	2460
688	747
1966	2553
395	523
3035	3132
1495	1661
576	650
1800	1826
980	1795
1491	1736
2124	2347
414	636
484	1001
2005	2630
2796	2863
2588	2616
1948	2047
2478	2611
1070	1686
2326	2574
2390	2451
1979	2611
3035	3265
1938	2520
1518	1866
2905	2927
2905	3084
1480	1821
2164	2464
2300	2575
1059	1146
3111	3342
3041	3240
2464	2485
1962	2104
119	200
589	664
1125	1584
2138	2555
1115	1628
428	1358
2521	2602
2741	2956
1491	1833
67	325
1718	1932
1377	1761
703	748
1917	2352
2862	2960
2999	3222
696	739
1142	1427
389	1770
1196	1799
2206	2428
1391	1551
2060	2520
366	1358
31	67
2030	2553
2196	2268
795	820
107	1223
3525	3970
1172	1289
2850	2864
1736	1809
582	670
1679	1692
697	719
1607	1896
2666	3040
2956	3029
3611	3734
2986	3022
1920	2153
3321	3345
1473	1584
2931	3054
1953	2381
1352	1669
1984	2520
755	836
1231	1432
2033	2095
25	271
1242	1344
1014	1036
1227	1462
1979	2121
2452	2637
984	1192
1285	1879
2018	2050
2768	2921
1173	1219
2095	2206
2984	3118
2179	2607
612	636
1951	2620
2158	2523
2991	3320
1099	1316
3705	3826
2916	3363
2090	2409
1488	1605
946	1816
1955	2336
3021	3206
2853	3397
999	1124
2191	2609
2236	2317
2994	3104
1185	1864
0	217
805	818
1214	1361
1343	1584
2560	2655
1612	1652
3027	3198
1076	1721
2502	2643
2672	3262
1530	1663
2719	3353
695	726
2432	2501
2463	2592
992	1314
2730	2996
1966	2500
2676	3387
1416	1653
2323	2407
1222	1335
0	202
2598	2609
1425	1831
1946	2504
1920	2187
1006	1619
3184	3363
2862	3119
1596	1716
1255	1735
941	1828
573	684
1150	1858
394	559
538	1320
2030	2131
805	840
1468	1895
2123	2543
414	621
393	501
2845	3295
960	1287
2244	2414
1155	1179
1617	1746
1541	1770
2916	2928
2030	2492
1816	1868
1768	1823
1509	1609
1160	1609
705	770
825	864
988	1426
1927	2284
494	538
107	1567
2040	2164
2165	2574
1702	1718
184	197
409	492
393	441
2103	2607
2092	2576
916	993
414	581
2104	2559
4020	4027
1335	1589
2045	2206
2059	2172
924	1000
428	524
2939	3120
957	1204
2233	2418
1078	1267
2676	2969
2229	2271
1684	2818
2067	2430
1943	2553
1277	1628
1221	1479
2333	2533
1191	1898
2404	2631
2937	3262
2028	2293
414	652
1020	1066
2143	2463
2783	3274
2398	2547
2764	3340
1021	1459
3703	3842
382	403
1491	1608
3035	3179
10	285
1250	1617
2061	2640
2438	2479
2216	2233
949	1541
2326	2370
1985	2418
2144	2319
2052	2332
3122	3354
1146	1761
1131	1260
921	1334
1437	1730
3000	3149
1088	1866
1358	1512
625	653
2150	2409
2756	2862
1927	1973
2132	2390
1925	2095
3146	3152
472	567
2043	2347
2924	2929
1573	1899
1595	1742
2845	3287
2046	2414
2874	3084
2174	2372
178	303
3252	3280
1947	2396
2142	2381
2300	2374
540	559
2833	3089
1235	1691
3146	3288
2279	2347
1255	1626
370	524
2054	2509
1945	2344
2074	2237
1101	1662
2218	2391
136	304
927	1675
3584	3593
2939	3201
2874	2977
2103	2549
2935	3063
354	403
3120	3344
1684	3364
2223	2394
2428	2600
2110	2142
3106	3416
1318	1543
2215	2567
1926	2566
1006	1201
1959	2138
1277	1475
1945	2143
2976	3172
2793	3386
1153	1269
2733	2936
1171	1642
2247	2509
2976	3076
1917	2150
2206	2430
2032	2617
1809	1833
2880	3022
373	390
1444	1699
1993	2352
3437	3501
2477	2625
1018	1848
2418	2446
2859	3027
2020	2638
686	714
2468	2594
2030	2083
1479	1680
2020	2654
2689	2815
1513	1718
414	566
2867	3184
1079	1539
1132	1598
3026	3104
2229	2410
170	176
2278	2408
2123	2590
1081	1277
2520	2611
3518	3838
2765	3146
2604	2615
1921	2027
1017	1153
1557	1621
1051	1536
2420	2468
271	318
2047	2186
1358	1744
1951	1968
1201	1600
897	1522
3604	3858
2285	2377
107	1234
1204	1828
361	547
2428	2630
1603	1735
1835	1867
2093	2556
1929	2430
1617	1851
1035	1531
3267	3397
2266	2395
728	843
2235	2274
2351	2510
2278	2544
67	304
417	527
2057	2102
1056	1359
2150	2184
617	620
1979	2607
1569	1703
2839	3184
2669	2698
2200	2392
2337	2640
1912	1984
2410	2430
1245	1783
2072	2198
1135	1603
989	1716
2712	3150
1925	2356
2326	2374
1986	2218
389	554
2927	3096
2983	3083
1184	1769
1989	2590
428	1408
2796	3381
1707	1823
1201	1804
277	334
2084	2323
857	3586
1316	1454
1047	1757
1751	1893
402	436
1971	2188
2046	2104
2409	2602
2446	2575
2330	2451
1912	2536
2381	2408
1684	2985
2154	2340
2849	3288
686	839
3559	3838
107	1795
2133	2525
1059	1816
1984	2021
2369	2446
948	1549
2727	3205
2156	2388
3145	3403
3722	3728
2377	2509
2187	2445
2675	3395
527	567
2087	2268
1925	2333
1912	2449
2875	3150
2278	2300
1989	2276
2467	2546
3488	3730
2035	2397
2203	2510
1059	1793
1173	1613
1190	1277
2088	2469
2999	3083
1959	2117
1605	1617
2729	3362
2112	2482
2123	2478
456	484
1480	1621
3240	3332
1457	1800
748	797
2201	2579
2881	3365
967	1003
1076	1485
2461	2509
2734	3027
1497	1761
898	1099
2172	2220
2566	2612
703	835
277	285
2103	2615
3659	3888
3253	3385
3072	3305
1092	1126
2118	2150
2904	3306
2929	3119
1983	2309
1983	2326
1964	2138
3495	3880
2069	2073
1912	2213
1423	1459
1926	2325
2395	2553
3267	3297
1647	1728
1057	1664
1684	3384
3514	3687
2433	2556
2081	2282
2672	2719
1509	1608
1689	1736
2700	2811
2682	3295
1361	1663
695	824
1938	2172
1370	1809
2681	2689
1271	1447
3924	3951
387	544
2077	2108
2046	2098
2108	2309
2253	2369
136	2180
2715	3214
2190	2386
1052	1070
1334	1833
2988	3036
1983	2507
2363	2578
2543	2608
2093	2112
706	810
526	1265
1037	1259
1068	1888
723	824
573	609
1963	2172
1115	1404
2007	2429
348	427
1048	1124
3214	3276
188	291
2626	2633
1912	2349
917	1706
1643	1707
2679	3056
2892	3086
3076	3262
3118	3396
461	548
696	745
2665	3345
2750	3142
0	234
1614	1796
2039	2267
2299	2553
2313	2402
2890	2906
3441	3536
2397	2570
1185	1243
2224	2250
2247	2389
3488	3845
3152	3204
1181	1663
2142	2655
1730	1811
2210	2624
2115	2233
1981	2327
1700	1827
1308	1472
993	1663
460	570
2332	2649
224	232
2032	2183
2292	2581
2087	2143
2061	2538
647	659
438	614
1938	2077
3203	3233
3194	3260
1960	2091
414	513
1077	1863
2887	2915
98	118
2906	3026
59	252
1062	1357
1957	2626
1107	1589
1126	1821
3758	3945
1591	1786
739	740
2299	2630
3330	3397
2184	2407
1554	1891
2233	2602
1069	1302
2290	2654
2906	3104
3463	3793
731	745
2111	2246
3559	3804
2333	2508
2043	2098
2078	2121
2121	2500
1917	2218
1986	2095
56	222
3219	3415
1191	1551
1365	1589
3736	3842
2131	2261
2893	3389
2748	3175
2285	2305
2075	2199
475	544
989	1067
2275	2542
1257	1790
2746	2920
3157	3328
1039	1842
391	465
3219	3340
2112	2121
1951	1954
2210	2271
3450	3596
701	747
2140	2556
2131	2184
1979	2005
2680	2877
1389	1559
1799	1816
3463	3555
3455	3608
1643	1799
107	1483
2053	2458
2237	2485
2343	2582
1169	1709
2307	2553
2738	2743
2540	2637
1717	1898
2742	3172
2340	2586
373	439
2098	2624
1026	1334
1485	1735
1196	1769
1997	2430
1377	1597
2126	2360
1970	2221
1085	3440
1998	2157
2254	2508
2324	2532
1863	1883
2748	2950
483	596
1783	1820
55	239
2045	2602
2415	2509
2048	2155
1021	1303
1479	1720
2028	2543
387	415
1608	1669
773	831
3119	3238
3437	3694
1120	1591
2339	2482
1642	3355
2302	2567
1115	1192
960	1832
1086	1799
1311	1507
3051	3353
714	818
2202	2538
1959	2289
1837	1880
3521	3773
2253	2354
2200	2244
1692	1767
1214	1730
29	82
2737	3019
2743	2896
417	567
2191	2264
2078	2233
1668	1888
2271	2300
1976	2192
2960	3250
460	475
1918	2300
1029	1843
2549	2630
497	566
1293	1376
2008	2126
3158	3232
978	1471
4003	4023
1917	2386
1465	2336
2429	2467
1104	1379
2735	2914
2912	3142
3830	3970
107	1534
2057	2333
2104	2210
1912	2524
363	1545
3475	3543
2038	2525
1277	1764
1214	1668
481	531
1085	3872
25	176
1124	1622
1993	2164
2073	2376
1272	1622
1376	1689
966	1736
2512	2611
2936	3261
969	1170
2878	3020
1078	1238
373	528
967	1626
2796	3060
2823	3396
2911	3047
2142	2542
3004	3426
2951	3359
3683	3842
2763	2862
3437	3541
3107	3395
2368	2509
2591	2655
1092	1669
1281	1751
107	1568
3506	3754
2165	2524
1267	1467
3079	3434
1695	1773
1170	1783
1610	1832
1413	1732
928	1676
2800	3135
397	557
2009	2378
483	544
1516	1597
2908	3096
1981	2072
2692	2951
3024	3107
2550	2624
1473	1767
921	1404
2045	2276
2302	2581
2866	3250
2154	2237
2304	2617
2504	2646
391	502
1467	1590
1392	1426
504	522
2342	2397
2317	2371
368	538
1707	1772
3654	3930
107	596
2039	2199
2324	2556
1981	2199
1721	1724
2274	2415
2890	3047
2999	3253
1399	1799
2408	2409
1912	2432
3142	3213
1428	1624
2777	3433
864	884
3900	3906
3577	3693
2837	3231
1210	1300
2095	2477
3036	3364
1509	1584
107	996
1684	3035
1051	1630
438	521
967	1146
597	653
1243	1791
2090	2266
1794	1807
2372	2555
25	185
107	1613
2212	2329
925	1049
3032	3256
1574	1679
2005	2229
438	634
2122	2229
1509	1590
993	1608
995	1419
914	1052
2973	3434
1117	1447
2292	2509
957	1257
934	1730
1604	1622
3539	3904
3187	3408
2069	2369
1082	1345
1135	1867
173	549
3523	3639
1207	1584
2206	2492
2218	2237
2072	2479
2323	2546
2359	2376
1953	2604
517	537
26	66
3049	3296
1282	1824
1947	2394
1298	1345
2334	2347
1173	1768
3343	3411
425	428
2308	2370
372	530
1379	1475
3002	3323
2153	2282
2958	3009
2970	3132
404	487
3836	3899
1102	1303
1663	1718
1685	1746
3232	3284
3553	3599
1931	1973
920	1182
2199	2399
1336	1370
2174	2264
1092	1589
2800	2815
1431	1665
938	1452
915	1294
1954	2072
1440	1780
3490	3682
2376	2590
780	834
590	612
2133	2491
1017	1741
1962	2060
2331	2485
2003	2384
2030	2504
2741	3257
3113	3132
363	591
2757	3149
2133	2169
1684	3085
2726	3114
1523	1532
1943	2573
3191	3359
1936	2562
1800	1810
2064	2646
2345	2379
982	1199
2925	3195
1645	1744
2037	2433
1986	2391
487	556
2241	2344
1160	1835
2661	2790
2037	2271
1460	1765
2867	3054
2563	2607
1269	1439
2308	2352
1696	1814
1330	1535
2117	2475
1502	1850
2369	2532
1148	1647
1979	2410
1117	1663
1644	1717
2433	2550
1376	1622
1024	1752
2033	2278
136	2643
2337	2538
348	467
2728	3371
1070	1633
2064	2122
2055	2323
1052	1807
2162	2540
2510	2594
2876	3144
1360	1678
1117	1714
3506	3620
2775	3186
713	784
1612	1891
2430	2564
2863	3035
906	1600
2244	2552
897	1074
1066	1080
1966	2573
2989	3344
1591	1807
2176	2328
107	1755
2117	2610
3254	3343
2685	2724
584	616
2258	2521
3293	3394
1947	2072
1550	1628
1078	1331
366	503
350	543
387	465
1320	1844
1567	1687
2504	2575
1028	1597
2115	2500
1649	1742
492	559
1989	2460
1945	2533
2282	2472
3102	3201
428	962
1051	1472
957	981
1994	2153
2451	2589
2725	2818
2073	2244
1941	2059
2910	3232
1078	1255
1367	1833
917	1848
118	161
1083	1185
2336	2366
1085	3525
2753	2973
1411	1540
1390	1530
424	516
1338	1630
1242	1416
544	553
2132	2458
1669	1707
1204	1261
2218	2229
1925	2271
1141	1236
1684	3162
617	644
2083	2363
2976	3111
107	1303
107	1367
1918	2043
917	1216
107	1866
1064	1212
471	567
1622	1839
1515	1649
2674	3416
2018	2192
2275	2423
452	470
1177	1403
26	265
2828	2992
1283	1911
3586	3760
2872	2916
395	604
2398	2463
2756	3029
3440	3797
946	1839
2069	2131
2154	2326
2663	2888
2174	2325
1123	1639
2220	2428
1079	1589
3657	3892
107	985
1282	1451
0	346
3277	3381
2043	2131
1033	1908
2826	3211
3189	3406
2598	2653
981	1691
2935	3012
2032	2038
2112	2553
3040	3108
946	966
2376	2607
1163	1456
2716	2828
2058	2086
107	1378
2271	2290
2199	2603
1205	1584
2104	2356
67	203
2114	2231
412	560
3772	3950
1352	1816
3487	3925
2090	2638
2001	2025
2352	2575
3568	3914
1390	1717
3140	3255
2064	2276
1078	1185
1954	2176
3486	3855
361	562
526	968
2400	2531
2068	2472
2047	2273
2072	2189
3014	3149
434	456
1037	1630
1983	2150
1993	2334
2862	3174
1250	1376
3669	3864
404	506
3545	3737
2188	2300
3694	3867
3503	3838
1945	2087
960	1086
2007	2560
3010	3231
2033	2381
3506	3822
2078	2184
2020	2253
2757	3022
1097	1568
2071	2592
465	580
1083	1285
2002	2582
705	824
1181	1613
2728	3410
1983	2386
2436	2451
0	190
2374	2624
1086	1835
3485	3488
3751	3923
1160	1280
2072	2294
2866	2891
1199	1289
381	389
1684	3401
2068	2417
2149	2399
1432	1875
2267	2642
1656	3165
2627	2640
1612	1823
2931	3137
107	1328
142	280
392	560
2118	2549
2088	2601
1153	1542
1124	1810
56	272
1459	1903
376	586
2992	3344
941	1820
2122	2200
1938	2430
3035	3296
1004	1795
1124	1420
1954	2327
2327	2451
2118	2561
2223	2635
408	465
1344	1816
2131	2278
372	568
993	1409
2844	2881
1256	1637
2418	2590
2037	2601
651	1536
3437	3478
497	526
2429	2590
2115	2549
2419	2516
1184	1621
1613	1821
2307	2574
2279	2471
1609	1665
2200	2354
396	474
1327	1858
3503	3930
1962	2324
1912	2623
277	304
1367	1584
538	559
3495	3687
2045	2309
2318	2557
2011	2645
2002	2282
2495	2619
2361	2448
1938	2624
1684	2781
949	1348
3542	3687
2090	2586
3319	3321
1339	1735
3046	3212
2712	3188
1079	1816
2150	2276
2833	2939
1416	1431
2956	2988
896	1595
947	1614
2052	2132
2346	2636
3501	3625
3345	3360
2567	2617
2787	2863
1684	2758
2148	2463
3288	3313
2125	2519
1584	1595
2946	3380
1966	2131
2392	2543
1271	1879
592	626
2121	2172
2464	2590
2327	2463
1929	2593
2261	2369
2536	2619
2304	2389
415	463
2384	2491
2069	2499
1116	1688
1156	1685
954	1018
2111	2128
1125	1285
2674	2833
363	373
1578	1691
2872	3226
2559	2630
1946	2404
1467	1843
2308	2423
0	296
2030	2574
2829	3177
1113	1549
2508	2598
1912	2369
265	325
2087	2555
3198	3291
1387	1726
1024	1614
925	1323
946	960
2560	2630
3070	3434
934	1048
1684	2968
353	1313
2951	3171
2507	2578
2551	2623
1454	1824
3142	3195
2135	2643
2087	2315
2049	2403
434	591
1746	1877
2674	3351
2669	2745
953	1156
2243	2511
2825	3177
1678	1717
2835	2986
2810	2839
2179	2485
1341	1804
2072	2434
1287	1833
2460	2553
1940	2102
2278	2348
1107	1721
1112	1416
2943	3220
2106	2421
2067	2449
1506	1512
2212	2561
1388	1589
694	772
1939	2377
1113	1122
532	572
2506	2551
389	469
3822	3900
3517	3830
107	1460
1551	1833
2328	2475
1611	1716
3038	3320
511	561
0	233
1605	1714
107	1546
1912	2085
2078	2408
1068	1660
1218	1889
483	917
687	805
2858	2898
2282	2463
2136	2172
2156	2360
3786	3810
1935	2658
2120	2313
2274	2377
917	1824
600	650
1305	1656
1557	1644
2235	2491
2126	2152
2237	2615
2199	2438
53	204
968	1172
2053	2438
1341	1584
1181	1662
2773	2873
2104	2348
2276	2492
1191	1811
48	322
1577	2592
2063	2560
1243	1637
1323	1609
2839	3104
1528	1637
2112	2624
1059	1532
1959	2063
400	544
107	1838
2241	2302
2144	2555
2747	2865
2381	2549
1042	1876
3009	3279
2409	2559
1219	1793
1493	1798
2111	2241
2508	2511
1916	1947
1205	1377
1102	1396
698	719
2139	2489
2756	2929
2381	2550
1040	1289
107	1316
967	1352
2506	2619
2153	2472
1995	2647
414	590
3437	3717
2887	3114
916	1199
2239	2458
2369	2495
2661	2770
3051	3204
941	1032
3830	3962
2026	2396
1702	1858
1049	1393
1399	1663
1663	1799
575	579
1003	1724
1124	1184
703	759
107	902
2324	2593
3468	3532
2778	3261
2159	2364
921	1195
1052	1428
1166	1324
1068	1832
101	266
1344	1710
3022	3026
1006	1153
3366	3379
1994	2183
2043	2306
1026	1768
418	504
3002	3051
2567	2589
2676	2911
2328	2461
1984	2428
2399	2471
1170	1742
3596	3880
2240	2353
2901	3378
3590	3636
2853	3016
517	566
107	1240
2719	3145
995	1323
2078	2324
3684	3966
3024	3160
1104	1448
2037	2184
2232	2543
1446	1695
348	498
3111	3253
368	375
1987	2510
107	1263
1584	1813
2287	2446
2426	2513
1932	2117
1918	2601
2712	2778
1983	2526
3448	3491
2026	2087
3604	3800
3115	3419
580	1300
1939	2062
2327	2417
1030	1197
2315	2319
2276	2395
2007	2643
1085	3540
1104	1115
2887	3400
1204	1322
1570	1761
3298	3381
421	457
636	666
1938	2122
3586	3734
2247	2282
2218	2504
2323	2552
1075	1416
2075	2384
1391	1799
1993	2604
3651	3828
1636	1680
2793	3212
1214	1712
1140	1317
2288	2300
1707	1737
412	488
1163	1832
2785	3272
3344	3406
94	249
2046	2220
1007	1067
3185	3272
967	1603
2068	2144
3035	3351
1339	1608
3511	3821
1929	2630
2743	2867
3463	3680
1289	1632
479	513
1925	1946
1941	2111
1165	1384
1912	2334
348	455
1984	2602
2289	2616
1813	1864
2291	2453
595	670
1003	1352
1941	2293
1101	1900
1747	1787
2398	2582
2206	2408
2142	2290
2124	2478
804	888
2685	3081
152	275
2495	2520
1420	1765
2062	2221
459	518
3449	3830
1175	1485
1523	1780
3188	3434
1112	1688
2118	2369
1721	1819
3596	3948
3274	3320
397	485
1994	2597
3752	3945
2464	2467
1099	1396
932	1517
1985	2139
2274	2509
1950	2626
107	1884
2020	2542
1947	2279
2906	2925
1557	1589
2468	2604
136	2247
2720	3009
2509	2511
2866	2928
2810	3000
1037	1296
3049	3070
3750	3938
1465	2598
6	89
2084	2229
3646	3763
2154	2611
1199	1376
313	325
3150	3188
1472	1783
1584	1604
2253	2485
1338	1703
1947	2451
1931	2022
2003	2396
2384	2529
1222	1389
2188	2276
2327	2351
2220	2347
1986	2549
822	829
463	542
1591	1680
1584	1823
3086	3233
2338	2597
3495	3586
2469	2586
2144	2436
2564	2573
1026	1775
1287	1867
2353	2625
2267	2336
1019	1899
2312	2529
2078	2306
978	1243
1577	2389
397	544
997	1610
2896	3324
2278	2615
942	1316
1709	1725
1016	1218
1232	1548
2241	2555
2052	2068
1538	1714
1211	1652
1684	2797
3211	3215
2847	3307
2552	2564
1052	1620
2869	3169
1912	1978
1029	1537
2477	2526
2327	2398
2816	2843
2055	2414
2705	3129
2825	3075
3195	3250
805	837
399	501
489	547
1684	3100
924	1781
1551	1826
3342	3391
1993	2299
787	814
3212	3299
107	1451
1941	1994
2862	3022
3013	3260
1322	1873
1017	1128
1943	2188
1469	1472
1821	1839
3558	3794
1341	1437
1960	2152
980	1182
3455	3815
2241	2617
1962	2624
353	1790
3119	3387
3392	3426
1991	2171
3023	3052
1994	2347
1101	1420
3026	3119
3231	3317
2674	3316
1382	1786
2218	2521
3687	3762
3437	3607
373	604
2958	3079
2347	2611
2266	2329
578	632
1238	1620
1467	1782
1336	1619
1966	2468
1415	1496
1737	1810
2032	2246
363	385
3684	3831
957	1158
3335	3419
2720	3291
949	1415
428	513
2267	2502
3547	3677
516	563
1232	1378
2838	3003
688	723
2077	2624
392	503
1291	1752
2104	2467
1916	2241
2294	2498
2757	3004
1985	2348
1999	2583
2274	2434
526	1344
1367	1741
1666	3258
2003	2132
2410	2590
2148	2516
1124	1341
1260	1275
566	567
1689	1799
2077	2307
3475	3501
1589	1765
2037	2188
1689	1735
1288	1598
1946	2073
606	1179
2492	2654
2346	2640
2839	2913
632	661
3701	3965
1998	2585
493	560
238	324
2250	2319
2124	2607
2850	2943
2870	3406
1795	1867
1577	2176
108	284
3906	3976
3222	3263
2512	2629
2078	2261
1522	1528
2128	2143
1192	1426
2703	2982
460	515
2031	2066
2877	2986
2200	2206
1927	2346
1037	1109
3593	3829
374	414
158	291
2133	2151
434	580
1945	2282
1929	2591
2947	2962
2093	2623
1939	2101
967	1717
2356	2615
2590	2619
3243	3293
1505	1758
431	537
3177	3291
2134	2283
1010	1785
2059	2084
1620	1789
2112	2590
439	566
742	829
1772	1791
3196	3256
3120	3381
1948	2138
1983	2172
2959	3309
3061	3405
3534	3825
1391	1839
958	1371
2007	2458
960	1024
3577	3692
2717	2754
2091	2173
1921	2143
1360	1687
1211	1267
1462	1884
1017	1516
1452	1568
3072	3353
3711	3784
2300	2347
2097	2640
1926	2283
995	1620
1966	2564
3757	3975
2348	2607
2005	2376
1040	1256
978	1391
2028	2582
3177	3366
959	1201
1003	1662
361	519
2055	2302
2386	2602
1456	1608
1970	2081
1984	2526
1085	1494
2474	2628
3834	3881
3437	3858
1283	1411
2059	2216
1361	1891
3456	3971
1009	1036
1912	2187
1377	1888
1238	1619
1237	1512
3339	3400
2896	3228
1544	1585
3491	3788
1948	2026
483	557
952	1757
2428	2500
2331	2334
38	248
3499	3534
2052	2399
2683	2890
2063	2307
916	1047
394	513
1390	1888
2777	2864
2194	2475
2359	2370
67	290
272	297
1577	2071
1156	1652
2235	2328
2748	3089
2492	2638
1973	2659
2936	3160
2174	2608
1350	1578
1403	1499
2191	2282
1971	2363
2864	3135
3636	3710
2121	2469
2818	2946
2353	2370
1845	1864
2359	2506
3236	3385
2325	2525
432	475
988	1322
1390	1877
1187	1698
1449	1757
353	1574
1462	1611
723	828
1344	1669
3162	3412
1912	2418
2202	2364
2992	3288
2927	3284
1516	1613
1920	2508
2092	2189
3506	3924
2507	2590
982	1302
3994	4009
2694	3022
2150	2339
1989	2201
2719	3381
56	141
2313	2448
942	1020
1199	1269
1457	1826
2224	2508
2133	2282
2088	2546
1086	1750
1283	1421
456	496
3440	3495
2060	2200
1619	1888
1610	1886
2078	2340
1156	1610
2007	2617
127	159
1083	1722
1402	1447
1582	1728
412	506
2716	3051
2436	2491
2052	2616
2428	2495
2240	2253
2754	2960
2183	2468
1704	1894
1146	1323
2772	3296
2058	2118
1768	1799
1298	1426
1271	1288
2956	3078
1985	2512
1528	1563
1256	1791
1993	2578
3188	3265
136	2032
3604	3962
1947	2235
198	549
107	1635
3460	3529
1229	1812
3667	3962
2407	2553
1356	1443
1003	1184
2911	3387
2738	2741
107	1024
1284	1591
598	630
2880	3064
2323	2352
1160	1826
2819	3280
1339	1833
1948	2472
1376	1612
2123	2352
2433	2552
3980	3987
2065	2462
776	873
3591	3794
1451	1871
159	197
3054	3096
3528	3681
2674	3297
921	1323
1144	1360
1973	2627
2199	2252
1583	1786
1124	1735
75	272
700	795
1964	2589
1250	1623
473	525
2054	2642
1979	2359
2827	3098
1128	1819
3145	3419
3553	3598
2235	2332
2328	2510
947	1086
9	25
614	645
2718	2883
2112	2359
2946	3124
1161	1858
1584	1807
2068	2319
2974	3023
2425	2525
2331	2560
2445	2526
1004	1819
3098	3149
2271	2561
942	1732
1684	2820
72	298
2666	2912
1794	1894
2033	2553
967	1334
1684	3305
3214	3219
1049	1603
2272	2540
724	738
1684	2889
483	1392
1130	1460
483	591
2839	2907
2307	2559
1402	1800
3455	3636
1945	2461
2669	3426
3338	3425
414	627
1684	3287
971	1241
3764	3767
1083	1352
374	444
2030	2590
2101	2274
1971	2578
2754	3085
2043	2391
1427	1565
1334	1818
1971	2123
1929	2553
2088	2237
1125	1839
2446	2602
2174	2285
313	314
1589	1668
3357	3360
107	1408
2076	2401
2252	2294
942	1751
1059	1819
906	1243
1376	1789
3705	3906
392	423
1465	2132
1684	3337
1923	2581
1608	1643
2111	2198
2887	3119
75	85
1261	1729
988	1720
3584	3904
3035	3150
2682	3019
25	336
2890	3042
2292	2315
2429	2646
2787	3403
0	342
2383	2429
1938	2607
2799	3053
2347	2567
2216	2625
3102	3150
2930	3372
1954	2538
686	836
1175	1291
1920	2285
3505	3598
1456	1619
2978	3139
2810	2988
2093	2446
3510	3554
687	838
2919	3108
2757	3098
3980	3981
2683	2738
1017	1456
3437	3828
2951	3020
3082	3316
96	224
2324	2363
3035	3320
733	786
1331	1707
1953	1993
1914	1919
1129	1413
1416	1752
3315	3362
1580	1665
3072	3086
1340	1416
2138	2232
2374	2579
1009	1691
3437	3510
416	430
2468	2520
1074	1470
2445	2598
2669	2705
1290	1522
1684	2924
1195	1835
2289	2525
1958	2640
1153	1604
484	514
3540	3842
186	199
2231	2341
29	231
2098	2395
2071	2543
1508	1729
2220	2331
369	397
2323	2601
25	323
3545	3926
3625	3948
2465	2543
538	1349
1940	2295
2187	2351
1001	1427
2088	2504
3543	3576
2351	2533
2845	3403
1272	1520
2298	2516
1142	1645
1971	2308
1054	1600
3521	3698
2087	2508
2795	3385
2661	3201
1472	1504
1993	2326
2684	3060
2233	2258
3038	3434
2224	2491
606	1086
2916	2985
1516	1600
1626	1851
2020	2410
2083	2601
2237	2381
3799	3844
107	1484
3030	3231
2124	2326
2327	2438
924	1109
2956	3232
2356	2578
2073	2276
2275	2429
78	275
1983	2369
3558	3786
2910	3364
2154	2165
3263	3266
3280	3306
653	672
2233	2646
1938	2324
1917	2532
1107	1810
2064	2154
2673	3426
1175	1305
1017	1059
2188	2220
2060	2323
2216	2339
2950	3107
2111	2509
2007	2102
1662	1750
3481	3919
973	1561
1652	1879
1926	2127
3261	3378
2294	2451
23	155
2861	3122
686	771
1238	1584
1587	1893
2348	2464
1606	1645
2309	2590
932	1329
2693	2802
2216	2607
3525	3962
2054	2279
2212	2404
1086	1391
858	881
1376	1888
980	1902
1243	1530
3014	3026
1926	2406
2506	2576
1230	1540
2396	2465
2956	3123
2928	3010
1846	1883
2679	2960
1211	1341
3034	3072
2172	2507
1807	1885
2278	2631
2112	2504
629	1850
3055	3147
2414	2506
1943	2607
1066	1309
2585	2626
271	342
2257	2504
2183	2394
2137	2594
1925	2229
1580	1746
1159	1481
921	1369
1983	2615
2462	2611
2871	3189
458	470
1730	1886
1471	1821
1989	2414
2088	2307
1184	1867
3275	3327
519	548
1330	1471
2250	2461
1377	1608
1390	1488
2140	2257
3088	3272
1423	1903
2598	2608
2394	2451
2118	2237
2409	2521
1180	1793
1125	1823
1163	1271
3809	3920
2909	3033
1028	1467
108	159
107	428
928	1174
222	238
1920	2465
2007	2328
2777	3064
2178	2316
2286	2335
2299	2590
2115	2543
2446	2484
2239	2597
2153	2315
3593	3818
2240	2485
957	1284
2027	2284
1986	2077
1826	1868
1563	1839
3046	3188
2666	3084
2751	3380
363	1080
3137	3166
2989	3046
1076	1491
2139	2539
1076	1242
1101	1390
1471	1589
2154	2638
3437	3834
1305	1440
2839	3284
107	1363
2892	3207
2404	2604
3549	3624
2548	2558
1125	1589
504	528
3437	3715
497	513
779	807
1377	1851
2028	2643
2271	2601
1535	1842
1912	1929
2032	2498
2848	2901
2015	2156
3737	3884
1124	1580
2739	3062
1337	1865
1149	1683
2282	2547
2197	2659
3437	3953
107	1530
676	683
402	458
2392	2593
1083	1107
2102	2305
997	1146
1126	1467
1993	2311
2386	2482
2351	2555
2132	2333
1692	1763
2915	3363
978	980
953	1173
1503	1828
1339	1375
2244	2489
947	1589
1107	1730
1912	2386
1918	2625
107	936
2880	3085
1048	1553
2661	3360
2331	2550
2237	2309
3672	3938
3731	3902
2000	2435
1617	1707
930	962
98	315
2117	2465
1947	2110
2103	2233
1405	3295
2068	2305
1288	1390
1329	1551
1125	1289
1589	1632
1125	1390
1059	1185
966	1380
3084	3119
1964	2174
2138	2325
1079	1431
1017	1617
2228	2316
3299	3351
2160	2260
2033	2172
3727	3745
2191	2649
1923	2141
2720	3386
3677	3684
3046	3146
1156	1603
573	685
436	651
1199	1330
2750	3234
1006	1376
1943	2600
2172	2414
3076	3199
385	507
2253	2278
3062	3154
1318	1625
2849	2901
1557	1707
2463	2508
2112	2550
2786	3104
2241	2594
2326	2499
1376	1513
1126	1843
2131	2462
1642	1670
974	1366
388	487
1617	1789
56	297
3124	3205
1955	2254
2072	2438
3068	3415
1426	1859
1298	1448
1491	1584
1985	2428
2032	2416
2716	3360
3281	3378
2039	2463
1180	1222
1605	1898
1132	1559
1940	2247
946	1330
3148	3242
2184	2624
1964	2498
158	304
414	658
573	654
1018	1479
2142	2501
3759	3774
705	720
1528	1685
2724	2730
1983	2586
3519	3579
431	556
2625	2654
1985	2319
2054	2603
2244	2625
2221	2641
109	285
2992	3416
2200	2212
1945	2191
2127	2133
2149	2529
2293	2510
1966	2433
2935	3072
2324	2506
3445	3868
3002	3295
2319	2347
1205	1207
3645	3941
2507	2552
588	682
2909	2960
3097	3157
2237	2446
2073	2615
2731	3231
1916	2475
1912	2591
1245	1382
637	1018
2181	2644
2140	2311
1431	1816
2985	3174
3034	3403
2121	2307
1128	1600
2224	2295
2226	2310
1348	1529
3082	3330
2139	2348
3702	3824
1986	2520
1717	1819
1964	2023
2307	2625
3077	3285
2087	2289
1502	1706
2663	3084
917	1893
3065	3387
1235	1413
2696	3248
2302	2315
107	1875
2877	2911
2043	2190
1475	1636
1975	2397
389	1473
2966	3195
2028	2512
1750	1867
2184	2266
431	482
2102	2491
1921	1951
2102	2471
1975	2286
1927	2365
1271	1370
1644	1800
2484	2593
2498	2509
1912	1999
641	1179
1991	2001
2320	2401
1334	1509
3081	3259
2371	2540
998	1173
1684	3165
2030	2409
1125	1668
2280	2635
2638	2654
107	1235
2271	2395
1070	1303
3577	3604
2731	3137
1945	2516
1994	2512
2253	2407
2683	3394
514	580
203	308
2927	3026
2847	3255
3239	3330
2319	2592
1684	2992
2210	2526
991	1701
1684	3127
25	199
2118	2551
1416	1584
1109	1428
947	1269
1478	1831
1986	2339
3162	3346
1416	1530
3111	3150
1426	1479
2318	2642
2198	2332
1131	1169
2047	2629
2209	2211
2326	2607
1367	1613
2309	2386
1926	2367
2521	2556
2526	2553
3437	3920
1474	1840
3693	3938
3222	3278
2666	3250
378	456
1070	1876
2354	2407
2619	2654
2142	2428
2083	2095
2002	2111
1279	1298
2143	2365
1632	1653
1979	2069
1985	2354
211	238
1964	1965
3157	3327
1311	1783
2854	3184
2781	3214
483	1692
1329	1420
1682	1715
1338	1472
1469	1507
2084	2615
1283	1863
3206	3434
2664	2698
3275	3385
1858	1863
2326	2638
2117	2279
983	1238
2032	2224
1129	1720
2756	3104
2500	2542
3149	3339
2404	2564
1135	1269
3540	3760
3437	3745
2679	3293
1352	1612
2911	3078
3996	4002
2951	3344
2866	2966
2712	2950
2761	3303
2043	2395
119	146
414	644
1238	1665
1684	3216
1918	2112
1966	2476
2742	3360
927	1405
1126	1819
3604	3926
3005	3342
2042	2649
727	828
2447	2585
2059	2220
1447	1663
2560	2564
2131	2381
3224	3391
2020	2462
3488	3687
953	1222
1943	2543
3505	3521
171	1387
2981	3036
2131	2369
107	1172
2203	2355
2583	2657
2665	3259
2563	2601
1104	1229
2306	2352
2795	3307
2213	2521
2176	2254
2124	2220
3324	3414
1976	1991
2038	2242
2129	2236
3506	3958
1488	1717
389	1496
1048	1754
3659	3930
2951	2955
1728	1872
2633	2658
2867	2946
1912	2065
713	814
1063	1069
107	1331
2109	2624
3662	3905
1390	1799
3449	3943
2908	2960
2118	2184
873	874
107	1064
3022	3098
1444	1569
1979	2179
3658	3756
2118	2140
3764	3931
2593	2604
1523	1723
2630	2655
2068	2249
24	346
1238	1849
630	644
916	1289
1257	1587
1663	1752
107	1876
3019	3359
925	1730
377	383
1182	1639
3483	3937
1367	1377
2556	2573
2213	2563
1700	1707
2280	2501
2118	2492
2299	2430
2512	2520
1132	1610
2102	2582
960	1447
2892	3233
439	553
1272	1405
1642	3201
3117	3304
641	1606
2037	2240
2243	2344
2074	2261
2673	2864
3938	3968
1816	1888
1684	2750
2339	2560
2464	2578
1127	1785
687	820
2268	2385
2278	2464
2563	2615
927	1460
2199	2384
3535	3623
104	344
1192	1596
107	1402
1047	1730
2166	2405
1943	2278
3137	3231
2063	2407
1772	1849
1390	1823
1024	1339
2087	2616
2720	2868
1992	2170
1135	1612
3454	3861
2077	2550
1230	1833
3521	3573
1018	1661
2090	2408
3047	3226
2056	2499
1940	2533
2874	3387
1448	1857
2121	2240
419	567
1965	2049
1559	1891
1684	3220
2755	3108
67	342
1591	1857
107	1149
1533	1568
2973	3046
3113	3204
1373	1573
2907	3073
484	968
1172	1823
1104	1873
2430	2542
1373	1703
784	810
2913	2969
2142	2551
1271	1449
2349	2490
3680	3711
3067	3157
1954	2174
2499	2559
2179	2563
696	823
3644	3685
995	1447
695	777
1211	1351
2664	2755
3272	3274
2978	3392
3743	3868
1025	1545
2028	2279
1303	1595
3649	3830
184	346
2059	2410
3501	3971
2781	2901
25	325
1345	1495
805	842
368	462
1285	1868
2020	2142
1285	1898
1379	1899
25	148
980	1422
2240	2307
2299	2520
1926	2101
1261	1583
2224	2498
3677	3712
2059	2485
3437	3707
2069	2184
2875	3386
2328	2377
1280	1456
2687	3194
3598	3698
1184	1185
1684	3088
392	514
2946	3065
2063	2611
2239	2247
970	1567
1941	2609
2458	2511
1250	1707
435	459
745	751
3038	3152
2853	3347
1377	1816
57	213
3782	3818
2994	3078
1683	1789
2127	2491
2150	2646
2835	2864
2741	3417
2087	2649
1613	1796
2002	2279
985	1127
2464	2593
2477	2638
2661	3115
2232	2598
3692	3830
2370	2630
2206	2433
2165	2500
993	1559
2068	2458
1954	2068
2138	2336
916	1752
26	325
2376	2391
1938	2392
538	1313
2738	3137
1071	1253
1863	1879
2189	2334
3438	3540
1169	1482
966	1717
770	772
1066	1732
1557	1653
130	300
1547	1623
1152	1473
637	1543
956	1403
1732	1828
2276	2485
1075	1877
1434	1564
2333	2616
3926	3971
1983	2561
651	1645
2700	2812
1318	1870
1941	2575
2423	2574
2664	3098
452	521
596	1235
3455	3827
2869	3145
1296	1385
947	1059
2839	2944
1215	1587
2191	2420
934	1637
2945	3363
1048	1230
764	797
896	1231
902	1611
1589	1813
2943	3228
2327	2516
3596	3780
1341	1420
1470	1813
957	1322
483	1654
2212	2229
3172	3287
2950	3360
1035	1296
1684	3015
348	421
423	538
2095	2275
1983	2200
2028	2333
2123	2244
1400	1645
1277	1635
2086	2257
909	1197
2782	3142
147	219
2690	3100
3040	3117
632	659
3578	3828
1330	1609
388	438
1623	1795
1551	1559
1192	1413
1614	1867
483	942
2058	2331
997	1447
2244	2521
1345	1636
3437	3487
1376	1765
1006	1839
1129	1576
1964	2448
1184	1456
1173	1620
2482	2526
1188	1259
2118	2339
408	484
3442	3526
1156	1172
1212	1425
2078	2326
978	1612
2307	2504
2702	2739
1230	1621
2104	2600
2127	2588
686	688
1948	2643
2346	2658
2366	2367
2138	2398
1047	1509
1041	1109
2154	2507
431	465
1962	2408
1941	2007
1047	1559
2920	3232
2115	2625
2213	2484
2032	2592
2666	3078
2299	2542
1779	1905
2921	3002
1184	1827
3542	3628
970	1073
2172	2212
1112	1799
2285	2461
1923	2209
1912	2031
3495	3851
2805	3012
107	348
2115	2395
3049	3179
1390	1598
1460	1470
1178	1758
2220	2492
1509	1612
2539	2625
2698	3234
101	317
119	252
3718	3793
3095	3137
1352	1377
1104	1381
2124	2579
1984	2308
3469	3825
1912	2572
1447	1723
2141	2176
2877	2906
1719	1847
1390	1617
954	1227
2477	2495
2083	2593
1336	1604
2841	2858
2468	2611
1375	1750
2741	2873
2590	2654
2266	2579
1614	1730
3794	3855
2840	3185
1288	1717
3437	3940
3591	3714
767	796
2150	2258
1024	1488
2410	2601
1569	1709
2775	3168
1584	1643
1684	3276
2687	3013
2994	3362
2250	2471
2969	3033
107	1502
1684	2839
1983	2477
2111	2491
1446	1790
2271	2560
1960	2105
359	474
1914	2006
1457	1621
2235	2282
823	838
1684	3054
2069	2578
3620	3714
3247	3344
1409	1571
2932	3337
348	416
3107	3291
1976	2365
2154	2590
703	845
2104	2477
1918	2233
213	272
2053	2132
2987	3026
2664	2866
2937	2995
2043	2136
2138	2273
2112	2131
971	1273
2220	2278
3116	3332
1714	1746
188	223
1024	1598
1951	2648
2104	2216
203	304
962	1487
2200	2462
718	719
2913	3096
3821	3931
2129	2313
1953	2257
1205	1470
1113	1332
1993	2033
3034	3101
3683	3944
934	1522
2777	2988
1912	2497
1173	1559
2553	2561
1036	1862
348	388
2460	2506
40	307
947	1888
1075	1557
1917	2074
449	563
1004	1199
2477	2590
927	980
119	239
2886	3310
997	1793
2077	2495
107	897
1715	1884
2046	2482
946	1402
2962	3302
962	1235
3112	3422
713	850
3623	3906
2369	2477
1490	1631
3527	3800
2833	3150
3099	3349
3214	3365
2381	2552
2271	2564
2054	2249
2473	2597
1125	1799
2732	2902
1019	1426
2683	2773
2073	2631
3005	3185
3774	3910
2059	2552
1391	1800
2339	2506
1947	2243
1684	2670
1221	1277
916	1580
363	493
376	542
1985	2489
1221	1904
959	1285
1179	1882
2108	2150
3449	3456
2101	2598
1269	1823
2140	2190
1598	1843
460	543
1381	1573
2047	2612
1199	1291
1621	1902
412	526
1040	1409
1947	2133
422	474
2001	2346
2793	3038
2812	2818
171	3003
1919	2202
1001	1692
412	525
1925	2150
2389	2400
2058	2131
1320	1565
3002	3176
1343	1425
2333	2461
1123	1668
2261	2376
927	1765
1927	2660
1173	1460
2661	3198
1983	2631
953	1160
952	1810
3501	3873
2142	2520
2699	3309
1163	1617
921	995
925	1710
637	1595
353	561
3542	3545
245	259
2109	2329
2261	2499
1211	1409
966	1256
2261	2339
1199	1302
944	1756
927	1255
3728	3862
2250	2368
1246	1482
2006	2378
896	1021
374	525
917	1081
2500	2625
3526	3840
3851	3966
2376	2561
374	475
980	1199
1983	2118
2950	3320
1468	1733
896	1148
2198	2518
1168	1667
2033	2131
376	465
444	487
2115	2408
1932	2189
2240	2271
2742	2828
921	934
1953	2323
964	1311
2117	2264
2289	2512
2506	2579
1985	2550
600	640
1918	2271
1388	1604
2276	2526
2064	2369
2190	2560
2970	3115
1684	2916
1130	1376
1112	1752
897	1768
1444	1536
2273	2343
3675	3757
1429	1729
2689	3284
1426	1578
1261	1732
1684	3246
370	412
2169	2516
2985	3226
615	670
1370	1598
924	1304
2047	2322
2755	2905
3116	3267
1971	2307
2213	2409
2354	2551
2336	2508
1513	1835
80	242
3456	3654
2138	2151
953	993
3350	3355
932	1898
1399	1768
2785	2849
394	515
2064	2469
580	1543
1947	2169
1559	1811
2543	2611
1477	1792
2030	2543
2201	2477
2077	2619
3107	3288
1391	1467
1085	1866
1488	1707
2108	2500
567	610
360	365
2765	2970
1515	1636
395	414
2352	2549
2300	2542
2081	2415
2174	2616
1618	1718
2384	2509
107	1246
1086	1463
1086	1456
2104	2122
2063	2381
2669	2872
1684	3172
2142	2340
2292	2512
1017	1530
2348	2468
2042	2194
1995	2006
2845	3172
713	736
26	271
2951	3077
1488	1712
290	342
1684	3149
1399	1662
2104	2339
1919	2192
1471	1683
14	116
50	314
2216	2464
1557	1603
2151	2294
1598	1902
1941	2247
2191	2471
3991	4031
1798	1837
930	1332
980	1570
3509	3909
1291	1471
2742	3330
2853	3351
1951	2297
1918	2124
1925	1979
1987	2174
1438	1899
2413	2616
2131	2550
1940	2087
2129	2488
1185	1659
946	1059
107	932
3191	3434
2448	2644
1945	2635
1329	1868
107	1243
2108	2253
1297	1387
1993	2240
1351	1516
1925	2056
2151	2246
1684	3297
906	1861
2117	2496
3824	3926
2737	2796
947	1449
2398	2542
1413	1596
2363	2646
2873	3090
837	840
1912	2356
1557	1886
2073	2404
3495	3930
2007	2383
1997	2352
526	1128
1192	1227
3755	3971
567	591
884	893
913	1238
1115	1432
2183	2653
1129	1404
1925	2376
942	984
3086	3420
3038	3353
14	151
1380	1707
2786	3394
1920	2191
1471	1675
2425	2480
1761	1800
2994	3040
1322	1432
2329	2507
1591	1691
1113	1882
88	130
2494	2648
2680	3387
959	1153
1712	1791
2539	2550
2823	3060
1997	2172
3437	3515
1912	2092
3599	3710
2046	2655
2323	2611
456	561
1444	1876
186	345
2209	2610
1242	1746
1227	1872
1940	2133
2252	2282
1917	2623
2666	2956
635	640
2093	2308
3568	3623
1006	1017
1086	1761
1943	2339
1195	1590
3437	3671
2815	3078
580	637
2482	2561
1147	1435
1260	1304
3756	3828
2833	3355
2495	2604
1388	1864
968	1054
2153	2196
2140	2233
212	298
1004	1416
2109	2306
4004	4038
1100	1680
107	1062
975	1192
1912	2244
2778	3169
1509	1617
465	535
3457	3944
1684	3061
3545	3800
1406	1502
380	457
2399	2516
2118	2546
410	548
2165	2423
2870	3295
1571	1879
930	1122
1137	1216
697	805
2695	2943
2078	2201
2526	2551
791	818
2200	2376
2058	2121
3	200
483	1729
428	542
1512	1673
2489	2543
2328	2617
975	1292
1370	1879
2270	2610
712	782
641	1766
1290	1622
3542	3658
213	285
1925	2037
1165	1758
990	1505
503	511
2777	2872
524	565
1256	1665
1199	1707
696	774
1136	1410
2216	2340
1707	1741
898	942
966	1289
2546	2579
2669	2676
2927	2960
2207	2515
2803	3418
1255	1791
1173	1390
1185	1750
1557	1669
2226	2510
2464	2520
582	599
2060	2154
1684	3044
2033	2433
412	482
960	1707
394	517
2062	2125
3207	3223
1949	2126
1948	2336
953	1530
1959	2592
2905	3387
3437	3762
2276	2500
2501	2524
1039	1864
2750	3073
2116	2633
1662	1772
1666	1792
1502	1587
2273	2471
1172	1637
1938	2354
1947	2594
1204	1279
1390	1589
2299	2374
1182	1637
1376	1718
2045	2140
107	1068
2201	2290
1923	2205
430	484
2213	2407
1918	2536
2864	2867
1238	1409
1917	2495
3016	3144
1600	1861
2307	2500
2956	3104
659	661
3047	3064
3152	3201
1505	1552
718	764
2810	3236
1657	1776
2036	2211
1534	3265
1963	2098
2833	3277
1060	1426
1669	1761
1235	1903
1059	1683
2287	2376
211	265
3138	3152
1598	1823
1201	1570
2825	2989
3994	3996
2109	2409
1227	1587
1014	1406
3070	3265
1335	1810
107	1232
408	513
1007	1429
1983	2600
107	606
1048	1195
2156	2322
1598	1665
2165	2220
3462	3488
612	664
2460	2574
1292	1347
953	1717
1689	1750
2055	2329
107	1407
2287	2593
1056	1685
2048	2128
3485	3966
2187	2491
2549	2619
2831	2901
3838	3938
172	223
1079	1721
458	510
1275	1472
2229	2340
1941	2560
3437	3438
906	1175
2088	2381
1359	1557
2007	2330
2485	2630
1264	1725
1130	1849
1921	2640
107	1592
2292	2609
2073	2500
2206	2237
2112	2258
1925	2423
414	422
1380	1584
921	1185
1938	2495
1106	1248
2868	3242
3288	3419
1538	1662
2244	2507
2072	2199
1505	3079
1963	2354
1912	2112
2030	2489
1621	1842
2819	2904
1100	1459
484	1217
1742	1751
1684	3136
2888	3130
1256	1746
1125	1809
136	2203
922	1662
2174	2475
978	1255
107	1473
1014	1245
1938	2602
2347	2546
1164	1761
2208	2324
1352	1675
3534	3793
1102	1812
2786	2827
348	459
1971	2212
1041	1496
1376	1842
1390	1516
2849	3381
3737	3790
705	810
1962	2115
1496	1703
1979	2340
2001	2159
1925	2607
2149	2372
2129	2371
3722	3778
2778	3381
2154	2329
1557	1683
953	1280
2022	2640
2496	2567
2578	2624
2340	2359
1938	2370
357	469
1344	1375
946	1184
2224	2268
1971	2554
686	698
2179	2575
751	830
350	455
2669	3348
1739	1876
3761	3956
952	1707
363	514
1104	1742
2154	2556
3596	3838
591	651
2072	2510
512	561
2949	3083
2148	2571
2055	2550
368	378
1467	1805
934	1026
3078	3142
2184	2460
1761	1867
1099	1277
2153	2471
1685	1833
965	1299
1564	1675
408	430
1632	1867
1339	1557
1298	1475
2183	2475
1047	1330
2933	3020
781	794
2237	2462
3437	3949
1378	1548
1085	1088
2393	2449
2199	2203
3104	3294
1530	1810
1918	2507
2340	2561
3116	3150
1004	1128
978	1804
2386	2593
3009	3082
897	1863
1319	1798
2025	2225
2132	2183
2295	2642
1280	1813
1940	2319
2117	2537
1219	1553
947	1341
1726	3179
1136	1705
3077	3177
2434	2511
971	1794
3514	3730
3603	3756
3220	3362
1247	1273
2910	3348
2088	2646
2206	2631
1989	2253
1185	1367
127	281
2209	2226
2413	2531
976	1358
1965	2325
3077	3233
1718	2151
592	653
1352	1761
3019	3086
1557	1772
1201	1238
2689	2835
2717	3195
2049	2523
3034	3118
1946	2352
1448	1596
1101	1230
770	824
2262	2391
719	764
921	1471
1250	1293
2054	2328
3702	3790
2154	2489
2339	2549
2419	2493
2046	2631
1011	1169
1217	1473
1013	1777
2674	3397
2909	2940
2261	2638
2292	2332
2111	2496
2268	2336
1610	1753
2240	2492
2432	2509
2289	2343
1712	1761
2973	3212
1446	1616
3167	3385
764	787
2407	2423
1083	1559
2891	3237
1423	1884
1352	1750
1129	1573
2021	2179
2807	3130
1577	2282
1024	1471
1181	1707
107	1582
1918	2347
2993	3426
2960	3426
1210	1549
3140	3291
2694	2862
686	687
1643	1804
1988	2622
1577	2111
1086	1849
1391	1613
2172	2563
2970	3344
698	895
1979	2482
1603	1849
1501	1765
2319	2597
1339	1530
484	953
1376	1613
3480	3938
2912	3098
2306	2489
2229	2329
1257	1426
2289	2367
3471	3930
2047	2191
1138	1266
59	203
2267	2458
2097	2645
1528	1609
141	280
2030	2308
1126	1327
1953	1983
3013	3060
1135	1509
2309	2323
2005	2108
2662	2724
2137	2148
2324	2356
3690	3927
2989	3120
107	1828
0	102
3150	3330
107	1217
2078	2575
599	640
1392	1655
348	441
800	828
2760	3263
136	2660
1912	2290
2093	2495
2084	2526
414	585
2749	3220
1684	3081
2118	2386
1959	2068
2336	2458
1344	1689
2037	2086
916	967
1287	1516
1198	1340
3199	3330
2928	3384
3556	3693
1257	1635
3486	3569
1717	1868
2991	3146
3508	3644
3509	3826
2875	3280
705	724
1600	1768
1684	3244
1757	1835
1076	1833
2499	2536
2043	2104
119	217
3153	3229
2174	2247
3497	3804
3501	3797
3738	3945
2090	2575
1471	1757
2304	2368
970	1307
1149	1516
1269	1516
3577	3948
513	561
953	1083
107	929
450	539
1118	1363
1100	1279
3309	3314
3298	3306
3550	3968
2675	2932
2827	2877
2131	2600
2810	2994
2864	3417
1523	1683
2395	2543
559	580
2778	3120
3073	3232
1242	1714
2872	2877
1630	1709
1277	1284
1280	1842
2934	3275
423	517
1609	1730
2839	3000
695	853
2275	2306
805	838
2253	2484
3591	3680
1979	2404
2123	2124
1079	1810
1422	1808
1245	1848
1286	1583
1003	1416
2671	3077
2778	3298
53	302
578	647
2189	2351
1009	1596
3483	3617
3496	3520
2026	2567
2117	2420
1939	2125
2028	2502
2169	2629
376	634
1984	2150
1475	1661
1370	1793
2830	2992
420	507
2290	2340
2276	2311
3618	3851
2128	2151
1715	1728
134	238
2773	3014
583	658
445	500
2419	2475
1135	1146
2546	2564
3195	3348
1987	2199
1985	2131
3098	3339
2244	2600
2871	2881
499	532
1070	1275
2539	2600
2729	2786
925	1312
107	1419
1272	1485
3107	3421
1684	3259
1330	1488
1004	1752
2002	2588
1006	1341
2791	3088
136	2116
2392	2468
1139	1275
1465	2153
2586	2654
3445	3725
2295	2643
1086	1735
1335	1559
2926	3365
136	2224
709	805
1251	1687
1925	2257
2071	2289
2602	2638
1668	1793
3604	3841
2436	2463
1232	1880
1799	1879
2154	2586
2352	2590
1164	1600
2261	2414
538	1767
1997	2043
2290	2579
2174	2199
101	346
906	1644
362	445
2300	2376
3906	3937
2796	3199
2754	2916
1946	2464
2238	2260
412	416
72	272
2138	2293
26	188
285	342
2223	2519
2111	2267
2955	3087
2962	3295
3034	3366
559	566
2037	2067
1207	1238
1173	1610
3506	3903
2259	2372
1643	1791
2669	2919
2627	2658
2220	2613
698	804
1623	1864
2395	2578
1491	1810
1182	1420
1211	1416
1962	2124
414	558
2274	2568
2031	2141
1684	3385
3059	3300
2290	2601
2188	2564
3182	3396
1926	2458
2282	2432
1736	1902
971	1032
2139	2253
2896	3348
2086	2347
2271	2551
3214	3296
957	1104
2786	3220
2663	3426
3725	3917
1471	1547
2724	2737
1734	1761
1983	2611
2030	2542
1567	1698
2109	2495
1347	1649
2133	2203
566	968
2444	2513
3293	3426
3494	3583
1100	1227
2698	2867
1916	2221
1746	1839
2356	2410
2266	2482
2994	3384
3611	3902
1746	1879
1175	1302
2669	3363
3106	3342
2844	3144
483	1032
3842	3948
1064	1094
3811	3949
1205	1685
3355	3397
2109	2299
3076	3185
538	1574
2757	2839
2275	2638
1945	2434
1538	1769
2667	3277
1965	2313
686	699
2000	2171
318	334
1983	2334
445	542
1026	1522
1986	2220
113	172
2849	3101
1420	1523
1123	1839
2282	2479
2299	2467
50	331
1488	1800
1393	1522
1945	2246
2142	2478
1149	1724
1735	1753
2246	2438
2395	2550
2467	2521
641	1320
2034	2120
3926	3966
2951	3412
2054	2293
2352	2625
1472	1630
2183	2332
3455	3778
927	1611
348	415
1810	1877
2040	2460
993	1772
2695	2806
1684	3431
2797	3182
1199	1665
3198	3353
2701	3182
1056	1447
83	237
483	507
2973	3201
2022	2447
2446	2619
1203	1360
2047	2259
2686	3034
1962	2131
2965	3280
1003	1737
1191	1376
1003	1331
417	493
2377	2384
2009	2447
2348	2646
966	1125
0	115
3437	3787
3070	3132
2919	2940
2135	2463
705	800
2200	2506
2064	2625
1946	2290
2827	2943
1292	1682
2190	2573
3503	3640
2181	2357
2142	2253
392	460
1720	1841
2484	2536
2005	2095
370	523
1796	1888
2283	2385
3048	3185
563	594
1149	1570
3526	3543
1684	2789
2074	2590
3347	3396
2664	2931
2489	2607
1234	1829
2706	2943
1424	1895
1014	1893
1431	1559
107	1026
2677	3420
3233	3415
3586	3797
1011	1703
3062	3306
2936	2965
1571	1604
3252	3291
2294	2327
395	402
2778	3016
1269	1768
3201	3206
2290	2326
580	1673
21	313
2037	2520
1465	1945
2212	2574
1231	1596
2869	3082
2927	3238
2052	2148
1104	1303
2194	2292
1163	1207
1488	1879
1504	1541
592	603
1941	2509
3149	3426
1048	1717
1684	3400
573	618
402	415
2533	2567
2853	3335
3116	3179
3437	3639
1085	1593
1291	1399
2133	2333
2179	2278
387	438
1912	2246
2198	2250
544	580
2267	2567
199	232
1199	1331
2055	2271
1085	3437
1953	2108
1244	1472
1684	3046
1963	2093
1928	2027
1261	1281
2267	2377
3382	3423
1116	1600
2057	2608
1267	1791
483	1204
1124	1554
797	808
1971	2489
2716	2720
2162	2325
3800	3943
107	1279
1159	1472
1281	1820
2029	2396
308	334
2937	3397
2755	3014
355	548
1614	1799
1600	1835
136	2598
1361	1800
1339	1643
118	342
1149	1836
3680	3706
1293	1689
3527	3542
1269	1730
1180	1741
1816	1864
2888	2978
3446	3546
2112	2560
2676	2877
13	342
1945	2511
3622	3931
1132	1199
3029	3363
2011	2648
1604	1665
1921	2447
3755	3830
2042	2128
2134	2148
967	1112
2047	2534
913	1675
2236	2260
1523	1819
1223	1512
1399	1835
1367	1799
1689	1717
2987	3166
1018	1871
1191	1571
2914	3150
115	116
1960	1975
3792	3882
1661	1824
896	1720
3054	3119
25	65
2683	3137
1339	1714
1222	1902
2127	2463
2190	2542
896	1381
526	1740
107	1522
3633	3734
2240	2369
2706	2931
1048	1554
605	680
211	272
2030	2352
3007	3344
923	1369
2042	2111
2376	2504
3101	3169
1390	1842
2033	2083
2007	2203
1301	1369
2264	2273
2081	2510
3049	3297
2461	2512
1515	1783
2163	2519
2151	2247
2188	2190
3797	3948
1225	1703
1604	1714
3677	3888
2689	3064
2973	3154
2138	2384
2184	2200
172	308
1931	2192
1983	2348
2289	2498
3464	3726
348	354
1287	1827
402	432
1938	2216
1085	3750
364	393
352	538
1415	1667
2729	2766
2793	3035
578	615
2090	2212
1958	2639
686	724
2278	2374
2139	2602
2088	2200
1282	1661
100	217
960	1409
412	418
1619	1663
686	690
483	1631
3449	3596
2142	2630
815	856
1975	2158
3614	3652
1449	1663
2275	2408
1063	1101
3558	3711
3239	3297
1227	1426
3060	3179
946	1737
3551	3961
1929	2030
1289	1547
1528	1753
2755	2925
980	1774
1219	1222
1107	1125
1912	2567
2206	2213
1398	1471
1739	1906
1210	1844
916	1483
1185	1619
2143	2451
3628	3760
2026	2588
1547	1605
3480	3677
2332	2642
2950	3198
353	1616
3051	3321
1468	1548
599	650
3088	3298
2494	2639
2771	3389
2176	2377
56	118
2042	2328
2953	3014
1652	1888
1260	1686
1335	1538
1163	1757
2615	2624
2661	3247
1979	2115
975	981
2840	2904
736	782
2131	2172
2833	3298
2060	2460
2244	2363
1735	1823
2787	3082
2314	2474
3054	3056
2115	2418
3797	3971
391	527
1735	1750
1684	3262
1684	3303
2308	2625
2909	3022
1918	2090
772	805
1230	1620
921	1272
128	203
2694	2706
1256	1849
392	394
3119	3293
618	653
1405	1765
1456	1902
2840	2958
2806	2927
2069	2090
3460	3900
3267	3351
968	1814
1993	2552
2138	2148
957	1292
2190	2237
1256	1370
2698	2782
1398	1845
2142	2443
2334	2550
953	1604
1488	1598
1173	1584
3184	3387
2521	2623
13	59
1120	1479
107	1158
1918	2615
2333	2537
1963	2121
2796	3132
2414	2482
2870	3077
2806	2948
2002	2142
764	779
2068	2330
2877	3137
2731	3166
1917	2190
2196	2461
2873	2874
1020	1166
1917	2078
2807	3400
2797	3011
450	547
2189	2511
2810	3293
1214	1447
3672	3930
1185	1653
1101	1289
3655	3920
378	591
2165	2604
2830	3019
1288	1542
1993	2093
1984	2104
2664	3232
2161	2333
419	452
0	210
2607	2615
1927	1957
2839	2909
531	557
2561	2590
168	339
1912	2576
2436	2597
3437	3667
492	513
420	1673
2108	2507
1329	1509
1269	1750
3533	3674
0	111
993	1522
2108	2611
2299	2339
2863	2939
1619	1707
483	1113
590	680
653	666
1684	3360
107	1434
2784	3329
408	493
2921	3034
1926	1955
2220	2348
1416	1804
2169	2512
1214	1280
1920	2458
933	1706
940	1425
1997	2073
3182	3225
107	1306
2404	2507
2505	2651
1002	1105
1979	2045
2978	3426
482	565
72	165
1962	1983
782	804
2531	2571
3734	3968
3184	3315
2999	3327
2056	2124
1737	1796
2057	2302
931	1645
2183	2385
1465	2285
1912	2218
997	1609
1163	1712
2102	2509
856	882
2913	2927
2078	2331
2934	3171
1431	1839
2007	2351
2266	2492
3052	3294
645	669
2075	2603
1600	1623
800	811
2109	2290
1946	2060
1214	1553
2823	3118
1214	1707
2331	2552
1371	1787
1538	1603
3508	3521
370	397
1291	1637
1211	1864
3076	3422
1056	1110
2142	2308
2482	2560
1485	1774
1425	1545
3026	3195
3593	3869
3640	3687
1110	1800
1335	1554
1647	1655
2196	2643
1259	1469
2981	3400
1288	1832
1995	2159
2467	2556
3758	3947
1606	1766
1782	1799
526	1049
3148	3272
1953	2593
2196	2319
1028	1375
1365	1530
2120	2628
2409	2469
3437	3606
618	679
2031	2610
2201	2469
107	1046
1436	1583
1207	1409
2892	3298
1255	1391
1613	1614
1617	1877
2290	2370
3611	3824
507	510
2940	2986
2849	3046
1551	1761
2244	2376
1684	3013
3690	3866
1630	1686
2833	3434
1509	1669
107	1625
978	1813
453	498
1946	2218
2676	3184
1628	1903
2133	2608
2007	2451
3445	3743
2348	2414
2087	2510
1943	2200
284	329
414	553
2340	2552
2809	3394
3449	3517
1457	1832
1024	1431
2081	2537
944	1504
960	1551
2078	2370
3764	3927
2920	3085
2045	2210
2549	2553
2153	2224
2319	2336
2823	3170
3051	3378
1431	1717
2173	2248
1912	2428
1339	1621
1184	1757
2104	2188
1793	1839
1390	1843
1279	1322
1465	2128
3574	3605
2118	2261
1351	1551
2782	3054
1352	1800
428	915
2088	2347
1029	1722
2056	2393
1104	1786
1124	1211
1912	2509
2042	2351
3111	3157
916	1589
975	1596
2019	2393
2199	2336
2555	2592
107	1788
2378	2633
2987	3090
3568	3764
109	142
1076	1199
2504	2520
2404	2410
3566	3961
953	1662
917	1273
2151	2543
1086	1589
922	1800
2229	2506
2124	2615
492	538
2626	2659
2084	2484
1999	2633
1941	2332
2956	2985
1399	1610
483	566
1019	1257
1571	1674
967	1557
2115	2575
2038	2198
2149	2463
1279	1857
2988	3232
1811	1842
1172	1280
2144	2187
1277	1857
3526	3698
1551	1662
734	829
2475	2512
2194	2592
1352	1839
1113	1320
2758	3369
2724	3176
2915	3114
906	1570
1684	2843
906	1116
2241	2417
3568	3834
2295	2434
2908	3022
1108	1729
1993	2073
713	762
2243	2434
3437	3861
1718	2239
2020	2467
1983	2520
1114	1616
2901	3345
3017	3434
1915	2107
2020	2084
3437	3506
366	976
2275	2500
3013	3212
3822	3855
67	186
1609	1888
1932	2224
2850	2896
3698	3840
1393	1730
1001	1506
2835	2880
2713	3007
2404	2469
412	456
2118	2539
2356	2418
1993	2546
2706	3426
1404	1573
1130	1805
579	630
3291	3422
2037	2624
2464	2574
2698	3339
3001	3356
988	1100
2756	3026
62	96
1684	2856
3264	3402
2430	2433
2833	3291
618	633
389	509
2165	2218
2895	3017
1436	1472
2135	2338
1632	1663
2835	3119
1217	1540
1918	2559
2471	2510
1962	2329
927	947
3540	3596
1912	2084
902	1680
2142	2625
2038	2653
3554	3794
372	460
2090	2306
3640	3702
1944	1964
2731	2988
107	1102
2828	3152
968	1435
2093	2484
1613	1675
403	515
2737	2869
2351	2491
2206	2464
376	604
2005	2098
2081	2530
348	473
500	645
2133	2283
1572	1757
1761	1818
2257	2489
420	556
1555	1579
3301	3363
2841	2954
906	925
616	625
3758	3793
1504	1709
413	463
2074	2586
1551	1589
1507	1770
2093	2561
2171	2202
2203	2273
2319	2589
3491	3845
3718	3924
1312	1352
936	1320
1391	1761
2062	2132
107	1023
1912	1970
2003	2235
2671	2824
1955	2174
2328	2434
800	842
1459	1611
3612	3837
2670	2699
2761	3054
2778	2901
1926	2417
694	752
198	564
1126	1516
2108	2546
1799	1849
2081	2183
128	313
1813	1826
3993	4004
2047	2417
1917	2374
1359	1868
3579	3774
2176	2196
1912	2381
2063	2323
701	821
3810	3924
1684	2824
1079	1551
3209	3320
2040	2103
2218	2244
2757	3414
2331	2546
2124	2233
2985	2986
2928	3054
2187	2508
2054	2128
1538	1643
2839	2908
2062	2111
2827	2944
2098	2164
352	542
1256	1520
2188	2407
980	1195
2229	2275
1953	2464
2311	2404
3185	3277
2088	2348
3697	3842
2154	2604
1009	1872
1108	1495
2238	2455
1943	2063
2225	2472
1219	1768
2220	2561
1589	1639
526	1242
1404	1448
1570	1730
2906	2977
2349	2401
1577	2368
927	946
1199	1623
82	222
3442	3663
2702	3341
3188	3306
67	98
1303	1732
1110	1526
1204	1459
2718	3196
1912	2452
2925	3108
620	636
690	831
1571	1823
3824	3938
1117	1271
80	320
1912	2362
1020	1102
366	378
2176	2406
2133	2279
1238	1571
1666	3263
3239	3267
3740	3835
2827	3195
1060	1578
1070	1109
2754	2872
2463	2598
1112	1375
1534	1701
3366	3415
1307	1615
1551	1793
2289	2333
2283	2399
1675	1768
1938	2229
1152	1525
1256	1668
1340	1539
2223	2653
2953	3104
2154	2257
2966	3085
2912	3033
2101	2451
1746	1827
1912	2283
2074	2244
2627	2660
1175	1457
2719	2894
1502	1893
107	927
965	986
2418	2507
741	770
2713	3410
2756	3135
475	567
3029	3085
155	157
2154	2468
2144	2511
2816	3264
2052	2128
3437	3840
107	1103
3646	3711
1447	1813
2202	2640
2844	3027
1684	3420
1471	1902
2719	3179
1925	2604
1515	1899
434	490
967	1604
1986	2492
2083	2331
1738	1876
2069	2543
1322	1691
1214	1600
3534	3614
1623	1746
0	222
2085	2473
2234	2499
609	644
2308	2482
2046	2172
2300	2602
1003	1799
1250	1662
13	261
1912	2652
1926	2292
2201	2615
1682	1873
2054	2151
3144	3214
2324	2485
2676	2827
1920	2293
2134	2187
1004	1621
2546	2623
1862	1899
2123	2395
2140	2559
2743	3029
434	559
3158	3348
1621	1835
3082	3272
1352	1509
1123	1199
2331	2504
1929	2108
1330	1839
2750	3033
431	456
2111	2133
1626	1805
1941	2283
1277	1595
2874	3363
3703	3902
2151	2463
3635	3800
1015	1636
2108	2573
2661	2780
415	535
3740	3865
3027	3214
2190	2507
2148	2279
1220	1827
2117	2336
1222	1256
2117	2241
1116	1522
1912	1946
3030	3394
1112	1819
2300	2482
107	1888
619	654
3392	3430
2194	2598
2215	2543
2907	3025
3495	3831
2974	3073
1009	1635
1460	1639
2280	2379
1597	1791
2217	2313
2449	2594
3528	3737
169	334
2213	2220
592	672
2010	2336
2276	2464
2876	3188
30	73
1684	2880
2416	2642
926	960
1183	1569
3738	3937
423	561
3576	3670
1985	2331
3521	3550
2111	2148
1742	1828
1156	1291
407	528
2142	2654
1984	2073
3586	3693
1339	1795
2719	3150
1367	1416
2169	2502
2716	2973
2069	2573
711	784
2748	3386
1637	1761
1972	2027
2287	2600
545	553
1322	1611
3573	3672
1095	1210
2333	2419
2407	2590
3553	3663
2283	2338
3046	3140
3759	3965
2093	2352
1684	2729
897	1409
2203	2302
1361	1668
1786	1824
48	332
946	1196
2754	2966
1153	1662
3051	3186
1250	1256
752	766
2289	2463
1198	1644
2460	2631
1524	1827
2361	2455
1020	1081
1453	1829
2780	3152
417	438
85	170
746	833
1214	1864
2685	3011
1163	1736
1281	1715
2054	2292
1761	1765
1143	1556
973	1369
920	921
107	972
1207	1888
2067	2576
1104	1429
2854	2944
1388	1483
2294	2461
2124	2423
1448	1790
1912	2007
2419	2445
1684	2828
2765	3132
2280	2336
1182	1669
1689	1714
927	1663
3574	3596
3299	3321
1098	1593
3437	3794
2142	2376
2032	2436
3206	3239
1232	1837
2340	2468
924	1228
1393	1813
2268	2471
1327	1819
2274	2511
1175	1377
3463	3951
2989	3051
2997	3081
1163	1621
2289	2325
1341	1559
2885	3290
1102	1502
1985	2404
3888	3950
2802	3150
919	1099
1622	1799
2777	2986
3437	3460
3596	3605
1994	2007
2270	2641
2073	2354
526	1444
1101	1431
2363	2469
312	343
3555	3584
14	326
2268	2608
927	1724
1277	1903
3591	3951
2031	2514
580	1358
2464	2638
658	675
2777	3184
1185	1652
1962	2307
53	317
487	500
2056	2414
2384	2461
3490	3771
1973	2459
3620	3711
968	1807
2175	2176
999	1491
2028	2081
980	1734
2258	2478
980	1331
1987	2169
107	1174
906	1557
104	113
16	82
1375	1827
989	1432
440	538
1101	1125
978	1891
107	1036
2012	2364
2408	2604
1210	1226
414	666
2241	2436
1156	1483
1966	2446
2807	3080
2135	2333
2138	2594
2290	2460
2863	3316
1684	2703
1985	2624
2150	2347
2328	2516
2062	2344
2549	2591
3535	3821
2271	2354
2354	2654
1833	1888
1617	1730
348	393
947	1551
1577	2187
1920	2149
3596	3737
1056	1323
727	846
896	1081
1684	2946
392	500
1733	1787
2097	2171
597	609
2109	2201
1207	1816
1984	2190
2039	2102
2278	2356
448	460
1616	1767
1367	1810
3496	3684
1971	2218
2078	2646
417	421
1978	2286
2095	2324
2359	2638
1684	3190
2047	2053
1238	1768
40	132
705	739
3076	3289
1426	1661
1138	1403
3047	3078
2309	2559
2138	2508
2018	2417
2661	2875
2150	2554
2352	2550
2054	2111
1059	1491
3722	3753
1242	1431
2426	2553
3437	3567
1912	1935
2492	2601
1375	1800
2429	2623
925	1520
1059	1509
2738	2978
1684	2779
781	809
2780	3116
2733	3179
1622	1761
2372	2643
871	881
2715	2901
1993	2340
2793	3160
1378	1452
2793	3397
727	824
1083	1513
188	200
2115	2331
3082	3351
2551	2646
3634	3915
1021	1636
1990	2361
1059	1879
921	1352
2179	2414
2132	2264
2332	2511
2430	2526
3150	3265
1984	2271
2223	2367
2307	2561
934	1643
2730	2999
2300	2392
2624	2631
2072	2463
1962	2121
1917	2625
917	1820
2344	2617
1160	1391
2069	2122
2280	2396
3516	3883
1047	1173
2912	2966
995	1730
1107	1191
966	1130
2032	2071
686	749
3506	3511
1238	1688
3437	3792
1989	2142
959	1040
1198	1689
1918	2526
902	1227
2275	2370
2491	2555
2072	2511
942	1893
1583	1682
1302	1750
2045	2073
2873	2931
1059	1662
2033	2240
1340	1714
2698	2749
2095	2253
3646	3810
3176	3295
2542	2553
630	636
1340	1717
2074	2190
2475	2582
1914	2378
1684	2804
2404	2655
3667	3683
746	782
3452	3824
1532	1827
2754	3142
2853	3280
2708	3145
2332	2509
363	484
1331	1714
966	982
2951	3291
2240	2468
368	419
2676	2909
1912	2587
2313	2433
2090	2564
1981	2451
2033	2329
3088	3116
1675	1835
426	531
3207	3420
1832	1886
1054	1540
2593	2601
0	219
2150	2154
2140	2560
2221	2222
400	553
1322	1459
1391	1622
598	677
2482	2573
3276	3299
1338	1869
1912	2014
1077	1465
107	1412
2124	2646
39	280
1428	1815
1013	1465
1284	1315
2275	2410
3064	3284
1331	1613
1125	1399
456	517
917	1277
1724	1752
2038	2589
41	230
1277	1783
1017	1879
2052	2099
2139	2140
2583	2659
2347	2550
1947	2434
774	828
2872	2944
1126	1242
2848	3306
414	614
2763	3042
2709	3211
3252	3330
3558	3810
1917	2559
107	1677
1925	2098
2190	2630
1979	2299
1221	1873
2990	3207
2047	2555
2109	2244
2324	2334
1993	2165
1559	1561
3054	3399
997	1470
3437	3553
107	1827
728	739
1423	1715
2680	2757
932	1669
3113	3434
1366	1703
1380	1826
2311	2521
2872	2919
107	1198
199	261
1912	2295
974	1640
2206	2392
2059	2532
2037	2261
2833	3406
3035	3378
203	223
1684	2698
3672	3891
1405	1590
1979	2391
1950	2659
525	537
169	185
2394	2473
2229	2482
1994	2315
2123	2564
1925	2323
1479	1830
2334	2504
2089	2371
966	1399
2414	2468
1985	2532
2047	2345
353	526
2396	2617
2087	2377
3460	3881
1391	1717
1796	1800
1238	1361
1941	2597
2340	2410
2897	2928
1983	2655
1329	1617
2054	2479
3089	3252
2187	2292
2911	2940
2853	3316
1689	1827
1231	1347
3870	3924
520	563
915	1574
2750	3149
1086	1668
3314	3325
2797	3258
2194	2294
1913	2502
2093	2253
2078	2334
2720	3160
1467	1833
3737	3858
2423	2638
2781	3120
3635	3702
2233	2307
1684	3406
2215	2508
2701	2875
1643	1761
2062	2451
1017	1187
1126	1302
492	514
2043	2059
424	435
0	129
2892	3001
2786	3293
2758	3019
2708	3396
2122	2261
1912	1944
1040	1238
3327	3389
2200	2290
363	1529
449	504
1199	1721
3437	3724
3611	3785
819	824
25	276
1531	1738
1181	1750
797	831
1747	1880
2889	3314
1068	1086
2605	2643
107	1737
1997	2646
959	1663
1684	2997
1952	2222
2084	2600
1963	2056
2279	2582
1684	2787
2378	2538
1250	1795
3036	3166
1370	1832
2585	2648
2334	2393
1603	1839
2218	2551
2095	2602
2191	2465
1597	1842
1912	2056
2271	2323
2118	2590
1361	1858
2140	2590
1146	1340
1467	1598
2372	2629
1273	1824
1388	1571
2237	2347
2087	2351
2083	2631
695	829
1399	1509
2371	2618
3521	3684
1295	1785
739	807
917	1099
1343	1436
3195	3226
1083	1714
2090	2423
1110	1750
2430	2593
1962	1993
2154	2409
827	834
107	1515
651	1428
1104	1204
1243	1867
1926	2617
3191	3223
1273	1850
2101	2235
640	662
1341	1380
921	1823
2989	3089
1539	1559
927	1584
2218	2495
1405	1637
1688	1791
2164	2604
2060	2272
2102	2372
107	1041
896	1502
2988	3104
1431	1799
1994	2533
1329	1746
2787	3116
1195	1352
3048	3138
2045	2201
1488	1665
705	819
1052	1472
1150	1656
1083	1799
2841	3221
1577	2451
2992	3347
2149	2436
2374	2423
2839	2925
3141	3218
2755	2872
1117	1191
1390	1416
2414	2575
1912	2308
718	828
3640	3762
2157	2202
3067	3164
1912	2408
1173	1605
2793	3150
2712	3434
374	535
830	849
957	1857
1270	1711
1435	1818
2266	2391
1986	2213
1945	2377
1966	2201
917	942
1917	2464
2996	3038
1290	1420
3841	3929
2827	2956
1627	1890
2419	2525
2839	2924
2261	2619
1286	1820
374	432
3980	4006
2997	3368
1813	1835
2127	2254
2122	2520
2777	3004
1048	1191
1137	1186
709	838
3500	3587
2179	2638
2112	2339
1912	2006
1437	1902
2143	2292
1598	1789
1104	1716
1916	1939
2410	2482
1316	1894
1912	2438
3150	3409
1146	1291
142	345
3089	3106
1370	1605
1032	1277
2239	2347
1538	1874
2183	2516
251	281
466	522
1684	3367
1659	1867
2129	2440
2189	2436
1447	1888
2093	2122
882	886
1382	1893
1329	1833
1125	1163
2032	2328
2085	2581
2781	3136
2212	2655
2007	2191
1917	2381
2662	3118
957	1066
580	1332
1166	1893
3494	3690
2730	3138
2492	2573
1431	1608
304	322
1962	2354
2138	2267
3672	3845
1230	1800
1076	1290
2976	3320
1577	2468
2007	2019
553	614
2237	2646
428	669
2333	2432
1520	1663
2221	2537
751	784
1979	2526
2451	2509
2314	2497
1051	1481
1170	1781
1320	1574
2040	2409
3291	3421
1976	2157
589	623
2104	2551
2537	2616
1934	2373
2873	3026
1290	1688
3718	3906
3240	3320
969	1732
2005	2654
1292	1611
2973	3120
416	503
2576	2578
936	1122
1132	1370
1613	1685
2052	2250
3169	3179
2095	2376
2578	2625
1267	1795
3545	3651
3611	3817
2347	2492
1048	1393
3274	3353
2344	2592
2868	3212
2821	3166
3478	3747
2102	2436
1391	1516
1941	2468
2206	2352
2664	2750
3049	3120
2663	3300
967	1796
1024	1789
1219	1730
2190	2308
1107	1707
2945	3023
1201	1222
1714	1791
1971	2354
2394	2479
1604	1868
2840	2976
2765	2849
1962	1966
2026	2592
1540	1718
1388	1612
1048	1519
1341	1898
2754	3228
353	1881
1617	1888
2125	2543
360	395
3564	3927
130	191
2007	2461
1284	1655
3858	3913
2073	2121
2700	3328
2148	2555
2059	2154
1554	1618
2136	2423
1517	1665
2558	2632
2688	2903
414	605
3674	3734
1410	1593
107	1689
2384	2398
1993	2363
1128	1377
2085	2379
1398	1804
901	1216
2672	2701
2090	2348
2048	2498
3702	3832
2073	2103
1306	1748
2863	3386
946	1810
1943	2477
2839	2911
107	1560
1120	1459
436	492
2206	2261
1653	1746
1974	2214
1337	1441
819	838
2906	3142
2109	2520
2188	2210
2663	3090
2112	2539
2063	2578
2988	2994
1912	2197
1293	1605
980	1662
1431	1509
1258	1492
2339	2579
219	319
3152	3198
2124	2308
1981	2399
2189	2279
2033	2074
1958	2365
2030	2428
1366	1591
2399	2649
3518	3528
1029	1201
2951	3252
967	1528
2770	3434
1975	2047
2755	2757
1442	1471
2046	2354
1409	1542
2467	2654
2481	2535
1290	1835
1079	1101
3495	3621
2255	2453
1210	1358
1979	2564
2189	2309
2005	2551
2078	2376
627	662
1124	1243
2849	3150
2782	2966
962	1743
2062	2543
913	1408
3525	3734
2005	2218
2201	2334
3442	3735
695	794
136	2267
1101	1849
2007	2081
1926	2153
107	1900
1227	1282
2098	2631
2092	2391
2007	2283
1290	1612
1912	2133
2409	2561
3636	3740
992	1629
2068	2282
3017	3287
107	973
2081	2254
3437	3830
1004	1600
2287	2331
1613	1789
3576	3577
3092	3324
1555	1866
1653	1796
2279	2608
1530	1580
1946	2590
1352	1888
2875	2958
1717	1795
1302	1804
1048	1659
1199	1456
107	1376
2212	2526
1612	1849
964	1624
2173	2251
3472	3482
2966	3250
1083	1598
2108	2606
2757	2782
2757	3363
2925	2940
1243	1811
1185	1827
2827	3065
3510	3761
1983	2308
1260	1633
1941	1948
3437	3634
1101	1791
1048	1557
1563	1612
3521	3685
2183	2273
698	874
1465	2223
2734	2787
1462	1790
2189	2268
2467	2469
2240	2414
770	799
1292	1459
1056	1598
1114	1210
963	1319
2153	2567
1685	1809
2006	2171
712	839
1632	1796
1327	1523
2297	2494
1997	2602
1577	2510
1223	1724
1107	1407
3247	3297
2087	2537
1222	1827
2139	2340
2369	2600
2469	2507
1250	1644
3454	3547
3478	3920
2933	2949
1123	1391
2350	2410
960	1488
3763	3799
7	315
2966	3166
2093	2386
361	481
1912	2176
2686	3136
934	1559
558	570
361	474
1237	1487
1999	2027
2902	3181
1219	1519
2189	2289
2043	2376
2053	2239
2044	2266
2969	3284
2078	2499
2850	3426
1857	1872
3042	3114
0	149
1231	1628
1061	1174
2165	2611
376	402
2069	2631
1273	1820
897	1331
2253	2556
2438	2603
1328	1494
1590	1846
1047	1520
2669	2960
239	325
2716	3027
1462	1764
764	793
2125	2332
1912	2289
2787	2892
1272	1685
2989	3101
2233	2271
1352	1712
2115	2539
2716	2863
3073	3220
1106	1418
107	1800
982	1800
3509	3793
747	769
2033	2506
1126	1608
458	514
1940	2194
2086	2564
2828	3416
2728	3285
483	1660
2142	2331
2112	2549
2602	2630
1060	1716
2748	3140
3951	3969
2086	2602
967	1835
617	626
1572	1810
2319	2510
1684	3005
2142	2423
2075	2327
1363	1648
2115	2244
1918	2492
2053	2597
1789	1861
934	1367
2190	2418
2900	3077
3700	3830
3591	3793
2748	2853
2364	2447
2550	2622
0	285
2973	3146
402	506
2088	2655
3750	3797
1377	1622
1923	2642
366	1320
980	1621
2944	3078
927	1513
2064	2172
1015	1628
730	764
2240	2504
1101	1668
2344	2652
0	274
2786	2839
1099	1204
2890	3294
1941	1971
641	1574
2669	3000
390	450
370	428
1074	1620
2915	3163
2200	2271
2951	3342
238	271
0	139
355	481
3731	3785
520	545
2211	2318
1472	1738
2020	2266
1994	2047
2179	2604
1172	1222
2068	2328
2741	2915
3082	3291
763	836
1525	1781
1329	1662
2419	2461
1578	1635
21	277
2430	2646
2590	2607
2127	2153
2155	2270
3138	3178
1149	1669
363	1744
1250	1339
2184	2340
578	659
21	184
2289	2327
2354	2619
504	570
3256	3429
2007	2285
3459	3564
2914	3214
958	1493
1926	2396
2428	2546
1331	1793
2328	2396
933	1273
2339	2500
1110	1753
2865	3081
516	554
2069	2615
520	567
1029	1165
2333	2642
2294	2372
745	823
2661	3347
412	591
2304	2537
1262	1835
1265	1609
2214	2265
687	739
896	1790
1471	1491
1344	1789
2007	2434
1330	1707
484	1543
1129	1647
686	782
2742	2781
1916	2203
2266	2564
3998	3999
3176	3285
2005	2428
1281	1373
1414	1872
1732	1824
3437	3586
2750	3339
2890	3026
3502	3898
2240	2638
2462	2526
1449	1852
1211	1608
1416	1707
1167	1633
1999	2116
1222	1842
362	542
1941	2125
1000	1228
2959	3314
1323	1509
2025	2346
1164	1352
1953	2033
2773	3435
1750	1789
1783	1907
1763	1870
1833	1839
2890	3090
2257	2623
2387	2454
94	187
1407	1566
1485	1559
315	329
558	604
2449	2655
2986	3363
2839	2986
563	1338
2144	2510
1932	2127
1085	1421
1835	1851
2210	2253
1078	1604
1723	1842
1340	1750
934	1761
378	496
783	809
1011	1041
2778	3267
149	343
1120	1235
2123	2150
2741	2916
374	553
2843	3198
1067	1148
426	563
3158	3220
2091	2129
1291	1516
2960	3014
1097	1895
1292	1862
1257	1583
1624	1672
3124	3173
1914	2018
2240	2348
3473	3538
3017	3093
2112	2354
2890	3158
1339	1632
606	1674
3034	3079
2037	2410
1327	1813
637	641
1327	1384
2775	3001
1006	1380
2783	3385
2327	2344
1569	1591
1192	1379
2200	2210
1985	2109
1396	1812
3021	3146
2098	2331
3452	3838
2040	2240
1329	1600
2780	3041
2143	2239
3478	3587
3167	3369
2038	2345
947	1184
2836	2893
2165	2536
3587	3655
40	272
1226	1320
709	819
1449	1610
1309	1720
3500	3641
2007	2420
1793	1809
2985	3149
107	1604
412	483
999	1199
999	1230
2982	3318
596	1322
2872	2880
1480	1662
1364	1897
2283	2471
1751	1871
2142	2336
966	1211
1130	1707
3596	3785
1643	1652
2042	2137
2290	2323
1912	2404
2220	2229
2311	2410
1207	1668
2946	3104
507	553
1663	1707
2029	2081
2683	2862
3753	3773
2892	3162
399	564
2374	2556
2894	3320
3620	3646
2684	3258
3497	3824
1684	3200
107	1622
2712	2796
2169	2592
2294	2508
3633	3841
1128	1339
2190	2339
1939	2072
1358	1425
1483	1816
1024	1839
1341	1734
1944	2182
2279	2302
3170	3347
3258	3360
3337	3369
2064	2103
2491	2588
3715	3815
1078	1538
3479	3919
1964	1974
708	769
755	797
1245	1373
1390	1456
2521	2590
3579	3918
2869	3297
3145	3260
2107	2120
913	1867
1086	1156
107	1140
1423	1583
444	513
2078	2115
747	763
2781	3182
1955	2319
2809	2837
2030	2506
2387	2404
2684	3152
726	766
1471	1530
2754	2835
2356	2464
1302	1352
2741	2839
984	1742
1589	1772
2506	2607
933	1502
701	724
3791	3920
2724	3177
1188	1338
2730	3077
438	507
2199	2327
628	661
414	431
3784	3906
1942	2387
1003	1305
3101	3225
3845	3902
3312	3393
2153	2629
2118	2348
2110	2434
2751	2868
3072	3263
389	1037
625	644
3544	3888
2121	2499
2043	2655
2030	2624
1616	1671
3222	3340
0	36
1979	2309
2214	2256
1791	1793
2305	2336
2370	2414
2743	3085
2087	2325
2174	2458
3001	3233
2131	2560
2058	2552
3604	3730
2989	3360
2077	2150
2680	2927
3613	3695
1291	1800
3136	3214
2773	3238
1067	1475
3701	3836
2213	2560
378	561
3493	3646
1684	2830
2777	2815
1054	1768
1605	1804
3026	3047
2871	2875
2220	2323
1684	3049
1289	1879
2270	2318
2940	3220
107	1013
3228	3363
3176	3412
2188	2257
500	555
960	1017
3113	3377
1525	1745
2007	2125
2183	2347
1341	1835
2689	3426
2418	2492
1185	1753
2329	2477
2150	2429
1293	1522
2681	3029
1185	1352
176	290
119	122
1266	1779
1066	1108
1551	1746
1997	2059
2942	3136
2029	2581
2081	2652
2083	2123
1136	1588
1284	1715
2849	3419
1015	1345
3577	3734
1482	1681
1457	1833
2718	2901
2118	2553
222	240
736	788
3437	3869
1941	2264
2498	2512
360	442
1184	1714
2391	2404
2828	2869
1367	1644
2317	2440
2266	2300
3157	3320
2872	2986
2845	3051
2164	2433
1491	1668
1936	2403
1684	3231
1912	2626
2337	2346
689	789
3070	3169
780	819
2809	3317
2078	2574
1597	1737
745	834
2748	2780
1502	1783
2340	2381
2073	2172
1989	2059
993	1182
703	797
1986	2045
2890	2909
2059	2347
2086	2090
2417	2608
916	1390
2257	2299
1153	1559
2143	2629
2897	2909
1684	3336
2020	2165
2384	2471
1983	2359
1130	1619
2017	2296
2117	2328
2923	3020
1243	1849
1406	1893
978	1610
2672	2797
2206	2532
1717	1730
1925	2573
1331	1823
3837	3918
1330	1842
1	126
2869	3396
566	1630
1962	2046
1076	1746
2782	2915
2139	2347
2821	3114
1735	1752
2254	2653
1534	1825
2993	3226
939	1453
1051	1070
2374	2654
3464	3829
2873	2913
19	89
1597	1752
3501	3800
1684	2769
2190	2485
1577	2194
1004	1789
1516	1750
1131	1831
1026	1612
2333	2372
1735	1839
2780	3198
67	323
2229	2624
402	508
2039	2653
2148	2183
3768	3810
2124	2484
1912	2463
2807	2837
3593	3924
3508	3615
1426	1475
2869	3335
2165	2560
1317	1838
999	1653
1557	1734
1684	3341
2032	2518
1954	2472
3026	3226
2043	2559
1188	1275
686	777
2604	2607
1440	1626
1436	1575
2013	2459
3465	3701
925	1530
2702	3034
2460	2477
2022	2620
1190	1545
991	1846
3443	3460
3510	3915
1554	1608
2148	2283
2183	2398
3205	3369
3257	3435
3179	3397
1	299
3296	3297
1382	1871
686	783
26	170
3437	3464
2117	2343
2307	2423
1153	1471
1541	1672
2005	2139
1035	1549
1932	2643
2719	3051
1132	1721
1598	1888
1963	2190
2108	2615
441	564
2661	2901
947	1608
2301	2535
1198	1467
2880	2943
896	1862
2901	3252
858	871
1003	1076
2676	3036
1146	1334
2037	2309
526	1217
1101	1888
696	724
3038	3049
1540	1867
993	1243
2742	2937
2324	2386
1540	1600
1920	2071
2841	3255
1024	1736
1310	1633
3540	3886
1146	1352
964	1259
1528	1746
2064	2464
2620	2647
2344	2642
1199	1849
3591	3826
2777	2969
2087	2344
1125	1471
2500	2578
1604	1609
2007	2646
3443	3972
1331	1605
1938	2590
976	1514
1067	1592
1086	1447
2216	2590
2347	2555
1613	1879
3437	3654
3002	3221
2103	2324
2518	2611
3437	3755
1984	2654
2003	2537
109	122
107	1384
3103	3359
17	214
2912	3348
2629	2643
988	1190
2756	2956
1390	1623
477	563
2516	2642
3544	3674
1985	2556
2212	2550
66	134
2904	3035
1427	1763
823	840
1985	2073
2005	2404
1375	1714
2532	2615
2474	2644
9	285
720	808
438	520
2022	2297
2201	2374
2500	2526
1622	1653
2050	2640
1056	1609
1100	1257
2828	3106
3697	3797
1191	1528
1420	1663
1954	2658
1199	1288
171	2704
1656	1702
2253	2560
2600	2601
1390	1621
579	605
1142	1565
3464	3604
1980	2012
1978	2047
2696	3360
1298	1873
1684	3381
2849	3038
3437	3751
0	258
57	108
1012	1318
1435	1746
2561	2615
2414	2561
541	568
3938	3966
3541	3868
50	148
3027	3347
1390	1540
1010	1412
1238	1842
1054	1689
2698	2750
975	1462
1584	1608
2137	2592
1564	1779
1472	1727
3471	3702
1289	1603
1966	2469
1937	2412
967	1522
1842	1861
3119	3135
1344	1652
2002	2203
2928	2993
2906	3284
2111	2438
1335	1391
2324	2578
3627	3790
1355	1366
2336	2555
2108	2139
251	320
2561	2576
2669	2754
1075	1460
370	430
3578	3730
1946	2484
1100	1783
1181	1793
1298	1611
1255	1280
3046	3106
2924	2988
1018	1282
2103	2492
2210	2623
2137	2333
136	2529
1437	1440
2078	2083
1577	2475
2276	2506
2026	2183
573	611
1409	1861
1420	1730
1348	1496
942	1503
1179	1400
1450	1666
2731	2874
1307	1698
2229	2460
1948	2609
686	731
3651	3858
946	1637
3718	3826
2944	3220
2279	2617
2501	2568
3062	3331
2007	2653
3051	3299
711	745
1947	2491
1155	1400
107	1035
1791	1800
2234	2476
2054	2127
2369	2623
13	26
1416	1795
1131	1634
724	760
2099	2126
960	1714
1683	1721
579	623
1338	1828
3118	3287
2781	3434
2064	2216
3260	3287
2313	2548
2307	2578
3035	3204
107	989
3437	3511
1407	1685
1600	1717
1124	1485
2081	2132
2095	2104
614	637
3140	3203
2327	2333
2155	2419
2712	2716
2781	2787
2047	2420
2244	2340
2143	2616
3321	3406
119	125
1684	3434
1056	1811
2283	2342
2958	3350
373	680
82	271
1449	1874
48	54
2228	2411
1559	1898
980	1685
2661	3070
2777	2782
2064	2073
2960	3228
1993	2464
1970	2328
1305	1774
1929	2118
2354	2607
2058	2433
2052	2336
3478	3783
1515	1573
1250	1330
1612	1799
2754	3108
2114	2412
2243	2274
2033	2055
784	795
2951	3299
1620	1746
1483	1580
1979	2553
2323	2543
1036	1381
2929	3362
1912	2000
119	188
3721	3860
2780	2923
1148	1404
2032	2336
897	1323
1054	1861
1174	1705
1641	1866
1337	1863
1833	1886
1172	1480
2111	2567
400	493
1085	1136
3573	3611
1195	1768
1584	1789
3521	3710
2378	2640
2077	2370
2069	2546
2229	2423
943	1042
1111	1788
2803	3211
3508	3722
2820	3233
2717	2872
1513	1851
2773	2953
716	728
465	495
1406	1751
548	556
1358	1878
1953	2611
1520	1835
2058	2088
1768	1811
579	664
713	752
2176	2649
2890	3417
3877	3962
980	1835
348	482
376	538
3140	3182
2083	2352
1753	1886
2038	2199
2290	2564
2297	2378
1943	1986
1973	2346
2742	3332
946	1761
2266	2334
2222	2247
280	297
896	1273
1955	2508
1406	1894
1912	2633
2073	2430
2200	2307
1146	1255
1089	1415
3512	3873
2588	2629
2939	3277
2104	2615
2509	2642
2042	2081
370	456
989	1857
2128	2491
1663	1688
1205	1330
1115	1857
1341	1589
2043	2064
2149	2189
3081	3263
497	555
1128	1793
492	606
2233	2485
353	376
2304	2598
1204	1583
2334	2348
3485	3817
1983	2261
2339	2552
2112	2478
2108	2590
1438	1611
637	1358
3014	3232
2843	3369
1984	2331
1771	1867
1912	2239
3591	3822
252	272
3555	3758
3204	3267
3082	3150
3001	3223
1371	1758
2951	3203
2115	2601
947	1823
3327	3383
2476	2482
2520	2560
1305	1730
1450	2976
2369	2561
917	1018
3438	3517
1528	1722
2661	3082
784	834
2410	2606
2144	2594
1040	1736
993	1361
2927	3433
1100	1413
2266	2489
3521	3769
2469	2590
1409	1839
2063	2601
13	199
406	532
2494	2647
2374	2460
438	460
2668	3307
1535	1663
3084	3104
1048	1864
420	513
1153	1491
2490	2515
922	1626
94	180
397	506
1576	1899
953	1117
40	224
1520	1891
2007	2533
3280	3360
3110	3369
2685	2865
2223	2512
2348	2604
1181	1335
1438	1636
1929	2467
3070	3106
1052	1106
1416	1735
107	1133
2218	2532
2136	2532
1339	1644
997	1255
3085	3232
2784	3275
1231	1611
701	781
368	559
376	496
946	1736
2825	2921
2508	2516
1749	1785
1345	1715
2059	2563
2428	2507
2777	3284
103	169
1682	1841
2004	2157
2890	2912
2112	2386
1388	1845
1796	1804
1709	1785
3506	3714
1472	1703
391	524
1680	1862
3734	3938
2926	3427
1733	1798
1952	2458
2591	2602
107	1711
431	513
3038	3198
3512	3577
2190	2266
1918	1943
917	1366
1983	2069
1939	2183
1330	1554
1258	1435
2674	3152
41	115
2090	2363
136	2283
107	1134
2328	2512
2123	2611
1684	3074
2223	2280
3295	3334
1957	2636
2042	2420
2340	2654
107	1204
1985	2356
1590	1883
1331	1768
2271	2356
414	576
53	54
2414	2500
1971	2485
3838	3966
2112	2266
432	452
1080	1155
2404	2606
1329	1754
3437	3594
2032	2458
450	452
942	1261
2906	2956
2118	2323
2573	2624
781	827
2246	2283
1420	1551
1926	2081
2905	2919
711	810
1260	1299
2665	2999
1201	1580
2099	2230
1135	1329
1447	1712
1231	1635
2140	2356
2551	2601
1979	2370
2675	3411
804	861
3830	3860
3348	3435
1966	2084
2873	3022
3629	3753
1926	2085
1217	1888
2376	2619
3718	3900
2081	2458
1017	1793
1292	1298
1530	1809
2560	2638
2944	3135
1339	1399
1535	1861
1557	1861
3574	3611
1591	1873
1166	1382
2069	2387
1222	1238
916	1402
1173	1900
3638	3647
1185	1293
966	1336
1358	1606
2047	2398
901	1319
1625	1695
596	604
2184	2563
517	1237
989	1573
1032	1503
2033	2370
348	547
1482	1624
2290	2561
2121	2615
1559	1791
363	1616
64	100
1522	1827
2283	2519
1639	1717
2117	2126
3005	3347
1456	1789
2906	3184
187	249
2716	3082
127	251
3639	3883
3196	3385
1107	1619
947	1250
1164	1730
3064	3399
2716	3046
1040	1390
408	560
3554	3680
1684	2785
1942	1983
107	1845
417	465
1958	2061
9	113
1684	3065
355	396
348	560
3561	3738
3437	3640
1323	1662
1984	2604
1971	2165
2815	2916
2551	2607
1126	1256
1199	1795
2283	2289
2108	2460
906	1746
1943	2631
2425	2594
2762	3248
1269	1888
2825	3431
902	975
1941	2229
1014	1751
2095	2546
1684	3169
1117	1675
960	1291
3449	3586
1959	2110
2755	2913
1267	1402
590	591
980	1839
1124	1663
583	661
3980	3990
3056	3426
2190	2220
2220	2559
1420	1522
1946	2500
2698	2872
1929	2045
366	1767
953	1589
997	1842
538	542
3514	3832
2323	2414
1122	1318
3545	3930
3474	3823
1107	1605
1014	1515
2871	3062
2833	3397
1195	1730
1175	1590
3132	3265
1637	1639
2023	2577
641	1844
972	1101
2913	3142
223	342
2906	3117
1465	2496
2026	2191
2749	3026
484	1374
1980	2626
2679	3004
1077	1165
432	482
3437	3525
3562	3613
1377	1707
2073	2586
2339	2348
2689	2910
2969	3348
1225	1472
2108	2386
776	877
1497	1566
601	637
1957	2364
3090	3137
1003	1851
935	1531
1959	2003
1266	1666
0	344
3692	3693
1929	2154
1600	1736
505	516
2230	2313
3695	3883
526	1179
2121	2237
2849	2869
2741	2977
1086	1823
2693	3069
2124	2266
2131	2564
2112	2370
3050	3335
2295	2629
1375	1752
1612	1757
2108	2275
1621	1752
350	433
2913	3232
3493	3680
2038	2594
2590	2615
404	494
2245	2487
721	736
946	1153
2121	2408
1412	1502
3790	3926
1078	1289
3596	3674
1181	1289
2364	2639
1219	1509
2780	3212
3473	3628
0	187
1674	1780
933	1241
2869	3280
60	313
2063	2108
2074	2485
1912	2298
802	818
1331	1584
1495	1583
2080	2614
3267	3316
136	2640
1235	1257
497	506
1723	1768
1982	2349
3731	3891
2686	3259
1951	2001
3070	3416
1020	1108
199	314
2880	3174
2103	2131
2940	3195
1146	1290
1152	1630
1191	1331
2153	2215
3596	3684
1070	1188
2208	2385
2927	3022
1339	1888
1209	1800
2139	2543
2877	2994
19	289
999	1516
1070	1355
2077	2078
2356	2468
1255	1516
651	1374
1736	1900
66	334
404	419
3636	3862
2688	2764
1357	1536
1557	1584
1960	2373
1361	1458
2174	2461
1230	1608
2128	2267
2020	2446
1205	1520
1124	1639
1454	1661
1945	2588
3140	3341
993	1753
2944	2974
3332	3403
2866	2905
3794	3870
382	470
2992	3378
2936	2973
1954	2010
2669	3004
353	1882
896	1235
1588	1705
3440	3697
1160	1809
1489	1893
107	1175
3100	3346
2084	2469
2888	3300
2273	2567
2063	2392
1035	1412
3437	3966
1255	1312
2165	2615
3800	3838
1135	1238
1917	2347
2863	3154
1971	2521
2664	3054
2374	2507
1059	1891
580	601
1078	1329
1369	1522
718	730
1381	1899
1068	1736
2928	2944
3464	3510
2874	2945
2287	2418
1173	1522
2078	2179
2428	2591
3437	3971
1379	1682
995	1861
2135	2302
2031	2557
3033	3078
925	993
2083	2300
1761	1807
1064	1566
1735	1774
2463	2616
1250	1524
1997	2253
1997	2237
1437	1827
2116	2355
2542	2631
2313	2456
3491	3838
3495	3943
3204	3320
3756	3851
1610	1653
3394	3426
507	566
2032	2279
3053	3122
2679	3142
3710	3835
1227	1279
2046	2553
1010	1304
2118	2624
2053	2510
1032	1373
1242	1341
2823	3011
3809	3901
2201	2543
3437	3853
38	332
2123	2229
1718	2125
2955	3397
1912	1973
522	568
1129	1728
2719	3225
2987	3114
2989	3247
1926	2087
1204	1229
3060	3076
2054	2283
20	326
2730	3191
2989	3406
1110	1795
2948	3363
1923	2174
3760	3962
107	1302
2069	2201
2986	3047
1024	1849
597	680
1376	1523
2890	3149
1599	1761
136	2171
2038	2445
2007	2087
1935	2583
3505	3512
1504	1703
196	346
2854	3390
3152	3296
281	320
2063	2278
710	847
963	1137
2381	2625
953	1059
1343	1566
2104	2607
2924	2986
2083	2212
3521	3598
2756	3363
1352	1488
3501	3842
423	614
2862	3054
2751	3224
929	1838
107	1416
2112	2446
583	627
1209	1710
1597	1652
1912	2343
906	1048
1684	2768
3386	3396
137	312
995	1741
2246	2384
2999	3020
1028	1532
2729	3435
2102	2413
1286	1322
3189	3415
1993	2446
2259	2649
2552	2615
2201	2467
203	332
2063	2410
1127	1236
2077	2123
2133	2256
1078	1542
1768	1861
3096	3108
2098	2244
3528	3545
1912	2306
1134	1640
2779	3069
1966	2276
1334	1765
107	1793
3667	3734
2054	2543
2708	3051
2056	2287
3026	3303
2073	2623
3501	3604
1036	1129
3586	3712
2194	2417
2134	2463
934	1621
2561	2593
435	563
2745	3010
2742	3288
3504	3677
2212	2290
1376	1799
2074	2428
3584	3973
1563	1769
2932	3358
2150	2630
1375	1613
2140	2329
1918	2484
1964	2127
2706	2944
2718	3173
2661	2973
1004	1250
1999	2284
1982	2134
2151	2399
1573	1583
1918	2309
1540	1827
2340	2604
941	1020
1056	1772
1330	1663
2539	2586
686	804
2969	3096
3256	3263
2863	3102
2835	2943
3524	3770
2865	3393
1153	1665
107	1830
1204	1495
1653	1877
708	719
2308	2602
936	1574
1322	1381
1130	1839
2387	2391
2994	3090
2471	2512
900	1014
2834	3318
1282	1649
2773	2862
1573	1857
3437	3716
2676	2705
3651	3884
2131	2561
2800	3033
2849	3179
1393	1864
2089	2228
2506	2550
1621	1643
2309	2353
1406	1871
982	1547
3635	3731
2136	2409
1947	2642
2372	2543
2133	2254
232	239
1684	3426
2796	3320
417	559
2153	2510
2869	3060
2367	2379
3584	3764
381	551
926	946
359	481
2290	2433
1963	2369
2748	3117
2121	2123
1782	1800
2793	3332
747	810
1993	2430
1612	1879
3568	3793
1399	1473
1423	1899
2039	2508
2045	2334
1339	1768
3107	3313
1925	2212
737	837
1941	2315
111	337
1323	1470
2698	3098
1021	1859
1997	2552
2045	2564
2698	3096
2966	3119
2363	2546
3089	3194
1381	1459
1480	1488
2414	2484
934	1146
2124	2142
896	1215
1231	1899
988	1576
3449	3948
1425	1549
1678	1811
1912	2322
1799	1836
1964	2242
2257	2258
927	1269
3087	3427
2118	2257
2925	2943
988	1277
2664	3250
2302	2463
2247	2327
381	554
2153	2268
1982	2222
1334	1621
2315	2451
1018	1284
932	1775
1536	1699
2164	2590
10	142
3605	3926
2069	2118
2317	2411
941	1783
2713	3371
2759	3303
3501	3968
3180	3251
466	481
1912	2305
2840	3017
2888	3090
2063	2271
1929	2078
1392	1894
1945	2250
1375	1795
2153	2385
1584	1902
1943	2500
2367	2594
1483	1768
2118	2423
2331	2467
2319	2543
2943	3363
1998	2571
2142	2287
2730	3365
1998	2022
1609	1793
926	1663
2084	2499
417	500
925	1689
1505	1666
2064	2104
2150	2543
538	1237
1277	1655
3076	3116
339	347
1124	1843
1932	2111
422	592
3470	3769
2232	2589
2307	2604
1929	2560
2830	3412
687	830
1925	2244
1431	1714
2093	2485
2387	2460
271	276
2172	2586
2759	3064
2990	3007
2532	2591
3759	3918
1943	2630
1332	1870
2037	2428
2758	3196
1583	1691
3545	3838
107	1137
99	175
2326	2468
1083	1639
2586	2619
1458	1718
1060	1576
752	824
1945	2594
370	436
2674	3185
3136	3340
2472	2567
2043	2564
1945	2336
1246	1783
984	1649
944	1258
1352	1746
1842	1888
2327	2461
1941	2563
1202	1326
1682	1903
3450	3913
1985	2592
713	834
1944	2525
941	1573
3713	3835
2146	2405
19	227
107	1555
107	1732
2203	2547
1029	1470
1049	1407
1377	1623
2206	2359
2989	3321
994	1473
2038	2398
25	272
1079	1331
2108	2532
1505	2964
2072	2135
1120	1872
1198	1390
2261	2500
2032	2138
1482	1869
2309	2506
1551	1714
1621	1839
2047	2328
1395	1909
146	285
1051	1876
2105	2120
912	1122
2149	2174
1344	1730
1547	1816
1943	2615
2778	2833
409	521
967	1791
1457	1547
484	1673
2037	2077
2706	3023
2713	3154
2741	3220
2778	3434
2092	2478
2046	2579
2994	3119
2171	2645
1950	1957
1574	1766
2764	3319
1476	1527
1195	1538
1716	1871
1155	1844
2694	2786
927	1376
946	1570
441	476
1923	1944
3239	3240
637	1128
1124	1538
2698	3047
967	1243
2467	2601
1943	2213
1514	1694
1159	1183
2477	2546
2782	2862
2395	2604
941	1635
107	1101
2121	2356
2931	3029
1318	1882
3070	3350
1471	1590
2353	2356
1246	1862
1931	2016
511	517
2473	2566
2074	2324
688	777
1181	1827
3437	3648
3705	3794
2689	2750
1110	1540
2743	3243
2247	2543
2748	2785
1964	2185
2052	2199
3207	3366
1004	1467
921	1048
368	431
958	1118
3651	3677
1267	1491
1018	1786
1976	2337
2037	2190
2045	2507
2188	2323
395	542
2244	2326
1018	1286
2275	2414
2404	2593
2081	2594
2201	2559
2142	2526
2485	2601
2347	2414
2526	2564
2478	2512
2229	2359
3032	3167
1939	2394
857	3495
957	1716
362	460
1507	1876
1437	1551
348	559
2372	2594
3105	3218
1718	2054
2243	2398
2047	2125
1426	1682
2294	2343
23	230
1985	2553
1927	2658
1376	1811
3835	3867
1495	1573
2733	3272
916	1335
3011	3196
1328	1593
2007	2010
1433	1806
2401	2426
3027	3341
1094	1349
3702	3830
2268	2417
1580	1663
1039	1608
2381	2433
2739	3118
1929	2619
3866	3906
1602	1790
1129	1227
2240	2334
239	276
3523	3898
1376	1800
2208	2215
2510	2516
779	835
2324	2549
1068	1768
2869	3101
2615	2654
1198	1335
1577	1945
916	1290
2314	2403
3793	3818
2083	2613
2161	2336
3980	4020
2169	2283
2674	3146
1370	1488
3077	3244
98	342
2583	2627
2667	2921
623	654
1467	1707
3158	3163
1920	2042
2040	2370
960	1336
1131	1504
2495	2630
3437	3536
2867	3098
1191	1195
1344	1750
1272	1804
1291	1329
3610	3772
2867	3056
3046	3299
1222	1707
72	200
463	555
1170	1857
2003	2110
2989	3041
2347	2410
1580	1610
2069	2560
2033	2464
3243	3417
397	469
1943	2395
2324	2553
1181	1683
2428	2561
1334	1376
1108	1515
953	978
2381	2638
3499	3535
2336	2616
1097	1648
2115	2561
2495	2638
1684	3311
2267	2589
1912	2390
3142	3226
2054	2351
968	1062
1049	1864
3758	3829
2037	2347
1465	2508
925	1757
3698	3728
3029	3362
2104	2334
1795	1891
2127	2336
2179	2347
2005	2526
1377	1662
2046	2369
1811	1888
1929	2278
3595	3725
924	1120
2666	3174
1049	1688
1983	2575
577	658
1164	1685
2266	2526
2573	2602
940	1139
2749	2864
1986	2482
2334	2625
2254	2264
583	635
2270	2416
1316	1729
1668	1810
999	1752
2002	2132
1947	2463
2404	2638
601	1349
3468	3524
2495	2550
107	1011
1554	1570
2254	2267
1632	1835
1017	1230
924	1236
2369	2646
1971	2429
2026	2351
3084	3433
1078	1126
1399	1456
1666	2707
2282	2588
1332	1358
2461	2543
896	1404
2916	3047
1082	1104
686	812
2069	2088
719	828
957	1298
1729	1871
3596	3731
1578	1655
359	422
2133	2149
2839	2877
2033	2560
2323	2363
2040	2469
1951	1957
1962	2395
1983	2005
1922	2129
3437	3844
1994	2338
2828	3101
2841	3214
2667	3211
2040	2237
2338	2511
3586	3674
2839	3232
2246	2511
1205	1663
1195	1851
119	342
2919	3232
2354	2478
3466	3529
2778	3378
233	256
2144	2543
1245	1309
2354	2464
0	74
504	541
2491	2643
2901	3321
1166	1876
2332	2597
1108	1824
1008	1073
2894	3112
1210	1318
2124	2477
1380	1547
2190	2340
2398	2594
2064	2115
1993	1997
2111	2368
2464	2604
2745	3080
3449	3841
1219	1352
3658	3800
4020	4031
1458	1846
2040	2229
1028	1835
3677	3693
2057	2208
1388	1772
2292	2510
2491	2598
1163	1809
106	238
1752	1795
954	1104
1149	1675
2040	2392
125	169
2124	2290
3636	3666
2116	2233
896	1871
2664	2872
2217	2558
2858	3275
1075	1688
1274	1806
526	1357
960	1833
1451	1820
1048	1813
2428	2482
2136	2428
2184	2290
2215	2279
1921	2533
1172	1335
3675	3708
2040	2244
1082	1576
107	1224
2974	3056
378	515
1912	2562
2361	2503
1023	1615
2054	2319
1146	1768
2266	2499
1205	1329
563	1777
2020	2118
2033	2353
1288	1491
1285	1391
1347	1573
2308	2409
3215	3274
1746	1898
2120	2181
2689	3056
3459	3770
2059	2329
995	1361
2428	2469
3793	3826
1456	1557
1945	2302
2005	2299
2118	2404
397	439
1717	1816
2104	2489
2716	3191
1918	2165
2284	2538
1126	1344
2812	3421
1302	1612
1584	1877
637	1427
2127	2608
1962	2604
2110	2333
3499	3947
2	343
720	781
2796	3113
1743	1844
2428	2433
1950	2014
3684	3797
2293	2468
2713	2990
3089	3345
3830	3832
2190	2575
2936	3272
3193	3301
7	308
0	64
3177	3207
1139	1482
712	789
2409	2468
1983	2058
1970	2155
1329	1765
403	458
966	1230
2257	2275
1956	2301
409	497
505	554
107	1391
1971	1983
925	978
1465	2501
1070	1507
522	539
483	1066
2101	2111
2674	3347
1191	1643
1945	2592
1302	1816
1985	2299
1472	1496
365	513
1524	1804
2224	2512
1352	1662
2169	2247
2006	2116
3687	3858
3545	3756
2384	2629
1617	1827
2409	2467
1912	2422
515	524
1305	1431
2282	2597
2073	2179
3026	3387
2218	2423
424	554
1912	2490
1078	1888
1702	1865
3082	3146
1984	2521
934	1491
2091	2371
1484	1610
1948	2511
1260	1630
2059	2467
2277	2411
688	849
2728	2730
1107	1230
907	1155
2033	2056
747	804
3550	3684
1018	1495
1939	2282
2010	2347
2890	3123
3239	3416
2697	2934
1652	1804
2408	2418
497	510
2944	2981
1953	2063
3571	3708
1149	1211
1199	1714
657	682
2294	2415
2877	2909
3038	3360
1917	2363
2183	2597
2073	2206
3593	3764
3240	3406
776	872
1943	2147
2111	2472
1148	1438
2412	2570
1021	1432
2727	2840
2329	2464
1912	1988
1074	1768
3262	3332
2339	2578
686	694
1111	1368
370	432
946	1846
22	158
1603	1752
1600	1877
3004	3226
481	489
107	1716
1984	2139
1945	2567
3280	3297
1313	1878
2353	2611
1488	1768
2560	2602
1684	3059
2020	2030
1014	1032
1945	1948
2683	2915
2088	2446
2590	2611
2122	2638
2110	2282
2229	2646
479	503
2706	3004
2614	2656
2044	2427
1329	1643
2059	2408
2148	2199
2361	2644
3047	3090
1117	1877
1332	1549
3027	3302
1140	1666
3500	3776
983	1712
2348	2564
554	563
1396	1828
1355	1496
3198	3204
691	746
366	1512
3501	3533
2909	3142
3174	3226
3810	3855
408	440
3186	3246
439	461
2326	2334
2718	3087
252	345
3852	3971
2483	2527
1149	1181
7	304
1184	1813
3469	3510
2730	3002
1914	1972
4014	4023
1235	1893
2005	2418
1941	2099
3873	3943
1912	2394
2266	2276
967	1768
3035	3347
2154	2359
2334	2601
1796	1867
1201	1388
3002	3077
1080	1767
3437	3641
2804	3327
1714	1839
984	1282
2117	2533
2408	2482
0	164
2894	3332
2781	2836
2880	2905
2039	2183
370	420
2104	2347
1086	1557
2385	2398
2240	2324
2088	2551
2184	2278
2170	2486
285	323
2354	2500
1246	1635
1968	2159
2199	2598
2460	2625
2428	2542
3070	3252
967	1827
1965	2289
2062	2279
428	463
2040	2311
1554	1736
2266	2624
1107	1456
925	946
186	222
1987	2232
2748	3240
2022	2024
2111	2194
1256	1447
2960	3184
3170	3332
2069	2542
1989	2244
925	1124
148	229
2834	3176
1938	2374
2266	2576
2060	2240
2742	3419
3232	3348
2897	2920
1447	1868
1164	1765
1827	1867
2637	2642
3116	3422
2904	3319
2386	2655
363	463
1964	2186
589	603
2705	3363
2042	2183
916	1623
2063	2604
2084	2123
1092	1367
2039	2598
1529	1781
2067	2189
2047	2272
956	1138
2161	2491
3079	3262
2780	3172
1912	2585
1986	2123
2150	2590
1916	2344
2007	2133
2542	2619
48	57
1520	1793
1135	1420
3609	3968
2835	3174
2840	3396
2117	2594
2172	2359
1280	1608
917	1020
2149	2294
1288	1621
2128	2135
203	315
2088	2423
1129	1192
930	976
2257	2586
2201	2404
2943	3056
1199	1416
3043	3248
983	1083
1577	2151
2093	2326
2132	2399
2157	2640
1017	1130
2069	2276
2500	2507
2146	2193
1361	1509
2040	2056
2902	3131
2317	2402
1222	1369
1943	2350
1376	1399
739	824
2339	2600
2188	2201
1993	2356
2312	2413
0	254
2986	3085
25	331
3082	3419
1948	2053
1639	1723
2307	2638
1354	1469
2030	2607
1104	1576
1963	2140
3559	3944
94	302
1613	1622
2880	2974
2257	2428
2054	2594
2546	2591
2664	2806
107	1458
2287	2340
2951	2990
2573	2590
1672	1725
2047	2071
1691	1715
1076	1399
2414	2418
1026	1637
2216	2409
1369	1471
1014	1828
1255	1589
2676	3098
1589	1612
1955	2468
3677	3962
2030	2206
2174	2268
2247	2292
2872	3149
2056	2564
1048	1513
1997	2347
3824	3966
919	1066
1431	1488
1076	1867
2233	2506
2492	2561
2897	2916
1163	1238
1222	1497
925	1799
3951	3958
348	382
2839	2866
1097	1378
2007	2642
1912	2307
88	164
3830	3913
2027	2447
2233	2477
2992	3252
1619	1823
2329	2347
1001	1374
2083	2218
2683	3435
2339	2607
1979	2576
2266	2518
2032	2512
2602	2604
2793	3247
1472	1770
2124	2287
9	21
1635	1636
573	575
1973	2001
2276	2574
2793	3335
2327	2328
2750	2928
1144	1705
2109	2543
1917	2556
2268	2327
412	461
2271	2339
1548	1837
573	633
2006	2660
2063	2103
2054	2072
34	414
0	98
1647	1661
1183	1807
823	848
1085	3556
2064	2334
372	422
1452	1837
1528	1710
2271	2623
2212	2462
2109	2574
2273	2419
1729	1848
563	645
1941	2306
2067	2154
1359	1483
2200	2573
714	806
2095	2131
1128	1746
2108	2482
2333	2617
1376	1405
1973	2660
394	475
3169	3330
1199	1380
2172	2276
2068	2598
1628	1899
1211	1488
930	1210
2121	2433
2326	2549
2093	2329
752	810
2672	3076
2619	2624
1813	1861
414	423
2045	2607
2033	2550
1603	1669
632	640
2064	2131
3038	3342
2112	2638
2122	2190
2343	2649
1226	1778
2942	3404
2042	2510
3175	3188
542	559
1101	1809
2132	2221
418	463
65	339
1066	1508
2131	2229
1677	1740
2069	2290
2217	2448
2318	2425
2136	2477
1972	2435
2777	3387
1603	1662
451	507
691	833
531	570
2914	3194
2266	2476
1402	1772
2165	2578
896	1576
231	332
2261	2324
2003	2199
546	547
2183	2267
992	1548
2748	3345
3528	3824
1622	1768
1227	1857
2194	2491
2176	2372
1912	2660
726	745
1926	2543
98	123
116	144
3488	3926
3577	3677
2973	3082
1577	2598
2895	3302
2478	2564
3622	3690
1963	2339
2057	2305
1684	2907
2451	2491
2300	2303
1672	1828
2043	2356
2218	2630
2169	2589
1945	2473
1431	1584
2133	2629
1020	1282
1040	1359
2795	3254
1655	1715
1078	1793
1954	2343
2090	2299
1350	1894
2132	2198
2323	2354
1684	2920
203	322
1271	1559
2755	2800
1207	1789
1917	2064
1020	1382
1156	1622
2142	2275
3514	3518
2680	2911
1954	2153
2664	2920
1467	1730
1335	1598
2121	2290
2411	2474
1351	1902
3100	3145
1912	2520
620	666
204	254
367	391
1515	1871
3642	3838
1373	1820
3022	3142
1621	1867
2729	3036
1076	1175
1912	2178
3725	3819
1102	1871
1431	1791
1589	1663
4023	4030
2030	2554
960	1040
517	520
2045	2095
3060	3367
2716	3288
2056	2229
2081	2419
3534	3810
1435	1819
2020	2073
1945	2451
3596	3889
3111	3225
1800	1902
2550	2604
2605	2649
2633	2645
1166	1703
2029	2199
1929	2573
2109	2500
1231	1638
1126	1196
1156	1563
2379	2566
398	503
166	173
2408	2624
2532	2586
2833	3049
2139	2499
3529	3738
722	737
1339	1810
3542	3596
2154	2179
2249	2332
1622	1888
1094	1343
363	538
2748	3291
1465	2032
694	827
1682	1899
2261	2347
2864	2906
2347	2499
1505	3278
2046	2334
765	780
0	286
113	134
3177	3186
3521	3722
1520	1761
3076	3313
2194	2285
1069	1621
3469	3630
456	473
739	793
1347	1591
933	1794
1340	1683
653	664
1393	1557
1613	1804
1984	2184
2306	2539
2206	2414
1644	1752
2108	2593
579	588
2781	3060
1146	1305
1945	2617
2005	2539
2090	2395
3198	3331
925	1367
2229	2655
1199	1391
1469	1504
3437	3656
2392	2460
2867	3387
1684	2845
2090	2655
2002	2642
56	322
1003	1741
1918	2354
1094	1545
755	808
1600	1791
1082	1680
1175	1460
1941	2593
957	1277
2111	2461
107	1506
1684	2953
0	112
2374	2630
3060	3102
2419	2509
637	1479
2308	2309
2348	2611
975	1573
537	566
2045	2142
2192	2364
936	1767
2549	2586
2126	2231
2835	3324
2213	2326
2053	2567
1770	1906
1068	1604
204	249
1078	1551
990	3361
1072	1504
1107	1222
408	503
3203	3321
2187	2597
1211	1632
427	428
1945	2144
2165	2495
1359	1388
1250	1620
637	1277
3132	3355
1125	1795
84	236
438	492
1199	1662
1962	1971
2713	3086
3599	3740
376	488
1578	1871
1044	1596
107	1601
2210	2559
980	1761
2191	2196
416	465
1051	1225
2229	2352
402	559
698	890
1943	2212
3188	3209
1753	1861
3084	3435
2261	2381
1985	2391
3051	3113
3503	3731
2220	2409
2261	2551
2211	2272
1766	1801
2282	2555
939	1064
3495	3944
3179	3351
3593	3719
1329	1688
107	1615
107	1152
2354	2374
3553	3563
2007	2511
1912	2488
1347	1715
1718	1909
3672	3804
1126	1718
2074	2409
136	2327
1083	1800
946	1377
2103	2526
1679	1773
2056	2212
4004	4013
2749	2777
1918	2056
2217	2422
1277	1680
1918	2353
456	523
922	1480
1613	1644
48	330
1407	1753
2491	2616
2123	2492
589	684
3484	3842
3057	3164
1282	1303
2020	2604
747	805
422	631
2339	2575
2199	2652
2190	2539
969	1032
1269	1669
3662	3682
1623	1819
3448	3611
2761	3237
2161	2292
1929	2206
369	419
1258	1807
3497	3543
2741	2994
2765	3116
966	1714
2849	3240
1669	1827
3437	3936
1083	1665
3291	3302
395	520
2482	2507
1405	3233
1098	1579
916	1370
374	517
2476	2561
1993	2339
2244	2359
1128	1185
3076	3280
1604	1614
2354	2429
2118	2507
505	509
1990	2644
3558	3719
1926	2068
1684	3412
199	212
3472	3644
1962	2278
960	1091
2876	3214
2030	2123
1391	1614
2059	2112
1912	2045
1280	1670
1305	1621
2872	3142
1472	1876
2087	2128
3604	3913
2744	2762
1079	1214
3518	3578
2395	2623
2006	2011
3371	3410
2339	2352
483	1767
1086	1235
2172	2619
1132	1172
3539	3678
1340	1341
2377	2438
2229	2323
2117	2310
2074	2560
2183	2594
483	1645
2853	3106
3437	3527
304	325
2029	2333
2428	2573
1972	2378
3456	3800
2101	2479
200	274
2118	2307
2172	2206
2093	2115
370	525
2047	2511
2224	2588
2292	2597
1706	1786
2053	2294
107	948
1192	1423
1137	1548
3040	3064
1705	1825
3267	3299
2710	3095
3785	3966
2724	2865
348	439
2118	2593
2778	3416
2199	2325
1250	1810
1408	1740
2407	2539
3237	3286
1971	2347
2133	2176
526	1435
2327	2597
2446	2553
135	320
1137	1378
362	482
2038	2180
1453	1831
3693	3970
2083	2561
2806	3324
2054	2280
1580	1772
2010	2377
1242	1399
2745	3430
2104	2601
2344	2396
1684	2674
1011	1709
1017	1287
2128	2351
2151	2384
1623	1737
1064	1202
2862	2912
2869	3416
2906	3040
2037	2549
1456	1832
3261	3434
2250	2419
2037	2539
2220	2477
1523	1689
2351	2629
1398	1538
3144	3255
3762	3800
2719	3347
1156	1570
2050	2647
2617	2649
771	818
3287	3396
3072	3214
187	242
2138	2608
2043	2574
1912	2029
2199	2533
376	527
1916	2007
1603	1757
414	586
2324	2484
2128	2598
3146	3201
2063	2638
26	134
1917	2165
1522	1570
959	1456
432	439
107	1260
2037	2055
2239	2385
1377	1800
2104	2507
1941	2246
2551	2573
1951	2657
2045	2266
1684	3116
1448	1691
3722	3773
2506	2631
405	563
2302	2468
75	274
1662	1833
1201	1835
1345	1628
2875	3411
3101	3320
395	431
2351	2597
1684	3154
2532	2559
1917	1997
3437	3826
1416	1688
1932	2592
1721	1730
2951	3176
366	1694
1278	1867
1470	1551
1912	1979
3629	3876
1079	1243
1920	2039
2377	2463
3521	3867
1132	1736
2098	2428
1471	1563
1914	2025
3437	3764
2671	3091
2290	2363
2103	2271
2255	2486
2005	2020
1600	1603
922	1458
2020	2354
1009	1014
1610	1898
2492	2607
1629	1784
2139	2172
1715	1903
2007	2174
2611	2654
1133	1590
978	1323
25	170
908	1465
3437	3445
0	42
2117	2471
2201	2410
1238	1471
1123	1614
1985	2409
2873	2993
1929	2240
2259	2336
2564	2601
366	475
1100	1475
2040	2564
1612	1663
1577	2087
780	835
967	1048
952	1888
1155	1616
1284	1691
967	993
2041	2634
1192	1871
2011	2627
1435	1729
2332	2653
2004	2022
3201	3434
460	507
2810	3433
2045	2109
2149	2616
438	604
1211	1530
1662	1827
1344	1416
1993	2526
3706	3924
2054	2180
0	235
1681	1699
63	261
1238	1420
1122	1313
438	566
3261	3403
1257	1680
2423	2625
1204	1727
1618	1827
1099	1828
2658	2659
1117	1163
1897	1910
2778	3113
2138	2420
2169	2511
1945	2338
1110	1191
2035	2129
2683	2754
373	651
2107	2227
3804	3926
3279	3432
2033	2045
1243	1497
2339	2623
315	324
1181	1211
1404	1857
2401	2515
1774	1911
1182	1768
2087	2319
1912	2472
1960	2523
1036	1104
804	856
2176	2282
1106	1121
2046	2563
2114	2322
444	556
993	1110
2951	3038
1075	1367
2005	2370
2800	2940
2778	2875
2442	2499
3017	3258
122	128
1947	2199
2867	3023
3347	3378
2532	2542
483	1014
3000	3104
2326	2348
1741	1826
1721	1813
2224	2629
1101	1522
1095	1692
3090	3114
932	1420
1230	1714
2039	2465
367	403
2870	3154
2694	2966
2148	2510
2190	2564
3005	3101
96	314
353	1237
2414	2586
1672	1869
1166	1515
2088	2556
3838	3845
1959	2336
1338	1709
993	1597
1059	1539
3302	3356
1416	1589
2090	2352
2773	3029
2681	3056
2997	3012
1238	1520
2244	2495
1962	2500
2279	2511
1277	1596
2137	2385
1913	2250
2188	2601
2232	2537
3082	3224
2115	2324
1079	1610
3038	3081
2004	2435
2104	2563
1913	2582
2201	2460
1380	1604
2322	2371
2915	2988
2191	2273
943	1051
1962	2590
128	334
1402	1617
1044	1100
488	559
1431	1663
1993	2591
2863	3070
3203	3299
2139	2240
2482	2559
951	1033
2088	2095
1912	2314
1235	1884
3056	3304
1319	1378
2424	2644
2261	2353
2786	2910
1985	2326
2840	3111
414	436
1577	2567
2040	2115
2866	2916
1029	1598
1041	1876
2877	3363
1706	1871
1671	1829
1437	1793
3985	4004
2306	2556
1919	2365
1750	1844
2147	2339
2130	2160
1989	2606
2526	2593
1042	1366
1282	1502
3914	3915
741	763
2169	2176
2037	2229
2017	2321
1132	1707
2228	2540
2681	3129
2298	2605
2683	3400
1480	1863
2087	2608
3786	3947
1684	3038
3670	3824
526	1882
1330	1816
1237	1677
2430	2655
2090	2376
3124	3418
175	278
2729	2907
1128	1750
2409	2654
1312	1714
3076	3182
1542	1902
2374	2638
484	1694
1513	1765
2839	3195
3711	3896
2069	2275
2958	3353
967	1891
2125	2279
2046	2074
1528	1589
3982	4030
3628	3871
947	1562
2125	2169
82	252
1080	1844
1467	1554
2125	2592
1431	1737
387	561
366	1631
2909	2910
2290	2615
2930	3251
417	556
1066	1716
1129	1350
1039	1619
2326	2553
3051	3145
3034	3406
1488	1833
2030	2164
2196	2465
1182	1329
363	388
1735	1849
2717	2956
107	904
2702	3136
1540	1569
2030	2043
2409	2549
953	1553
2201	2499
745	752
1077	1858
1946	1985
641	1273
1222	1289
2075	2511
2093	2539
2188	2492
2853	3035
2022	2097
3215	3335
968	1536
864	893
362	415
2176	2310
2506	2600
1921	2620
2064	2309
2689	3096
2543	2624
1171	3290
2538	2645
1018	1273
1458	1845
107	1003
1126	1902
2208	2292
2038	2511
2468	2506
3243	3363
1946	2623
2676	3078
2074	2323
2206	2307
2194	2543
2127	2250
1684	3207
1067	1279
1152	1807
107	1753
3640	3734
3000	3362
2083	2418
2226	2608
487	513
1984	2064
2241	2328
2290	2374
414	574
2754	2880
1322	1583
1914	2225
107	1485
2294	2509
3662	3745
484	1422
2731	3387
2034	2437
2037	2482
2020	2370
1577	2196
1419	1858
107	980
2047	2581
2737	3233
1021	1204
686	797
2020	2625
718	781
3162	3415
107	1353
2497	2534
2060	2084
1028	1126
2154	2477
2881	3015
2809	3090
1948	2144
583	659
2300	2446
2180	2451
2966	3104
1006	1271
1943	2646
2194	2332
1612	1888
1923	2176
2266	2278
2325	2637
2460	2655
2107	2342
1079	1757
1986	2586
1011	1348
2016	2022
1945	2543
1663	1886
2776	3271
2755	3158
1279	1448
2297	2620
1025	1464
1982	2443
1420	1456
3437	3522
1917	2356
2687	3046
896	1841
1729	1786
366	513
2390	2396
2415	2603
3437	3747
3460	3466
2222	2328
2543	2625
2960	3096
2765	2828
1009	1716
1684	3366
1914	2001
1619	1722
2500	2532
1391	1491
1449	1467
1420	1839
913	1897
2122	2179
492	500
2045	2477
2279	2592
2060	2300
107	1066
930	1660
1331	1816
1056	1768
417	456
627	681
1643	1653
995	1352
2123	2184
993	1604
410	555
1946	2220
3442	3936
1365	1886
363	417
2991	3434
2137	2153
3561	3942
2931	3078
1230	1750
2121	2604
1080	1673
2094	2245
2602	2655
2996	3431
1507	1847
2002	2007
1137	1837
1684	2900
2144	2315
2729	3084
2328	2332
1746	1761
2124	2630
2124	2611
952	1004
26	172
1014	1857
2759	3213
1475	1706
1529	1761
2410	2576
3077	3253
989	1413
2865	3020
2071	2643
693	734
1941	2586
3485	3518
2104	2212
2268	2372
96	133
1555	1615
269	329
3148	3280
2104	2561
3258	3299
983	1153
2307	2353
2742	3335
3684	3842
2180	2215
1338	1469
2307	2630
2346	2364
1132	1898
2233	2369
2919	2985
2503	2534
2955	3236
1110	1861
1273	1382
1019	1479
1502	1812
2904	3272
1124	1675
1548	1798
1101	1287
3185	3297
2088	2464
688	754
1966	2600
1933	2497
2325	2406
1475	1649
3473	3917
1604	1789
370	378
2233	2526
1684	2782
3097	3329
2005	2093
997	1663
2090	2331
1957	2225
1923	2247
2073	2625
3609	3721
969	1502
2036	2453
3118	3172
3575	3872
1457	1868
1488	1789
3684	3971
1966	2467
1970	2592
1948	2333
3734	3800
2290	2542
2074	2172
2904	3215
1467	1835
1083	1547
3756	3968
2724	3061
1054	1529
1912	2450
1248	1785
2839	3226
387	523
1351	1800
1277	1873
2472	2533
3537	3901
3101	3419
1222	1334
2237	2340
1312	1765
946	1480
2770	3347
1947	2246
926	1722
2272	2318
3011	3179
1086	1867
1606	1882
2294	2328
3302	3341
373	402
963	1097
1671	1844
1926	2226
54	313
2700	3253
2508	2510
1112	1796
2309	2485
3342	3355
2123	2613
0	127
1655	1728
3505	3722
2229	2501
3022	3387
1917	1953
1339	1431
13	148
1199	1761
2730	3168
1085	3692
1584	1888
1211	1663
1917	2103
1335	1547
3460	3630
1603	1864
1966	2579
2828	3406
2338	2436
3933	3964
1213	1855
2005	2460
1644	1652
2021	2563
1941	2128
1017	1557
1811	1813
1009	1404
1717	1723
348	522
136	2009
2851	3130
1509	1730
1613	1752
598	653
1181	1603
2796	3185
1470	1843
1947	2007
686	701
698	3437
3038	3319
3493	3951
1684	3352
198	399
2706	2786
2233	2554
2057	2215
2150	2229
3627	3730
1191	1335
2974	3174
1018	1166
1255	1750
1582	1848
967	1774
2661	3152
1352	1823
2381	2418
428	641
2328	2544
2149	2187
21	104
2119	2644
2218	2593
1225	1500
1366	1481
1452	1747
2076	2513
2104	2142
2665	3395
2032	2285
3966	3971
2064	2306
2087	2191
1009	1261
1707	1826
1167	1569
980	1637
2747	3302
3185	3287
1999	2640
3518	3830
1471	1793
2430	2520
9	161
1209	1804
1922	2156
2020	2521
2283	2451
2045	2118
1298	1884
1217	1658
3052	3090
1917	2428
3140	3335
2039	2289
1720	1729
794	842
3604	3788
3590	3921
1209	1622
686	798
1523	1800
1322	1591
2024	2157
3076	3403
1017	1211
1125	1714
612	654
1250	1752
1273	1451
1984	2468
2285	2567
1201	1535
1448	1611
1929	2188
236	318
2381	2655
2188	2433
1074	1376
243	312
2394	2461
2830	3002
2710	2769
1415	1472
1946	2392
1086	1467
1363	1733
1068	1598
2196	2491
959	1359
2395	2607
1959	2187
2124	2526
1293	1335
2347	2398
1272	1735
1361	1610
2863	3097
2789	2978
400	503
2449	2476
2197	2455
1827	1843
1970	2598
1003	1079
2389	2459
3277	3291
2381	2600
3654	3830
2853	3330
2188	2206
2319	2400
2056	2090
67	118
1930	2129
2372	2537
1391	1409
1555	1803
1076	1522
2370	2428
324	331
1124	1909
1993	2462
3333	3394
1185	1721
2478	2646
2768	3034
636	680
2261	2521
1912	2237
2001	2024
686	761
1102	1324
3527	3930
2875	3396
2087	2338
67	315
395	524
981	1044
1426	1899
1666	2869
1128	1727
1117	1402
1302	1603
2427	2454
1076	1431
2133	2143
1352	1846
363	378
80	194
2845	3396
2222	2390
980	1730
1377	1885
2465	2643
3645	3680
1516	1833
1920	2052
3576	3604
2328	2629
2046	2500
388	444
2121	2624
960	1584
3581	3649
1947	2101
2199	2516
1059	1243
1028	1267
2782	2877
2739	3069
1684	3356
2553	2573
1768	1863
2564	2607
2101	2436
431	487
815	835
2564	2593
2142	2189
107	1179
2128	2475
983	1101
2819	3385
1648	1798
2720	3070
2956	3243
1920	2161
1938	2084
1959	2438
2988	3417
2414	2655
3714	3822
418	497
2339	2606
2123	2142
2086	2504
1209	1528
2724	3332
1331	1377
2368	2555
2331	2539
3060	3209
1962	2043
1423	1875
1359	1722
2090	2190
2107	2424
353	1694
2005	2359
2241	2598
2331	2433
1978	2173
2871	3360
2889	3325
2233	2561
2078	2414
2140	2142
1285	1288
2278	2655
2443	2584
2791	3116
2064	2623
3327	3424
3628	3657
2244	2560
3804	3930
3001	3373
73	331
2433	2468
473	527
2986	3004
3546	3939
0	206
2827	2966
2398	2608
1538	1750
72	132
2380	2448
3005	3060
596	1233
1530	1554
1163	1580
3	323
3120	3207
3117	3214
1649	1850
1078	1211
1275	1469
1104	1728
1054	1608
925	1563
2340	2482
2180	2282
452	500
3391	3416
506	561
21	161
2111	2289
1260	1703
2693	3397
109	200
2020	2414
1979	2352
598	618
3500	3696
1683	1724
2053	2420
1236	1749
3591	3855
2184	2560
1957	2006
2088	2131
3185	3280
32	310
1116	1827
394	544
2083	2638
2002	2062
2877	3237
2118	2615
980	1230
2863	3115
366	566
2339	2646
960	1480
2884	3044
2100	2113
1391	1813
2145	2146
1997	2340
915	1549
1076	1799
2252	2333
2894	3035
261	297
1376	1737
1269	1721
355	412
2914	3397
3468	3810
3577	3586
1668	1789
947	1750
3495	3971
469	540
1360	1579
352	431
2222	2568
2887	2907
1104	1871
1962	2586
2216	2586
1361	1879
3294	3324
1953	2646
2948	3193
1118	1468
896	1032
1584	1735
2216	2423
2988	3119
1482	1529
748	831
2970	3106
362	371
2088	2339
1721	1888
1144	1825
3457	3831
2359	2593
107	1558
2954	3248
1800	1816
1048	1399
1146	1173
1809	1813
1342	1637
1941	2607
211	222
2073	2190
2063	2404
2045	2414
1835	1842
2533	2629
2218	2477
3201	3344
1160	1849
1984	2078
1509	1800
2216	2539
1125	1132
2759	3202
3506	3718
361	463
526	1075
2757	2866
2078	2216
19	112
1160	1665
1979	2190
1571	1620
2423	2550
1953	2121
1979	2395
2498	2581
2729	3384
2124	2184
26	212
460	521
2192	2202
2007	2086
1562	1889
1123	1449
2355	2389
1199	1659
1024	1886
3	26
1220	1537
2200	2638
2180	2302
107	1472
107	1665
2810	2960
917	1661
2299	2410
1577	2643
524	566
3593	3810
2040	2213
367	548
1983	2154
1041	1815
1962	2045
2739	3292
2911	2919
2937	3434
720	745
1211	1741
2213	2299
1912	2311
1004	1184
2111	2328
2698	3033
2060	2575
1128	1675
2095	2564
1420	1717
2020	2600
2307	2374
1086	1721
1230	1689
2743	2974
2009	2648
2724	3162
2287	2542
2081	2396
3187	3249
2038	2169
2395	2655
1181	1242
3494	3705
2956	3400
2030	2430
2372	2616
1149	1538
2087	2144
2753	3019
2246	2617
2694	2927
2715	2859
2806	3142
2326	2354
1104	1647
2866	2919
934	1390
2351	2567
1273	1848
1912	2443
732	822
3070	3120
815	847
1920	2102
1962	2188
1940	2516
2154	2485
2796	3201
3137	3348
3626	3839
3129	3435
1345	1515
1019	1413
2742	3224
1568	1880
686	740
2981	3119
388	507
2310	2325
492	651
2669	2877
2793	3353
2431	2528
589	596
934	1267
2376	2526
107	1505
1941	2233
1209	1344
26	203
1986	2086
1391	1612
2897	2943
1479	1873
829	847
1304	1310
395	488
446	539
2743	2839
1684	3233
3552	3672
2026	2133
2171	2417
353	1397
2418	2575
2777	3226
3471	3902
2285	2609
1522	1804
3087	3289
1973	2097
0	324
2235	2458
3628	3912
451	553
1357	1692
3002	3168
414	600
1211	1888
1345	1812
107	1903
2701	3262
980	1146
3764	3895
2278	2485
3495	3596
1257	1655
388	421
1361	1626
3496	3817
1060	1423
458	545
366	1001
1608	1768
1123	1471
1589	1753
2161	2327
3518	3702
3718	3833
1298	1786
1235	1871
1912	2539
1117	1329
3486	3969
1054	1554
1048	1688
3272	3381
2047	2183
1946	2045
2984	3291
1453	1671
1322	1423
2737	3298
1146	1376
3734	3929
1698	1847
1584	1757
374	524
392	465
2032	2111
107	1178
1290	1833
2969	2974
3617	3738
107	1474
2538	2620
2123	2210
3149	3387
1285	1547
2323	2433
957	1170
723	745
2196	2629
1684	3148
2526	2556
2118	2428
0	83
967	1238
925	1879
3116	3360
161	258
1407	1620
2165	2261
1943	1966
1017	1117
1920	2653
1530	1714
3087	3299
1686	1699
3596	3828
960	1238
1688	1752
944	1072
1912	2370
1028	1761
2715	3259
1192	1459
2384	2502
1608	1833
1377	1782
2307	2586
906	1827
1037	1275
1912	2592
3671	3793
1017	1909
1920	2649
1702	1845
280	332
271	280
188	304
1146	1867
2056	2326
2064	2220
1124	1509
2188	2489
2033	2410
1032	1086
2123	2631
1966	2604
1108	1316
2007	2379
2970	3416
1984	2140
1972	2284
1420	1683
2833	2991
2052	2588
1899	1903
2201	2560
1313	1692
2040	2340
2754	3054
2689	2694
2078	2386
3088	3208
2243	2603
2781	3335
577	583
107	1321
2700	2848
420	506
3093	3380
104	322
2212	2418
107	1281
107	1264
596	618
1059	1827
611	625
1017	1457
2862	3195
2142	2226
3495	3633
1604	1816
2780	3089
107	1837
1255	1376
1069	1101
1060	1859
2047	2473
2713	3291
2853	3116
1056	1791
368	521
2190	2423
3132	3344
1789	1879
1577	2461
2896	3022
3119	3435
2592	2617
2425	2498
1299	1525
3089	3116
1710	1771
1420	1879
3492	3697
1555	1687
2056	2257
2862	2956
2155	2247
1473	1545
1293	1888
1083	1612
2090	2521
2858	3404
2985	3108
1190	1432
3654	3755
2783	3369
2212	2590
903	1452
2938	3343
2404	2500
175	263
1960	2628
2000	2018
3465	3837
2090	2121
131	177
3641	3920
876	878
2381	2526
3480	3756
2233	2604
1959	2293
1994	2194
3437	3835
2033	2142
2122	2625
1025	1427
2194	2438
781	853
3018	3412
497	538
136	2018
2778	2869
1238	1598
2247	2582
1293	1800
1205	1456
455	510
1623	1800
3247	3397
2184	2334
2806	2877
107	1623
3514	3800
2754	3399
1689	1891
2196	2533
2755	3084
2257	2619
1423	1636
698	858
2229	2559
2873	3052
3643	3924
1277	1875
819	835
1935	2202
1344	1653
1659	1813
2423	2543
2913	3119
2218	2433
2046	2240
1331	1632
2071	2597
232	271
2330	2617
1447	1879
514	683
978	1547
2859	3365
2939	3027
2749	3257
944	1536
2778	3274
1298	1635
2869	3277
2438	2509
1047	1610
3803	3821
414	626
2944	3073
582	600
1959	2264
980	1563
2188	2520
2862	3435
587	646
2187	2328
1551	1580
1331	1539
0	243
1107	1620
3120	3297
2030	2654
2092	2507
3237	3315
2929	3417
1187	1567
2164	2579
1862	1903
1255	1416
3089	3344
978	1839
2010	2343
2078	2423
2180	2653
2037	2489
398	409
431	492
2058	2429
2754	2850
2665	3027
2109	2308
2313	2441
1117	1214
2140	2308
934	1663
2765	3316
2404	2600
3771	3855
2064	2090
3027	3101
1290	1683
366	555
1242	1352
993	1122
1734	1768
1621	1800
3342	3419
2033	2556
976	1878
2439	2450
2438	2543
3115	3124
2038	2327
2201	2561
2174	2419
1946	2121
3470	3629
348	544
903	963
3718	3969
1968	2022
1621	1810
2054	2110
414	629
348	541
1192	1680
2777	3000
418	553
375	503
1060	1661
2526	2655
3822	3869
1408	1818
3106	3169
1714	1804
497	527
3449	3545
2989	3160
3039	3274
2373	2656
1528	1608
1471	1516
1971	2655
1718	2187
3456	3651
2150	2600
82	148
1155	1358
995	1470
513	557
2815	2943
1551	1864
1956	2281
2164	2624
3198	3252
2299	2331
1985	2646
2184	2655
2782	2986
1997	2553
3739	3868
348	405
2005	2500
1917	2563
2220	2604
2078	2352
1098	1719
952	1597
3456	3804
941	1680
1124	1858
1426	1628
2022	2284
3206	3344
2112	2257
107	1494
2703	2889
392	553
373	436
1596	1611
1955	2491
1459	1462
698	877
1707	1736
2279	2282
2010	2642
354	557
56	103
348	449
2026	2508
930	1464
1001	1207
2098	2464
2043	2118
2661	3276
1132	1556
1185	1467
2547	2597
1075	1730
106	231
170	200
1290	1614
2005	2083
2395	2549
0	68
1339	1826
1912	2135
3482	3508
2043	2507
2476	2584
1426	1573
1833	1835
1914	2000
1192	1257
2237	2410
25	76
1275	1299
2781	3204
2145	2642
1388	1622
1635	1899
2028	2148
1132	1613
2377	2475
2738	2911
1517	1604
2	115
2575	2579
1960	2162
1547	1827
1290	1721
2687	3321
2945	3056
1024	1888
414	677
1209	1791
1025	1429
2045	2077
2037	2122
1184	1402
3119	3174
1149	1618
1309	1732
1946	2311
1986	2043
2243	2598
497	546
1075	1290
3548	3737
2352	2553
1689	1842
1971	2414
2126	2236
359	547
414	603
2793	3350
1564	1822
2944	3085
1003	1255
444	445
797	817
1049	1867
1964	2007
1559	1563
2095	2276
2253	2374
2184	2556
2002	2267
1228	1725
2750	2988
1684	3159
2276	2309
2951	3100
3287	3298
1912	2093
2827	2917
1793	1888
2004	2640
1945	2032
2090	2142
1946	2578
2349	2426
1665	1730
792	835
1052	1507
2002	2567
1185	1271
2713	2729
100	150
1973	2657
1456	1542
666	680
2180	2191
1438	1592
1107	1361
221	322
1991	2018
449	543
1175	1789
2984	3316
3002	3291
3117	3274
2347	2409
2479	2652
2107	2314
2064	2331
2201	2590
2880	3213
736	818
2840	3367
1399	1437
2278	2492
1102	1786
67	334
107	1146
3548	3661
2863	3214
3640	3800
1068	1662
518	563
2103	2201
107	1804
2796	3274
1539	1721
3466	3583
1426	1448
740	817
2145	2656
122	322
932	1211
2233	2532
1950	2648
1940	2419
3507	3823
2677	3302
2730	3412
3647	3716
1997	2112
1918	2172
1953	2324
1912	2023
1522	1714
458	475
2116	2583
2172	2464
2121	2376
3527	3851
2919	3363
2356	2542
2108	2308
1405	3366
2807	3300
3506	3951
1045	1788
1100	1277
107	1282
3437	3631
1009	1475
1684	3003
3437	3874
2149	2289
719	824
1028	1163
2338	2384
2276	2386
3026	3324
1336	1580
2914	3411
694	726
107	1111
3687	3938
2184	2271
2376	2591
1059	1132
2275	2623
3696	3783
2201	2381
944	1366
3014	3104
1238	1330
484	560
2782	2944
765	779
2117	2434
1149	1361
2190	2526
2064	2543
107	1374
1107	1669
1172	1517
2006	2657
1985	2077
2104	2418
2039	2111
1584	1621
1598	1622
3648	3763
1199	1491
3734	3948
2370	2492
1334	1761
3013	3109
2429	2507
3841	3950
363	559
1684	2802
1370	1456
2020	2040
2073	2300
2575	2600
2832	3017
2089	2361
391	438
1056	1527
2428	2646
2448	2628
3545	3968
1109	1338
3018	3035
2184	2408
1797	1854
2674	2869
2369	2624
1255	1334
2319	2629
2132	2149
3593	3833
408	479
2244	2549
1523	1911
2218	2427
1124	1879
1366	1504
1525	1536
2703	3311
2300	2576
1919	2171
510	513
2928	2974
1336	1712
2750	2890
2438	2518
2142	2404
2731	3158
2117	2174
3381	3416
1684	3255
1003	1339
3146	3252
1491	1551
2098	2615
2433	2546
1502	1725
2859	3075
2370	2495
2863	3101
2780	3374
1918	2611
1199	1407
89	319
917	1166
3674	3851
3694	3816
896	1104
2062	2394
2084	2140
2275	2404
1938	2299
1925	2615
142	308
932	1483
2978	3430
2974	3158
2633	2647
2253	2482
686	723
1522	1688
1516	1668
2862	2986
1277	1583
1116	1329
186	341
1160	1842
2165	2352
64	119
2901	3113
1983	2638
3056	3301
2356	2579
1358	1790
2708	3350
1941	2521
2086	2410
1333	1895
3487	3566
1979	2484
2102	2327
2028	2298
1006	1902
1684	2975
3194	3360
727	784
1173	1535
1659	1753
1979	2300
3123	3257
1072	1815
1540	1711
2915	3064
1060	1728
1917	2561
1997	2108
2909	2967
1396	1515
3296	3350
2679	3078
1282	1742
431	606
1081	1732
3	142
1662	1757
2512	2588
98	271
2950	3335
53	330
2392	2611
392	506
2028	2465
3082	3185
962	1910
2951	3219
2426	2510
3002	3341
1718	2028
1214	1702
55	122
1929	2381
366	1349
222	325
2068	2072
2203	2461
2115	2142
1983	2495
1380	1554
2037	2492
2906	3025
2233	2630
1188	1876
1929	2408
1291	1619
1971	2543
2147	2476
2122	2136
2229	2578
2190	2276
3056	3135
2033	2507
1074	1341
2030	2340
2333	2438
2189	2458
1939	2518
971	1649
2266	2271
1015	1298
3651	3824
1384	1774
2479	2537
115	192
2688	2725
3999	4005
2098	2590
0	97
2627	2657
2351	2398
1559	1589
1986	2352
1153	1730
3192	3422
3170	3280
388	404
3437	3785
3475	3971
3102	3344
2111	2533
1632	1689
1912	2162
2862	2864
2069	2485
946	1827
1857	1899
1984	2086
0	39
1014	1907
2104	2287
2331	2409
2669	3084
2030	2326
1962	2526
994	1479
2352	2604
1963	1971
1914	1927
2777	3220
3224	3386
1120	1231
1329	1393
107	1673
1530	1662
3617	3823
418	510
2974	3078
3541	3657
2196	2653
1319	1895
1947	2355
2469	2564
2250	2567
2084	2532
952	1761
2758	3032
982	1153
3723	3961
3082	3378
397	513
2720	3240
1459	1872
2785	3335
1144	1421
1505	3386
896	1479
199	211
1684	2809
978	1440
2083	2428
1180	1520
2448	2614
1211	1305
1230	1754
1272	1516
1620	1845
3584	3826
2711	2724
3058	3299
1684	2764
1746	1819
3833	3947
3628	3857
107	1189
2153	2461
1920	2279
2053	2068
2611	2619
941	1857
1962	2220
414	676
2188	2418
995	1768
2793	3267
1340	1886
2939	3146
2506	2593
3010	3317
978	1557
1620	1833
764	781
378	417
2839	3228
2317	2580
2081	2135
2121	2188
2787	2849
2920	2928
1219	1289
2206	2601
2088	2165
1948	2289
1129	1596
2772	3313
731	805
1684	3271
1684	2753
3741	3966
1917	2429
1192	1231
2132	2510
1983	2395
2131	2276
2793	3434
1139	1504
1338	1725
3815	3835
3747	3791
1104	1682
493	536
921	1689
1309	1848
1399	1813
1923	2498
109	148
1271	1902
3825	3843
1997	2495
2190	2492
651	1673
1941	2460
2150	2334
1331	1471
2279	2420
1331	1402
1352	1554
1643	1675
3338	3376
2872	3430
2299	2340
2712	2849
428	1013
2043	2536
1341	1721
2304	2501
2694	2913
2149	2196
3470	3521
3101	3120
1980	2435
1565	1844
2296	2642
1621	1757
375	404
2062	2161
291	339
2020	2624
2109	2271
3318	3325
2001	2006
967	1888
2043	2578
389	1385
2086	2359
3016	3171
2862	2946
2047	2145
1106	1507
1377	1898
484	1223
2160	2455
3025	3036
2112	2369
2180	2588
1069	1736
2130	2659
1323	1643
969	1573
3753	3835
2176	2294
2161	2235
1471	1898
1912	2144
1029	1577
1092	1909
2088	2615
2553	2564
373	641
2418	2560
1431	1796
2347	2363
2054	2617
1496	1504
376	1300
2927	3339
1684	3039
3683	3948
2253	2638
1352	1795
2077	2299
1709	1904
2140	2212
2754	2812
2352	2423
934	1155
1076	1675
1491	1789
2046	2410
2007	2153
1601	1837
1465	2187
1912	2610
1912	2270
1249	1831
980	1827
88	236
1019	1204
2347	2625
2122	2123
946	1717
3817	3842
2184	2521
1107	1123
2047	2135
1272	1799
2131	2323
2140	2395
231	291
1255	1714
3437	3948
2363	2495
1130	1668
1542	1598
3029	3417
2083	2408
1993	2154
3896	3976
789	806
2212	2468
2065	2384
2053	2134
3461	3831
122	285
2078	2506
2773	3096
2354	2600
856	864
1938	2630
993	1431
1051	1807
2084	2112
1324	1661
1542	1772
165	200
0	86
1912	2302
2781	3419
1577	2053
2672	2708
1390	1520
2278	2468
1912	2462
2969	3108
2309	2615
3690	3768
1064	1743
637	1374
58	3290
2543	2567
2006	2364
3293	3363
1238	1662
2078	2391
1107	1302
1366	1667
439	561
909	1436
2521	2532
2943	3085
1489	1515
2696	3244
1516	1789
1577	2508
2636	2647
2235	2479
3455	3553
1920	2247
3224	3345
1555	1561
1489	1502
947	1835
658	662
2280	2333
2118	2124
438	591
1352	1707
1989	2300
3515	3829
1361	1902
580	1744
3511	3866
1612	1714
2148	2282
1918	2374
2149	2385
3546	3949
1036	1277
1913	2312
2145	2232
2033	2602
1067	1082
906	1623
1962	2350
2685	3279
1083	1153
2871	3395
935	1393
2409	2477
2336	2519
1115	1148
2738	2974
2112	2323
1480	1721
1250	1819
2188	2376
2827	2839
1718	2617
1160	1675
2773	3090
2097	2447
1102	1459
2047	2196
1991	2024
2835	3117
2004	2645
2201	2271
1668	1816
1941	2028
2138	2597
2316	2360
3302	3321
2240	2423
2705	3056
348	385
2719	3280
1420	1864
984	1828
1370	1610
2559	2604
3525	3540
1333	1568
2190	2271
1055	1513
686	719
3843	3927
142	169
3696	3747
414	640
2327	2643
1179	1512
2697	3246
1448	1786
1922	2120
2240	2578
1060	1148
119	148
2198	2247
2026	2161
1041	1541
398	412
2781	3381
2828	2833
2396	2511
2386	2428
2187	2417
1919	2640
2830	3154
3474	3915
1984	2095
2071	2511
2046	2395
1953	2354
1126	1619
2302	2543
1926	2296
1279	1899
2586	2604
3498	3521
2467	2604
2385	2530
2040	2123
367	519
2187	2592
896	1108
1953	1962
1309	1382
1040	1153
2071	2555
2482	2586
1982	2092
2739	3379
1730	1793
3541	3874
2213	2468
0	79
1456	1898
1302	1810
2176	2199
1135	1688
483	527
107	1653
0	163
3149	3237
2551	2631
2121	2526
2010	2512
2477	2551
2103	2154
2356	2586
1689	1833
2347	2471
3726	3752
1181	1431
2032	2451
1431	1823
2407	2410
2764	3201
1128	1612
2229	2469
1940	2649
1917	2121
1955	2203
1336	1839
1804	1813
2164	2559
2267	2473
3546	3679
1041	1259
2994	3174
3026	3257
2316	2577
1060	1475
967	1402
686	831
2104	2359
1929	2370
2047	2283
1912	2048
2280	2652
993	1389
158	322
3468	3534
2086	2409
1684	3265
3584	3896
1447	1707
2109	2408
1199	1488
1912	1922
3201	3320
136	169
1199	1619
2317	2342
2220	2468
1330	1610
2433	2611
3018	3277
1086	1175
2300	2506
3348	3387
2102	2419
1591	1884
1431	1789
2190	2495
2340	2395
2142	2164
1483	1842
1945	2458
0	157
0	332
1107	1516
1396	1871
2336	2649
651	1012
2757	2969
1184	1717
2043	2339
7	87
1939	2642
3017	3378
1081	1786
1272	1513
1420	1563
2172	2495
3437	3753
2033	2139
1341	1603
1075	1242
3488	3604
2150	2593
1289	1617
3162	3177
3187	3256
2037	2233
3061	3266
14	149
1377	1559
1086	1318
1985	2370
1352	1530
2600	2646
2987	3149
2026	2176
284	320
2134	2567
2114	2156
2054	2445
1912	2251
2482	2549
2473	2491
3215	3272
2403	2618
2313	2562
2111	2419
2681	2835
1793	1845
3011	3081
2374	2485
2773	2956
2807	3084
2074	2340
1400	1487
1997	2410
2872	3022
1467	1663
1285	1456
1942	2393
1160	1688
2912	3014
107	1310
2861	3053
1966	2615
2542	2615
3821	3829
982	1604
2900	3366
1084	1458
1124	1323
952	1269
1227	1381
2211	2610
2201	2638
1230	1589
1912	2327
1257	1322
2247	2398
1021	1903
1943	2108
2858	3383
1064	1342
1304	1840
1926	2199
2582	2629
1117	1302
603	654
485	563
3043	3097
2030	2615
1765	1810
1366	1492
2183	2293
2141	2610
2329	2543
1983	2543
2661	3146
2007	2601
946	1146
2773	3433
1551	1861
2124	2532
3052	3303
1963	2578
1001	1542
1447	1662
2161	2267
0	105
1342	1425
483	1300
1173	1527
1718	1940
2669	2827
968	1334
1722	1868
1972	2620
2088	2212
1938	2142
1221	1569
374	527
2024	2171
3051	3224
3077	3086
526	1329
1547	1757
107	1044
3545	3889
1736	1819
788	806
0	94
1207	1832
1330	1888
2201	2210
2533	2582
1943	2370
1932	2151
3499	3680
946	1819
1668	1683
1205	1288
2154	2559
2839	3054
1571	1600
1465	2199
203	270
1714	1721
2584	2611
2943	3000
3110	3374
3584	3617
3514	3966
1219	1864
1185	1782
475	492
1078	1879
1370	1741
1539	1750
2122	2407
705	834
2770	2904
3514	3913
1663	1835
3275	3291
2843	3154
2302	2547
1979	1985
1929	2077
1610	1826
1146	1791
3757	3836
1009	1021
1971	2150
2059	2060
3187	3404
1624	1783
901	1452
1684	2860
1191	1639
634	651
2233	2348
2064	2655
2741	2743
1222	1604
1551	1637
1126	1289
1497	1604
484	1237
2140	2499
2232	2267
2037	2553
2241	2445
1335	1447
782	829
2026	2187
1597	1886
983	1810
2347	2475
1352	1835
595	600
1577	2502
3207	3359
1668	1736
1345	1680
2907	3363
2729	3010
925	1559
3463	3558
2469	2607
1159	1338
1135	1470
2543	2605
3152	3378
3475	3488
1086	1184
3070	3152
355	515
1714	1737
2045	2121
2866	3195
1076	1689
1684	3137
1590	1804
3982	3997
3507	3927
2909	2927
3442	3685
128	223
1948	1954
2278	2423
1373	1742
954	1235
741	823
2165	2266
1746	1867
1946	2123
1250	1532
2741	2806
483	1025
3842	3968
2078	2638
1076	1659
1718	2224
2618	2628
428	567
2777	2906
2428	2554
2446	2559
2955	3136
968	1436
2664	2746
3449	3651
3525	3550
2940	3433
1024	1086
1780	1800
1066	1894
2864	2943
2782	3123
1225	1275
2846	3360
2154	2418
2475	2642
2369	2504
1109	1472
1238	1470
2111	2629
1675	1735
246	340
1402	1898
2872	3065
1204	1611
1204	1661
2187	2642
2174	2279
3200	3218
2326	2392
1941	2347
1791	1823
188	252
2033	2574
982	1457
2698	2986
1460	1851
2075	2394
2371	2440
2336	2617
941	1462
1920	1940
1006	1172
2095	2323
1212	1342
1076	1146
1912	2333
1238	1612
2233	2423
3622	3927
1684	3313
1449	1458
2247	2592
1235	1661
0	132
1075	1076
857	871
2199	2419
2045	2615
2064	2546
1926	2394
2910	3090
3469	3561
3255	3264
2142	2499
3460	3469
2132	2282
2386	2423
30	56
2590	2623
903	1118
2800	2974
2875	3060
1392	1459
954	1515
1040	1823
2469	2551
3448	3684
2132	2396
1259	1667
1837	1895
1505	1534
1661	1820
1086	1132
1052	1299
2759	2866
2126	2570
1918	1971
1970	2151
497	507
1237	1766
1277	1872
1966	2423
2172	2354
2912	3417
2633	2657
2464	2601
3152	3329
1955	2327
3640	3828
3076	3225
2166	2371
82	199
2125	2351
995	1180
1256	1816
3661	3908
2282	2434
2035	2440
3100	3233
200	280
387	524
1941	2240
2296	2473
3018	3168
21	248
2104	2306
1059	1765
1109	1275
2200	2369
107	918
1420	1516
1684	3075
1584	1614
3021	3247
1163	1256
400	419
2919	3014
1632	1818
983	1662
1085	1410
1107	1823
1025	1853
1107	1554
1522	1879
2807	2888
2460	2578
944	1770
3437	3884
1112	1209
1914	2660
1912	2019
2218	2354
2194	2394
2556	2586
368	479
2108	2374
1984	2404
1101	1898
2153	2588
36	184
1335	1491
2129	2146
417	475
366	1397
1471	1610
2721	2962
2407	2504
2331	2374
1707	1864
598	605
1130	1888
1377	1551
2261	2602
2220	2623
2233	2591
769	869
1557	1730
2849	3280
2368	2458
2261	2323
1993	2021
2102	2531
2904	2946
2021	2348
1191	1768
1343	1435
2174	2594
188	274
1100	1841
511	556
906	1804
2042	2254
3166	3238
2374	2625
2359	2549
2953	3000
1431	1813
1661	1871
3035	3206
121	280
1663	1804
948	1625
1941	2385
2735	2932
953	1487
1945	2351
1735	1810
1227	1475
3437	3786
56	332
2427	2512
978	1272
506	606
1121	1744
1216	1548
1561	1656
2087	2434
2323	2604
1484	1754
710	803
1997	2485
1530	1867
1228	1355
2345	2443
1945	2223
2235	2327
1402	1604
1941	2530
946	1369
2693	3156
1126	1336
3604	3677
1598	1826
551	554
348	545
1243	1589
1432	1479
1622	1724
1090	1228
637	1897
2124	2600
2331	2386
3090	3238
1146	1669
2290	2329
1947	2319
1294	1625
1293	1714
2030	2078
953	1336
1180	1813
981	988
2307	2430
3025	3073
2174	2510
2247	2598
896	1578
526	1540
1992	2650
1574	1625
479	492
2921	3256
1525	1897
3040	3065
2064	2418
2266	2464
1004	1867
1048	1431
1413	1636
1024	1287
1962	1984
2243	2294
2084	2142
946	1172
348	357
2058	2607
1921	2061
1680	1884
2047	2333
2896	3286
1271	1483
366	1740
688	772
1261	1515
1721	1867
2325	2603
465	493
923	1178
3667	3684
2699	2703
3261	3422
2047	2461
2940	3078
3555	3617
2871	3344
396	481
2123	2307
3178	3208
988	1655
2087	2153
366	493
398	408
2986	3149
2741	3054
1305	1836
921	1826
2026	2196
2928	3104
1813	1885
3509	3924
348	512
1488	1557
1926	1970
3214	3327
946	1538
2131	2287
1181	1867
1622	1877
2020	2275
1809	1810
1209	1663
1986	1993
1951	1991
861	876
2883	3101
1604	1861
2711	3207
1199	1329
2101	2396
2839	3158
2897	2985
2336	2498
3065	3232
862	3684
1947	1981
2709	3178
1629	1802
3018	3419
3448	3642
1128	1844
3877	3968
1662	1810
1459	1647
1124	1774
483	1397
3005	3011
3509	3896
1055	1779
3830	3886
2414	2623
3486	3506
2712	3252
2796	3261
2399	2509
3569	3924
2206	2329
2187	2196
2115	2229
2785	3101
1929	1943
1160	1214
3687	3860
2216	2615
1230	1867
3437	3537
367	525
2033	2404
944	1249
2667	2856
3137	3426
3460	3786
2139	2560
2024	2647
3017	3397
2223	2451
946	1390
2030	2564
921	1375
56	313
1714	1902
3437	3800
2486	2515
1920	1941
1016	1889
1610	1712
2901	3120
1344	1835
1816	1867
1367	1851
3555	3803
901	1837
1250	1344
2007	2473
1591	1872
1339	1416
2112	2139
686	843
2872	3284
1136	1555
1621	1789
2103	2446
2194	2642
366	1427
2131	2532
3549	3585
2467	2549
978	1613
2037	2324
2138	2347
107	1341
2753	3267
1377	1886
2047	2128
428	1536
109	323
1370	1736
272	329
1015	1235
2662	2984
2862	2915
1972	2302
2356	2607
805	815
2037	2542
1396	1451
2365	2620
1973	2024
2254	2498
921	1734
3456	3557
3478	3500
1404	1596
906	1768
2315	2597
107	933
1541	1847
2332	2463
2150	2467
2241	2588
366	1878
3586	3851
3154	3191
1144	1687
1944	2362
1566	1599
1409	1669
2172	2492
2088	2576
0	116
2221	2235
2919	3426
2063	2308
876	889
995	1809
1432	1716
2081	2196
170	277
2683	3324
3036	3114
1619	1804
2240	2526
896	1015
3082	3347
107	1647
1181	1717
3680	3690
981	1479
1939	2283
2412	2628
2937	3179
2098	2578
475	496
2518	2602
1235	1576
2266	2292
3054	3433
3563	3684
3437	3523
3182	3378
2111	2451
916	1605
2210	2333
2309	2464
1509	1613
966	1341
1929	2536
1951	2116
2803	3138
2088	2573
3437	3583
2387	2427
1912	2095
1435	1683
2198	2471
3072	3152
1335	1796
975	1279
2347	2399
2948	3324
2701	2708
0	171
2242	2362
708	849
913	1366
595	627
1985	2477
368	371
2240	2553
1530	1746
3506	3810
688	853
922	1398
641	1086
211	313
1329	1750
2889	3309
3491	3545
3448	3697
360	542
1375	1833
1370	1800
1307	1553
2949	3336
1688	1746
2149	2292
2184	2638
2200	2467
1052	1348
2810	3220
766	771
2020	2556
3060	3328
941	1742
2728	3273
1684	3291
3606	3662
3437	3866
1626	1718
2020	2352
3050	3312
2347	2372
227	263
2754	3064
2032	2616
1480	1833
107	1836
751	828
3731	3790
719	734
1465	2333
1006	1199
1954	2087
1076	1086
2576	2600
2117	2145
3154	3434
2966	3054
1390	1833
1255	1643
3797	3830
1600	1752
925	1620
1632	1717
1783	1794
1380	1402
9	122
1390	1668
2244	2631
3822	3969
2086	2654
2032	2327
281	284
1741	1868
934	1329
484	567
2153	2398
1066	1824
2138	2215
2352	2630
0	212
1929	2088
2353	2615
465	569
25	113
2206	2500
2206	2536
3757	3957
2118	2532
2007	2279
2124	2201
2229	2462
200	322
2043	2090
1175	1842
2054	2419
1598	1797
1465	2293
2763	3303
1103	1850
3112	3185
107	1070
1960	2228
1149	1420
1148	1322
1101	1391
2554	2574
2904	3345
1946	2043
1945	2111
1392	1432
2200	2201
2093	2630
2199	2588
2151	2189
1017	1584
444	500
2158	2231
1539	1632
1120	1862
3437	3917
2148	2333
1130	1488
1684	2803
906	1250
370	469
2420	2643
3533	3795
2988	3234
1958	2645
2140	2414
2919	3142
1522	1663
2953	3073
2257	2539
1569	1903
1363	1629
2742	3240
2109	2607
1656	1687
3750	3779
2553	2611
1269	1352
397	563
1074	1171
3873	3886
2242	2298
1001	1080
2244	2348
2068	2338
916	1516
1277	1448
921	1842
3842	3873
1112	1714
2172	2311
3810	3951
24	266
2233	2276
1373	1828
2058	2309
3793	3906
2384	2385
2770	3277
2348	2602
3605	3730
3034	3345
952	1184
2338	2567
1684	3128
363	1574
1931	2004
1099	1451
3523	3883
1538	1888
932	1864
2778	2849
2196	2511
2138	2223
1017	1730
2443	2542
3080	3317
465	473
1791	1898
3351	3434
1772	1861
72	239
3257	3433
3628	3962
1953	2020
13	238
1934	2341
903	1548
1198	1563
3863	3894
2201	2611
2083	2553
3576	3926
2054	2338
1184	1800
713	748
1951	2006
2124	2590
2710	3426
2761	3414
1638	1871
1373	1907
3715	3835
1329	1539
3437	3875
1980	2538
1078	1198
1598	1707
2828	3115
2032	2149
1003	1563
2919	3149
3060	3332
1085	1567
2789	3026
1841	1875
2872	2956
1117	1589
1156	1271
2905	3078
2237	2654
2894	3060
2344	2438
1150	1865
1199	1902
1222	1839
961	1087
1375	1688
2211	2291
3525	3886
2529	2616
1107	1598
2706	2761
2440	2497
2755	2943
1268	1910
3093	3177
366	438
1305	1768
3085	3108
3658	3966
1335	1613
1299	1482
1219	1827
1684	3097
104	318
1111	1197
1997	2140
2037	2526
1644	1721
1222	1243
1127	1366
2666	2698
1406	1824
2344	2498
3120	3355
2363	2624
2786	2835
1107	1375
2074	2591
2109	2499
2060	2625
1718	1926
2359	2590
1125	1391
2258	2646
3184	3417
579	677
1454	1704
1858	1911
2254	2451
1604	1826
359	562
1507	1541
2849	3316
1380	1730
3710	3769
2028	2117
1052	1634
2392	2601
435	555
1938	2560
896	1221
2664	2835
2059	2495
2754	2944
1222	1819
3150	3302
1941	2184
755	814
2078	2654
2864	2969
3501	3760
3110	3138
1278	1800
1149	1827
997	1675
3521	3907
1377	1833
2060	2271
1149	1774
1130	1271
3596	3884
1806	1866
2359	2467
805	844
2674	3381
1547	1864
2904	3298
1946	2604
2316	2597
1684	3094
2410	2655
2364	2657
1390	1771
1097	1533
2154	2391
579	589
376	614
3188	3320
1707	1789
1970	2072
3149	3226
1018	1396
2132	2629
1447	1622
2757	3426
107	641
2920	3284
2198	2264
1070	1482
1617	1813
952	1714
2212	2233
1222	1323
2756	3220
3190	3248
2282	2304
3365	3385
1684	3300
1843	1845
2087	2511
1780	1858
1123	1175
2266	2392
3132	3260
1289	1827
1185	1849
0	124
1227	1515
2872	2925
2103	2356
1361	1898
1352	1663
1569	1781
1565	1692
2683	2756
2123	2326
921	1750
1014	1454
2674	2772
2132	2344
2300	2611
367	483
1943	2561
1211	1823
1153	1768
1083	1480
1813	1833
388	400
1983	2559
2854	2864
1272	1585
1475	1611
370	416
3540	3968
2253	2340
3471	3873
2852	2920
1158	1432
2261	2352
2005	2306
2093	2521
3498	3722
966	1668
1379	1857
1026	1765
3460	3937
2037	2073
2045	2124
2047	2338
2815	2912
2093	2526
1059	1431
2253	2428
1946	2543
2323	2495
2161	2221
2206	2369
3010	3269
2567	2629
1966	1983
348	386
1166	1894
1271	1280
2549	2574
3829	3915
3629	3705
637	1487
2242	2313
2240	2354
3740	3862
2571	2597
1528	1864
2551	2590
51	84
2847	3162
1948	2039
2353	2624
1275	1525
1238	1370
906	1688
1115	1315
1298	1716
896	1742
1125	1816
2833	3132
3858	3860
2465	2472
1806	1825
19	293
3132	3396
1320	1882
1160	1180
3437	3643
932	1589
1215	1742
953	1377
1976	1998
932	1659
3456	3750
953	1163
348	489
3252	3419
2936	3170
1032	1729
1661	1859
706	834
2221	2243
2679	2750
1551	1879
2033	2655
1044	1279
1547	1714
2014	2364
3251	3372
2992	3169
1323	1891
2179	2495
2068	2475
3721	3938
500	556
2863	3419
3577	3828
2500	2600
2127	2327
934	1086
1931	2202
2872	2873
2877	3195
2275	2347
2666	3426
3051	3267
2057	2292
2051	2558
3437	3562
1141	1785
3437	3479
1157	1909
1971	2309
2521	2593
702	714
2154	2482
1238	1255
2164	2220
1954	2024
3766	3791
1084	1173
2837	3317
1934	2388
2189	2419
2148	2530
3471	3611
1948	1959
2172	2299
2681	3363
2122	2446
2748	2772
1955	2161
1540	1622
1191	1604
3475	3852
2190	2433
2259	2333
966	1757
1951	1998
3158	3195
306	328
0	236
136	2007
542	567
1078	1823
2849	3434
1078	1810
2719	3367
920	1477
2271	2495
2890	3394
3448	3527
947	1539
2006	2159
107	1012
2329	2423
3674	3760
1123	1361
2026	2299
1912	2493
2477	2575
107	1123
916	1280
120	136
2235	2594
3437	3969
1112	1683
2504	2559
3440	3501
2750	2872
1622	1793
1912	2320
1926	2398
1331	1456
2828	3377
3437	3626
3464	3466
1128	1350
2121	2276
1209	1367
1083	1447
1376	1551
172	238
2778	3172
3632	3791
1078	1377
2831	3256
762	799
1340	1557
1352	1456
2324	2404
2843	3236
1420	1772
1493	1733
1416	1839
2290	2600
2306	2532
1048	1209
2866	3033
3232	3387
1345	1350
2174	2328
1457	1600
3697	3756
1943	2575
3438	3760
2220	2542
1962	2184
3449	3756
2069	2604
492	614
2532	2601
2139	2464
1532	1604
1334	1393
473	542
1793	1867
2125	2399
373	388
1004	1622
1092	1761
1107	1547
1912	2254
3707	3756
2693	3278
1382	1583
2395	2564
696	842
1685	1730
1984	2334
2326	2339
3465	3757
2716	2742
2555	2609
2077	2500
1120	1347
1766	1881
78	328
2306	2546
1126	1736
2172	2324
1036	1345
2640	2657
3463	3714
1953	1985
1925	2624
2040	2467
2020	2331
3185	3378
1712	1868
1937	2015
1236	1472
1107	1816
917	1051
795	829
1192	1611
1256	1359
2414	2467
2755	3022
107	1529
1153	1185
2521	2526
2892	3415
2683	2761
122	141
1575	1894
2069	2376
1986	2553
3519	3836
1331	1431
1945	2149
2905	3304
3224	3239
924	1482
1947	2603
0	128
1209	1827
1191	1554
9	334
932	1580
2991	3145
3116	3261
376	410
2192	2659
2190	2550
2839	3304
2149	2508
1989	2271
1926	2509
2910	2944
2673	2909
2675	3264
2336	2420
2300	2391
2370	2543
186	188
3672	3902
1938	2112
1198	1795
1938	2561
1684	3322
1918	2020
3321	3365
2679	2977
2372	2572
2226	2366
2460	2623
897	1467
1643	1735
1471	1598
2510	2597
1920	2199
67	134
3005	3010
2161	2509
2881	3133
625	654
2575	2625
1426	1715
812	824
2142	2574
932	1734
1035	1472
2777	2827
1926	2508
3113	3323
724	823
4017	4026
2966	3339
372	421
2689	3387
2081	2289
107	1842
3680	3895
2037	2356
1124	1804
1954	2582
1303	1893
1003	1800
1211	1367
1231	1462
1269	1376
2124	2139
1919	1972
1125	1879
946	1305
1912	2400
118	325
464	552
2169	2419
2546	2554
3474	3604
2064	2308
1980	2636
1341	1449
2665	2989
2302	2491
517	601
2376	2433
1409	1736
1135	1164
354	547
1182	1612
1557	1620
755	758
107	1248
1966	2576
1480	1768
3610	3779
2050	2494
2944	3226
2201	2601
2223	2289
966	1879
2071	2250
1684	3418
592	682
2117	2215
410	547
2083	2172
2110	2501
3022	3047
1351	1662
3703	3755
2098	2549
1405	3404
3437	3514
1004	1750
1238	1707
2080	2145
1006	1069
2249	2250
2005	2206
3142	3426
25	221
2004	2018
376	395
2742	3106
2084	2354
3884	3902
1153	1376
2172	2323
2800	2877
2275	2546
389	1296
3172	3434
3115	3185
834	842
2663	2786
135	251
2198	2282
3437	3576
107	1216
3648	3924
2023	2317
2363	2654
1953	2123
465	515
2247	2461
2002	2475
388	523
1983	2055
3868	3917
2212	2381
1918	2257
2430	2552
1129	1636
1209	1290
2273	2588
596	1086
2702	2871
2720	3345
1684	2727
1341	1839
2674	3051
1076	1796
107	1704
1125	1757
2775	2845
2735	2951
1984	2074
1341	1761
2149	2608
2333	2463
3131	3372
729	878
2038	2176
3176	3225
3285	3420
2464	2489
2750	3064
2113	2558
2958	3179
2351	2609
2991	3252
1350	1435
2339	2369
2202	2633
348	425
2423	2573
1172	1721
1675	1811
1075	1520
511	525
2520	2578
2063	2213
1918	2326
2136	2200
3437	3736
579	654
2353	2590
2187	2616
1095	1320
3628	3819
1232	1629
3625	3841
2591	2593
483	1611
927	1554
2176	2322
3693	3851
1205	1842
1416	1717
1773	1844
1204	1742
2978	3300
2112	2220
3830	3902
1172	1211
353	419
2745	3387
1377	1799
1737	1819
1321	1521
1148	1379
3070	3082
3511	3896
1361	1584
2134	2384
1981	2111
3291	3342
2675	3256
2054	2267
1920	2511
3634	3752
2839	2890
507	570
2152	2373
3351	3397
1653	1826
1008	1911
1266	1905
3801	3885
1149	1730
1932	2332
2174	2445
697	765
2194	2608
1082	1475
1393	1551
107	1488
1487	1646
2851	3394
1420	1888
2846	3212
0	144
2896	3078
953	1563
1912	2054
2943	3243
1593	1687
1100	1578
3774	3899
82	261
695	696
2419	2603
3362	3417
938	1648
2074	2104
577	650
1107	1791
2192	2472
1988	2207
2244	2553
2300	2370
1516	1768
1290	1528
3888	3979
2292	2293
2081	2343
204	242
1577	2062
2049	2411
2077	2266
2063	2352
2359	2482
1123	1617
67	113
2887	3000
408	545
1958	2024
2257	2429
1962	2433
26	133
462	538
2936	3015
2212	2546
1028	1714
1185	1888
2676	2912
2976	2989
2564	2630
1184	1471
2259	2327
1338	1357
40	271
2213	2506
993	1048
2154	2478
977	1756
1199	1305
1488	1530
1236	1703
2247	2344
1941	2302
2098	2271
1291	1570
2059	2266
3150	3247
3437	3889
517	559
1250	1799
1402	1571
688	830
2937	3076
2542	2575
2423	2495
1595	1729
982	1256
2285	2302
1632	1823
1404	1661
617	625
2123	2300
397	546
2248	2644
925	1485
2896	3304
1590	1608
1173	1557
2428	2655
119	277
1126	1335
2124	2543
1060	1152
2292	2396
2200	2655
3750	3968
780	815
2263	2558
1261	1661
858	895
2275	2504
3842	3966
115	220
1191	1291
921	952
1985	2233
1431	1613
2081	2367
2410	2575
1082	1381
2199	2344
107	1063
3437	3665
2777	2960
1931	1980
1100	1884
1391	1597
2753	3154
1331	1484
1331	1849
2574	2607
2103	2482
732	806
2901	2989
2093	2348
2050	2297
2381	2520
2247	2273
2907	3135
2331	2591
2931	3056
2956	3324
458	515
1986	2560
1977	2566
2150	2190
1428	1472
3596	3635
2909	3104
2058	2064
2742	3120
2194	2241
2326	2563
432	514
2839	3004
3556	3971
2586	2631
91	193
2172	2391
3521	3705
1626	1863
2718	2932
1026	1175
2369	2591
2089	2628
2707	2957
1148	1573
2078	2374
1929	2464
2223	2266
9	75
1569	1872
2488	2644
1052	1159
2658	2660
1985	2088
3022	3435
2137	2608
2738	2887
1426	1636
2633	2659
3578	3604
3344	3393
1175	1833
1182	1243
2124	2507
1067	1379
3512	3929
2266	2561
3109	3415
3775	3847
3263	3287
1076	1827
908	1307
484	1300
2280	2390
2007	2649
2138	2259
960	1331
1623	1909
3272	3378
2149	2525
2460	2551
2991	3288
2092	2300
2324	2410
484	537
2037	2611
957	1873
2352	2539
1516	1793
1272	1888
3087	3338
2583	2647
1018	1281
1059	1617
1377	1598
2054	2463
2999	3136
370	492
3599	3735
1452	1733
1348	1482
2199	2292
1238	1614
1608	1888
2463	2567
2331	2408
1487	1813
1305	1590
1250	1861
1325	1615
2839	2956
1925	2551
2967	3363
2754	2854
1153	1707
1390	1600
1118	1892
2134	2417
2220	2553
1943	2564
1101	1868
418	555
2084	2206
517	1778
2137	2502
2334	2507
3330	3369
1371	1452
3267	3277
3070	3330
2468	2646
2153	2643
2436	2533
1538	1821
2139	2495
2935	2999
1128	1436
2296	2610
1086	1907
1523	1750
946	1623
1932	2134
3101	3115
2138	2512
1959	2087
3557	3731
2763	2956
2256	2265
959	1457
2555	2567
2750	2800
559	683
2666	3384
760	827
3852	3886
2428	2560
1433	1708
2641	2642
3087	3321
2865	3256
1511	1555
3574	3731
3630	3738
26	277
905	1536
2247	2518
1184	1559
1941	2642
896	1587
3532	3803
2839	3387
2194	2643
3437	3804
1382	1508
2890	3426
2600	2630
1004	1352
3671	3882
2144	2609
1528	1811
1167	1299
1285	1431
1451	1502
1877	1888
1086	1091
1943	2654
1048	1608
1049	1344
3534	3617
1130	1467
1577	2458
3825	3893
2880	2909
142	323
1783	1786
2712	3321
615	647
3097	3136
1375	1799
1125	1556
678	685
1335	1632
1986	2055
2554	2564
2906	2974
2005	2593
2828	3076
107	1764
1033	1567
1211	1336
1995	2284
2133	2642
2020	2324
1271	1746
2149	2384
2029	2242
3111	3287
3497	3604
2083	2206
2111	2250
988	1192
1983	2551
1551	1757
2966	3033
1376	1390
2853	3132
2501	2537
1238	1845
1158	1215
2687	3209
3575	3672
483	1595
2052	2279
1222	1813
2391	2393
908	1187
2290	2307
420	439
1842	1843
2194	2555
2742	3416
2179	2484
2237	2308
2212	2369
1998	2627
1242	1816
107	1029
0	119
348	413
2423	2552
2021	2560
2309	2539
1917	2395
1920	2072
561	651
2870	3359
1162	1731
366	1142
3120	3206
2396	2451
359	396
1221	1899
2069	2306
1619	1898
422	597
1163	1714
1172	1580
2692	3162
1425	1844
1024	1289
917	1261
1226	1348
1929	2253
1737	1888
2299	2428
1454	1742
795	853
3997	4018
1173	1590
938	1533
2126	2197
2212	2500
2872	3090
1118	1629
2864	2940
515	620
2110	2479
908	1327
3072	3253
2122	2409
747	838
1331	1800
1004	1112
2781	3035
2275	2462
2329	2625
2813	3171
2772	3075
348	470
2290	2611
1275	1348
1075	1600
1215	1729
2165	2414
2071	2629
1211	1214
419	484
2683	3104
1060	1322
695	701
3019	3379
2128	2384
2324	2392
107	915
3833	3909
1388	1620
1573	1893
2203	2508
2339	2449
2661	3169
1450	1678
3000	3117
1621	1669
438	446
302	315
2104	2430
2266	2353
1076	1839
1680	1857
272	285
2148	2224
2446	2543
2318	2325
1946	2184
2372	2509
56	60
1235	1859
2081	2567
2507	2600
1986	2093
3822	3924
2257	2556
1185	1663
959	1238
2047	2572
113	148
1997	2056
2122	2615
2433	2601
2306	2655
2347	2533
2074	2477
3207	3233
1938	2306
1101	1845
1070	1448
1946	2124
365	408
2851	3231
2354	2564
596	655
1917	2229
1047	1721
3369	3395
3448	3501
2271	2334
3108	3348
1122	1692
1554	1819
2138	2609
3019	3077
2689	2800
2007	2239
1174	1328
2084	2348
711	828
479	561
1480	1758
2101	2367
2149	2273
606	905
2179	2229
2039	2054
1209	1375
1126	1447
1102	1382
2876	3116
366	1514
2073	2086
506	604
960	1156
1945	2589
961	1780
431	511
1948	2384
3728	3907
2920	2960
2331	2430
616	618
2945	3000
1149	1184
456	513
3824	3913
2786	2915
2677	2923
2223	2283
2460	2601
2229	2353
3528	3559
2213	2464
2806	2910
1032	1192
1504	1770
107	1702
2485	2623
3525	3596
2461	2491
2180	2498
2074	2179
2183	2643
4014	4030
2059	2290
3617	3777
2173	2411
1255	1409
713	731
2719	3076
1249	1258
29	172
3437	3951
713	721
2047	2176
1159	1630
1719	1825
1639	1662
2500	2561
2294	2332
646	651
2543	2607
3468	3568
1516	1746
635	659
2894	3145
3060	3152
2002	2592
483	1086
2412	2656
2045	2604
2748	2936
3602	3972
2086	2615
2235	2598
2045	2078
3521	3948
1932	2302
3084	3362
1024	1123
1962	2030
1067	1824
2111	2247
2032	2608
1127	1246
1243	1399
2062	2479
1148	1715
2694	3064
1199	1598
727	752
2047	2127
483	500
1491	1662
1371	1692
465	556
150	329
378	513
898	1515
1024	1902
1971	2045
1946	2334
1153	1377
2615	2631
2409	2551
2149	2279
1307	1705
2095	2233
3289	3341
2278	2309
1101	1163
2020	2564
0	160
173	202
1092	1361
2233	2354
1330	1622
1520	1557
997	1791
1918	2376
2537	2603
2955	3346
2001	2365
2131	2549
2205	2209
2077	2233
1570	1839
946	1539
2243	2266
1929	2150
1150	1909
1205	1809
1643	1765
3082	3391
1986	2536
3018	3154
2716	2984
3706	3793
1449	1823
1959	2149
2068	2616
107	943
1929	2409
1599	1731
1242	1557
2945	2974
1945	2169
1735	1851
1938	2593
3051	3396
2749	2896
1399	1665
1993	2046
1336	1488
2593	2646
1520	1750
1669	1714
3616	3799
1128	1835
1569	1630
2042	2180
1336	1456
2196	2498
2104	2526
3470	3553
2309	2423
942	1347
2781	2939
3826	3958
2755	3228
2200	2363
2089	2397
1491	1522
2307	2348
2093	2184
919	1786
1577	1940
463	504
1462	1720
1108	1235
1926	2336
999	1584
1369	1509
0	255
168	304
3529	3601
3048	3208
3437	3503
3245	3403
896	984
1947	2149
1183	1536
1004	1810
3022	3363
3021	3102
3437	3676
2243	2394
3719	3810
2073	2464
697	769
2237	2370
1614	1864
2454	2542
2200	2615
1156	1370
1547	1662
2117	2137
1352	1639
1692	1724
1006	1741
1255	1604
1205	1791
1431	1752
1576	1841
410	474
482	548
1004	1598
473	515
2057	2336
3201	3280
1289	1663
1702	1817
2174	2612
1959	2598
2033	2237
2676	2694
118	239
1509	1864
3502	3700
2173	2503
2924	3000
2796	3396
1986	2131
580	591
2042	2491
419	475
925	1185
494	517
2122	2492
2959	3283
2355	2400
3401	3427
2352	2477
3568	3947
2359	2492
686	837
2935	3020
2537	2547
2047	2643
107	1703
412	512
2174	2187
2746	2986
2172	2489
1379	1459
1242	1724
479	517
1041	1469
4014	4037
1344	1800
1413	1715
2233	2556
1955	2617
3206	3316
2249	2313
2724	3203
1347	1426
1916	2174
1086	1449
2112	2507
2706	2969
1128	1267
2131	2543
2140	2261
526	1209
2428	2590
2932	3395
2122	2139
2043	2206
21	322
1559	1768
2135	2203
1516	1554
2945	3417
3012	3020
1277	1381
2083	2395
1994	2028
2091	2342
2520	2586
1448	1462
506	521
2300	2593
606	1122
484	1320
2289	2445
1885	1897
2661	3172
3142	3250
2268	2292
516	518
1669	1845
1207	1336
2974	3284
2095	2495
3481	3898
136	2647
353	428
2045	2103
3497	3611
2087	2283
1665	1668
2867	3417
1026	1557
1296	1785
1577	2283
1917	2654
1361	1839
1912	2195
2283	2351
896	1158
2084	2108
348	392
85	271
1343	1881
1986	2083
2648	2657
1946	2331
3187	3337
1944	2480
2724	3001
2319	2330
828	844
2763	2890
1076	1835
959	1132
1684	2833
2141	2318
1146	1547
2028	2087
2121	2124
271	290
2912	3324
2226	2368
2149	2491
2126	2371
1491	1813
1059	1488
2932	3385
3458	3903
2521	2586
1920	2629
3002	3100
2071	2398
1255	1610
1948	2199
2894	3403
2115	2276
1061	1144
3640	3731
2131	2347
2136	2261
2084	2109
3253	3404
2179	2233
1936	1990
2004	2024
1178	1803
1422	1730
2089	2448
355	547
2913	2948
2142	2216
1107	1652
2187	2533
1970	2161
2308	2404
1125	1712
1006	1621
1285	1888
3102	3179
2832	3277
2216	2624
901	1371
1475	1502
249	346
1205	1849
3498	3636
1076	1267
2040	2172
1032	1848
954	1479
471	475
2500	2554
1500	1504
107	1761
637	936
2340	2638
2310	2461
1959	2572
1684	3019
1076	1539
2914	3342
1986	2326
2770	3291
2109	2220
1927	2004
2037	2427
2161	2479
2743	2988
1086	1813
1250	1717
2666	3108
3035	3416
1261	1871
1508	1783
916	1612
2950	3116
997	1613
2093	2554
2951	3397
1173	1214
2135	2183
2043	2109
1191	1613
1703	1709
1302	1735
2778	3115
1918	2078
2140	2369
2005	2604
2032	2533
1605	1868
2059	2638
2127	2643
2083	2370
1054	1819
1323	1377
2750	3096
3191	3203
3078	3129
257	295
989	1628
3297	3416
1222	1891
3254	3409
2165	2229
3980	4024
2189	2266
408	428
1146	1683
1259	1472
2520	2546
3442	3472
2905	2988
409	412
917	1102
2507	2546
2164	2323
1684	3030
1943	2055
3437	3545
1590	1886
2276	2601
1363	1787
1926	1941
959	983
2275	2363
2253	2460
906	1049
493	561
2955	3327
137	326
1429	1706
1107	1211
1059	1399
1056	1551
2039	2319
1401	1603
2086	2266
2973	3347
1298	1413
3898	3919
2031	2047
1291	1597
3567	3628
2993	3014
2668	3048
1160	1888
1559	1823
1684	2858
3206	3252
2731	3026
1352	1737
1199	1556
3510	3945
3034	3263
1086	1351
1175	1376
2335	2534
1334	1823
1912	2589
2417	2640
1288	1668
1947	2461
2278	2477
1482	1504
2711	3162
2843	3256
2057	2385
26	142
3186	3233
2275	2381
2804	3377
1104	1862
2054	2394
2257	2469
2932	3299
2266	2311
1025	1080
2976	3118
1941	2398
1432	1859
1522	1898
2679	3104
3474	3761
2250	2531
1941	2333
2030	2460
3054	3184
3687	3702
1953	2468
1122	1374
1003	1480
94	254
2054	2438
1471	1717
2703	2879
1275	1366
2058	2142
355	403
3051	3170
3692	3797
2874	3243
2081	2399
993	1827
2851	3095
2071	2072
1565	1740
3751	3787
2237	2623
2976	3403
2712	3291
3154	3188
408	445
1420	1823
1344	1597
2326	2500
2289	2557
2123	2374
1003	1242
2127	2511
0	266
2428	2549
3459	3469
2199	2582
2683	2931
2950	3113
1282	1381
1222	1702
2285	2588
1723	1868
3857	3917
2078	2188
1165	1182
46	278
2047	2557
2593	2600
2333	2629
2359	2655
1527	1674
2414	2526
1391	1530
2564	2590
1014	1345
1107	1623
2384	2516
1238	1839
2786	2924
1966	2363
1968	2365
2180	2336
1571	1619
3711	3810
2132	2461
1117	1665
1912	2541
1014	1595
1341	1491
2060	2619
1530	1707
1945	2028
2916	3098
421	445
1047	1813
1256	1663
1520	1563
2213	2619
2125	2616
2201	2532
2313	2366
1156	1868
1101	1516
5	156
1225	1304
947	1135
2210	2324
1938	2278
1680	1873
3464	3668
2056	2638
1117	1516
2308	2624
1399	1845
3058	3209
1799	1833
2327	2415
148	271
1158	1227
1095	1113
2983	3368
1563	1891
1381	1635
1917	2467
1684	2705
2449	2478
3320	3347
497	503
1818	1823
2237	2492
2144	2384
2233	2326
2118	2306
2936	3145
2172	2536
2789	3428
2356	2374
2127	2649
2254	2289
2068	2191
2863	3296
2153	2267
1280	1768
2215	2572
2876	3331
1250	1721
3599	3705
2271	2352
2011	2061
2854	3193
2140	2579
475	531
1335	1610
2662	3168
2560	2646
3174	3232
1376	1816
780	838
2749	2994
2030	2556
3256	3338
2546	2611
2122	2188
2384	2415
2492	2552
3558	3648
2477	2504
2354	2526
172	199
2840	3034
2138	2445
3309	3423
1684	3294
3613	3830
1241	1876
1591	1828
2924	3025
2329	2433
946	1621
1542	1800
3795	3830
1761	1864
1209	1431
303	315
136	2378
1912	2180
1935	1999
2773	2905
2921	3263
2863	3381
2877	2897
1572	1827
2081	2608
2005	2408
107	1851
2484	2602
1426	1587
2829	3356
2410	2552
2236	2405
2464	2543
1115	1190
2090	2573
1120	1628
136	2636
1011	1770
2199	2319
1530	1902
419	517
2510	2547
1975	2368
315	345
2966	3257
1944	2289
1754	1879
2654	2655
1522	1685
355	553
2028	2223
107	1654
483	1679
1684	2666
2449	2526
1964	2440
2133	2174
2063	2184
1966	2123
1291	1768
2754	2862
1245	1751
932	1754
698	859
484	913
2154	2553
2811	3272
1983	2376
686	813
1155	1621
2339	2460
576	661
135	197
136	2510
107	1714
107	1056
1033	1687
3352	3360
2233	2351
1085	1328
972	983
1153	1622
2019	2234
1926	2318
3	274
769	856
2698	2877
2289	2368
2030	2212
1078	1669
380	516
1962	2218
2830	2990
1377	1449
1024	1028
1305	1603
716	763
1620	1643
1361	1456
1334	1559
994	1021
3556	3625
1385	1688
2075	2537
1124	1522
3493	3593
2077	2560
2911	3108
947	1211
461	591
2592	2652
455	541
1418	1709
2561	2573
2478	2623
3518	3542
2323	2324
3924	3976
1085	1588
2276	2299
2093	2611
1159	1504
2359	2611
3224	3353
724	842
538	1487
1986	2507
1938	2064
1574	1744
1420	1632
2194	2283
1329	1861
2169	2385
3577	3886
3437	3488
2203	2384
1146	1205
1257	1841
2368	2616
2033	2290
104	123
2416	2603
2299	2546
2234	2393
3000	3417
2115	2542
2145	2612
2101	2243
1292	1628
2902	3251
2851	3084
1175	1380
981	1192
1684	2745
2664	3142
1165	1641
2754	3234
1323	1520
3835	3921
1255	1352
2467	2492
1120	1204
2073	2391
3440	3971
3555	3591
3471	3475
118	283
2271	2467
1935	2097
2083	2356
475	1767
1125	1449
513	523
2184	2573
2237	2414
2460	2611
567	646
606	1514
993	1255
2074	2331
2081	2134
1946	2370
2716	3434
1156	1589
2111	2597
2285	2338
2163	2328
2233	2482
2737	3051
2331	2484
1081	1396
2398	2567
414	684
3532	3564
2937	3224
1029	1409
2131	2607
3062	3219
1359	1669
3752	3829
2782	2910
514	527
2333	2415
1250	1390
2188	2409
1923	2289
2667	3050
2058	2646
2122	2290
2965	3051
1925	2504
417	508
641	1210
2060	2348
2867	3324
3692	3734
587	645
1173	1519
993	1867
2127	2616
3545	3824
1172	1668
2331	2623
2950	3150
3838	3971
2055	2619
2128	2436
2546	2563
135	281
758	793
1912	1930
2077	2095
2132	2377
934	1467
1480	1619
916	1380
1959	2057
1948	2332
2176	2567
1390	1683
2030	2077
2553	2601
1954	2169
2630	2638
1192	1576
3152	3347
2780	2846
187	299
2179	2600
1391	1735
3642	3731
2045	2220
420	432
2754	2943
3674	3750
2407	2464
2087	2169
3889	3938
2032	2351
3483	3754
1066	1638
949	1770
1459	1857
731	774
1019	1036
1211	1376
62	170
1330	1589
2940	3399
2203	2246
2315	2642
1108	1454
1684	2885
1058	1171
2672	3351
2973	3345
931	1343
1035	1159
2332	2555
2060	2542
2492	2564
2936	3332
813	833
2395	2542
2042	2384
2414	2477
1209	1243
456	553
1509	1886
968	1818
2949	2999
3437	3623
2897	3119
463	557
1112	1255
2243	2264
1402	1542
2625	2638
921	1730
2325	2425
1945	2176
1473	1818
3586	3604
1918	2083
1087	1838
2180	2567
360	362
3482	3521
1585	1590
3577	3674
2261	2607
2757	3220
2863	3397
1190	1475
1968	2389
946	1272
2311	2395
934	1768
2191	2347
1941	2057
2510	2592
3296	3415
1054	1557
1964	2453
1286	1628
2090	2354
1447	1827
180	187
437	498
2218	2331
1986	2115
3437	3885
1049	1554
1341	1702
1971	2043
916	1028
2309	2370
496	497
2153	2419
2069	2308
1211	1330
1584	1590
2188	2477
1351	1431
1391	1488
2088	2188
2757	3135
2694	2835
2563	2619
1399	1898
2139	2526
1159	1418
2081	2101
96	190
13	56
1083	1470
2081	2102
2773	3119
2073	2395
415	421
1983	2206
1086	1789
2317	2456
3529	3568
3804	3938
1921	2627
277	311
1535	1793
1409	1842
348	375
1113	1695
1129	1438
2035	2402
2212	2347
3239	3320
3804	3860
3287	3320
412	561
2266	2606
456	520
2661	3102
2126	2361
1344	1491
99	131
934	1800
688	727
1914	1991
2223	2347
414	643
2271	2578
1958	2284
360	524
3206	3355
2131	2575
705	763
107	1672
745	828
2390	2468
3929	3948
1199	1717
2713	3241
2059	2386
57	184
1181	1365
2741	3243
1396	1582
2143	2588
2150	2552
2333	2344
86	177
1985	2059
2830	3346
1153	1483
1338	1785
1975	1990
2122	2590
2123	2339
2667	3087
3675	3957
2482	2619
1447	1570
1732	1742
2068	2582
2000	2365
1243	1451
2867	2913
1185	1819
2154	2408
1707	1804
2340	2383
2463	2533
961	1852
1289	1804
2785	3089
1088	1803
1613	1620
2347	2489
460	567
1020	1783
2835	3339
1582	1828
1598	1868
1684	3020
2116	2171
40	280
2966	3078
1323	1330
1962	2339
2056	2477
2359	2430
2090	2532
3399	3433
1940	2582
1577	2081
1531	1543
1634	1725
1100	1576
934	1823
2073	2386
2087	2199
1925	2554
1437	1702
172	271
1610	1622
2045	2560
3829	3972
2853	2991
2669	3104
2032	2475
2716	3263
2059	2573
1617	1668
2414	2564
983	1542
2884	3227
2069	2218
1447	1843
1646	1867
2739	2830
705	745
1199	1868
2329	2414
1684	3362
1670	1908
1006	1130
2951	3198
2118	2216
1589	1683
2186	2366
2754	2877
1026	1155
3741	3780
2068	2279
107	1825
2072	2652
2013	2297
3205	3245
1912	2141
1917	2554
2199	2653
1124	1327
3672	3962
2088	2090
2244	2428
2231	2628
2796	2828
1175	1334
1946	2299
1291	1334
1570	1734
1963	2275
2131	2552
2165	2563
981	1786
1330	1447
1557	1877
1059	1255
994	1818
1457	1665
1495	1502
2419	2463
3013	3360
2912	3022
127	272
2352	2485
1302	1376
2018	2378
1409	1621
2590	2638
2716	3097
0	303
1971	2430
3625	3734
2172	2478
2418	2495
2104	2550
901	992
1291	1398
3505	3753
2720	3154
2164	2324
1975	2503
2748	3013
2112	2604
2809	3104
2323	2348
2190	2467
1960	2166
1324	1515
2071	2589
2212	2340
1312	1544
1271	1888
3169	3351
1163	1589
2088	2213
1932	2282
3122	3218
1322	1682
3845	3891
2862	3417
1012	1320
2151	2343
2127	2283
1684	3221
3437	3561
3318	3423
503	559
2002	2026
1079	1524
3437	3735
1149	1551
1947	2475
2088	2354
2132	2475
1214	1637
924	1876
2072	2445
2395	2602
2323	2574
2284	2447
1238	1271
604	645
3157	3431
2875	3172
1551	1868
2232	2547
2143	2336
1126	1185
2370	2484
2956	3022
2143	2203
1059	1435
2755	2912
1110	1557
2059	2078
966	1331
1123	1886
2001	2157
360	376
3545	3731
414	582
1725	1785
1721	1750
774	807
3715	3907
2936	2992
2946	2969
348	435
2847	2856
2043	2542
1312	1718
2104	2469
107	1182
1416	1730
2133	2498
3015	3107
946	1632
970	1687
2353	2492
1940	2597
1089	1259
2090	2123
992	1118
3096	3149
1823	1833
3900	3947
573	579
367	455
3550	3872
2326	2590
430	525
2333	2475
604	606
3079	3179
2683	2956
1159	1306
2103	2188
1352	1804
2703	3283
2665	3224
3162	3334
1405	3412
1289	1613
1390	1659
2778	3182
3016	3208
1955	2283
3169	3267
1080	1882
1004	1078
3450	3604
2312	2610
2664	2919
2346	2645
3554	3956
107	928
398	488
2030	2495
1953	2423
1056	1409
2724	3308
1367	1721
2247	2471
462	494
1948	2241
580	1740
1497	1881
3491	3611
2377	2394
705	845
2867	3232
994	1569
2165	2188
1186	1363
1516	1835
107	994
1975	2361
1959	2169
3238	3257
925	1718
2210	2551
2784	3211
439	538
2131	2495
2068	2183
592	664
1920	2151
1001	1357
107	1841
1697	1806
84	313
2218	2606
1917	2611
2673	2944
2246	2518
2324	2530
2706	3096
1330	1675
2499	2521
1689	1796
2139	2591
2354	2553
716	797
1439	1757
22	347
3554	3726
1067	1347
414	483
1622	1795
2344	2519
2093	2300
41	93
2090	2108
1516	1879
796	806
1017	1522
1470	1741
1831	1910
1609	1717
62	236
1523	1674
2177	2325
1979	2073
538	545
2673	3414
1267	1668
1128	1135
2266	2347
2339	2590
175	227
431	472
2574	2619
2103	2556
2336	2472
1351	1621
2087	2472
1059	1278
3756	3830
1192	1638
2958	3331
2211	2325
2102	2589
1352	1391
2422	2441
1191	1243
3101	3102
2793	3070
2661	3332
2203	2399
1227	1479
1941	2539
1962	2140
598	619
1918	1946
1612	1721
2668	3204
1288	1622
1604	1843
1123	1132
366	606
2992	3355
1107	1663
2851	3348
2222	2327
1075	1086
1456	1488
3870	3906
1404	1479
2155	2221
2187	2511
2032	2510
1962	2098
1724	1771
2130	2341
2049	2488
1338	1549
2148	2394
2306	2624
694	805
2356	2467
2913	2919
3737	3930
2608	2617
970	1433
2154	2414
2020	2058
1388	1609
1323	1768
3521	3802
159	284
3480	3968
414	655
741	807
1912	2525
2002	2010
1149	1888
1687	1698
1153	1833
2904	3353
428	561
1336	1622
1371	1468
1563	1813
378	614
3634	3738
3900	3969
3615	3740
3058	3188
170	239
2170	2349
3790	3860
2042	2203
2218	2359
1218	1403
2680	2905
2266	2591
1548	1802
1114	1744
1471	1623
2040	2323
1962	2109
409	536
3124	3393
430	483
372	444
1205	1238
2109	2266
2706	3294
1746	1780
3580	3679
1918	2578
376	394
1947	2582
1238	1605
2661	3188
2220	2532
3471	3526
2117	2128
2384	2389
1674	1863
2579	2611
356	472
2040	2593
2154	2386
1179	1740
2215	2501
2758	3081
1182	1804
1219	1736
1917	2542
2272	2419
2458	2652
1935	1957
1522	1532
2180	2617
2451	2510
1557	1724
2292	2333
1941	2054
2761	3387
2042	2151
405	428
1160	1173
2786	3033
2179	2300
2700	2818
2190	2369
1986	2606
2800	2890
1912	2172
2275	2323
3107	3263
2910	2916
2878	3214
1156	1230
1470	1570
1204	1786
3302	3351
3437	3618
2793	3041
1050	1544
1205	1361
2007	2449
1420	1520
2083	2507
1626	1909
1280	1861
1547	1721
2176	2272
1198	1768
1078	1584
3077	3203
2458	2649
2871	3219
1435	1525
963	1648
1688	1689
1273	1429
2172	2266
2669	3232
2271	2559
3084	3293
2910	3220
3437	3681
1946	2078
1173	1813
686	695
2356	2363
2247	2643
2086	2526
2180	2241
2075	2501
2058	2611
2	312
3541	3743
2220	2460
1184	1750
171	1171
2110	2394
2840	3281
2078	2084
2501	2542
901	1629
1684	3277
1104	1729
2446	2539
3579	3701
2247	2458
2015	2152
1079	1804
1036	1298
348	394
1255	1600
1291	1712
3002	3072
2028	2053
1997	2118
983	1864
1207	1833
3982	4037
925	1004
2068	2461
1483	1741
1110	1250
2007	2241
2319	2516
2058	2507
2206	2560
2363	2376
3443	3464
2939	3185
357	477
2815	3426
927	1265
2276	2369
941	1502
2664	2916
2123	2504
1083	1391
2308	2392
1255	1420
1983	2179
1377	1617
1536	1703
1267	1289
2039	2385
2551	2619
1912	2201
2127	2473
428	558
1205	1835
107	1545
2934	2962
1929	2131
1078	1491
2244	2469
946	1078
2053	2377
2863	3429
966	1902
2220	2526
59	268
195	218
2394	2617
2306	2395
3509	3794
3656	3968
1273	1503
2043	2607
398	484
483	933
2446	2504
1678	1726
1920	2315
2677	2999
2896	3435
2611	2624
2287	2326
2200	2423
1211	1683
753	889
497	544
438	525
2974	3426
2720	3017
92	180
2074	2359
2875	2904
590	609
2696	2697
2071	2279
2131	2374
1539	1612
992	1097
1974	2505
2472	2543
1078	1522
2683	2927
1481	1749
3068	3162
1995	2157
2020	2276
2698	2960
1684	2712
101	302
2078	2299
904	1224
2241	2471
2408	2500
2121	2233
1358	1767
2484	2655
2328	2652
651	1763
2016	2447
2084	2410
1709	1807
2199	2302
1292	1596
96	213
2115	2464
1456	1707
2098	2550
1653	1810
496	641
1052	1770
1413	1479
1684	3260
82	123
1971	2154
1366	1427
1068	1436
1431	1886
169	277
2468	2533
3563	3873
2043	2464
1184	1339
169	252
1289	1665
632	647
1946	2206
203	334
1621	1735
1356	1829
3794	3833
2728	3103
132	334
2169	2328
2279	2508
2138	2496
2188	2271
2919	2953
2295	2502
2331	2347
3437	3774
1603	1741
719	731
3896	3969
1367	1431
3464	3634
2037	2369
924	1536
460	465
1175	1390
1287	1795
2145	2525
605	619
1509	1643
2201	2591
719	733
2069	2077
2220	2600
3982	4014
1943	2495
1122	1349
1051	1306
1920	1939
1926	2285
1456	1665
1948	2475
475	506
2054	2191
2154	2404
719	745
85	323
3684	3948
866	894
3469	3752
2536	2574
1662	1796
782	813
2025	2620
896	1903
2131	2395
2958	3182
2220	2520
239	280
2254	2436
2216	2543
30	322
1431	1447
373	523
616	630
3172	3198
1622	1707
1032	1489
1075	1344
978	1367
2174	2509
595	681
2937	3252
3706	3803
1019	1192
1158	1872
1130	1458
953	1621
2374	2504
3437	3877
1307	1588
2417	2508
2011	2364
3122	3200
3278	3335
1912	2346
2042	2199
3223	3366
2828	2989
1823	1849
2480	2637
414	653
906	1128
65	297
1120	1899
2190	2324
1576	1862
2059	2356
402	451
2140	2164
1221	1432
3209	3299
1153	1330
2227	2263
1236	1258
2124	2586
1979	2347
1351	1547
920	1447
1768	1891
2206	2353
1400	1767
1344	1714
1953	2482
3206	3416
2011	2658
2877	3114
2763	3026
962	1545
0	327
2905	3301
1076	1643
2063	2290
3985	4014
2102	2610
897	1590
2087	2183
2101	2522
428	484
2500	2601
1971	2108
2150	2430
2201	2347
805	824
2083	2543
1612	1689
2077	2464
3295	3346
957	1345
2090	2549
2741	3084
3437	3637
2707	3320
2266	2408
959	1039
2602	2619
1477	1505
2550	2560
348	492
107	1332
2705	3387
2078	2323
2122	2606
1181	1612
1004	1059
1551	1849
2237	2591
1577	1932
906	1652
603	677
1409	1714
395	465
1912	1983
2365	2627
402	520
2018	2648
2815	2944
982	1712
2906	3004
1078	1598
2236	2342
2218	2387
1399	1868
2218	2563
1940	2143
0	48
947	1598
1	194
1051	1338
2336	2343
2043	2340
2242	2318
2866	3022
3804	3838
2306	2593
3621	3902
2029	2509
107	1533
1947	2075
2827	3149
1199	1735
1929	2142
1334	1734
1057	1607
2118	2374
2165	2579
3199	3331
2675	3154
1418	1830
1604	1675
3986	4026
2981	3137
3735	3921
1782	1804
1380	1809
2045	2154
927	1608
2773	2993
3604	3770
862	3721
2101	2161
2023	2361
1948	2319
2154	2369
1519	1570
2200	2347
3185	3347
1919	1931
436	591
2233	2404
57	249
2859	3341
1402	1665
2346	2585
2706	2960
930	1374
56	132
1293	1826
450	500
2428	2625
982	1839
1524	1688
1192	1595
107	1539
1997	2276
2746	2931
107	1822
2307	2563
924	1010
2218	2578
487	503
1984	2546
4031	4038
1964	2214
1153	1793
26	200
1963	2109
2372	2463
68	227
2115	2326
1448	1573
587	651
444	531
3017	3328
2706	2920
1339	1391
348	500
3280	3298
2054	2163
805	817
2132	2368
2111	2415
1158	1576
2754	3025
995	1458
1632	1730
3331	3358
2404	2407
1972	2225
1989	2055
1994	2292
2733	3182
1480	1849
2140	2532
2224	2328
2339	2553
2021	2172
1932	2072
1993	2550
1340	1688
1416	1799
2494	2658
3902	3926
2081	2174
694	722
409	561
1718	1911
3209	3360
2742	3152
1617	1700
1061	1687
606	915
2020	2046
1388	1535
1943	2521
507	545
9	199
2676	2873
1302	1471
1623	1827
2135	2629
122	276
3294	3333
1175	1288
1429	1649
1997	2551
1184	1532
1543	1878
218	306
2104	2611
367	416
1054	1800
1152	1275
1549	1565
999	1076
2057	2223
1236	1469
67	141
2950	3035
2739	3273
2185	2518
10	291
2374	2506
2218	2574
705	755
804	863
2218	2543
1663	1734
438	475
2169	2471
1953	2625
698	893
1918	2500
545	570
2939	3280
2203	2649
1317	1701
1494	1511
239	261
1352	1439
1104	1426
964	1109
475	1844
1524	1757
1006	1714
331	332
2111	2547
2056	2363
1953	2190
3540	3966
1367	1819
925	1622
2032	2102
108	197
1941	2285
2233	2654
1302	1712
1112	1572
2006	2097
2126	2335
1989	2504
1331	1652
366	446
3557	3737
1598	1879
3440	3886
2415	2537
2131	2576
2407	2607
1205	1888
0	182
2140	2604
2929	3029
2097	2659
2010	2283
1348	1469
598	625
1970	2267
1971	2376
2964	3001
1986	2088
1997	2201
2394	2597
2097	2364
2073	2624
1379	1716
169	239
3047	3096
1181	1689
1740	1766
1559	1741
2995	3233
2329	2574
1376	1603
1530	1868
952	1391
3584	3794
107	1093
2042	2544
1495	1783
3636	3722
2132	2222
1210	1268
2171	2225
3061	3308
2059	2430
1955	2071
2072	2180
1391	1832
1185	1590
2047	2286
2220	2329
1827	1864
2240	2521
1932	2384
1620	1754
1048	1265
1949	2236
1232	1648
1514	1602
1577	2436
21	239
1471	1799
938	1319
2142	2433
3558	3584
2030	2218
3830	3851
1916	2176
2606	2655
2135	2153
376	1777
3082	3297
419	544
1100	1204
1464	1660
2237	2559
2398	2471
2690	2881
461	653
3016	3113
1143	1783
461	517
3098	3117
2344	2432
3140	3331
1291	1302
1390	1431
2127	2351
2062	2069
2754	3184
2819	3289
1419	1883
2469	2553
1214	1663
2553	2631
2319	2529
141	272
1092	1559
580	1844
2993	3123
3476	3809
2719	3100
1449	1589
2743	2782
942	1661
348	367
906	1199
2142	2370
1185	1312
3026	3301
544	566
982	1125
2216	2602
1385	1545
2381	2504
1912	2632
1153	1669
1567	1615
2372	2385
1538	1730
497	570
1465	2458
1051	1767
686	851
1983	2095
1804	1888
3472	3508
2037	2258
1812	1871
1146	1861
3677	3756
2139	2492
696	713
1504	1536
2789	2888
1912	2331
2794	3433
1723	1813
2404	2433
1117	1211
731	752
2154	2484
2142	2506
29	338
3045	3059
946	1149
436	438
1772	1842
1611	1655
2724	3019
1985	2591
2919	3417
2215	2417
1721	1796
3604	3731
2314	2534
1051	1699
2273	2285
2835	3104
1684	2970
3437	3901
2526	2624
3283	3314
1106	1681
3782	3786
1018	1303
1331	1370
2549	2564
2069	2074
1390	1491
2121	2625
2844	3087
745	760
104	169
1390	1868
1352	1809
1962	2154
3035	3116
2962	3244
2083	2164
140	144
3484	3521
2508	2571
418	465
989	1655
1079	1707
2218	2220
1945	2153
53	213
1984	2564
1993	2188
1946	2142
1983	2109
1028	1377
1280	1331
1557	1663
168	347
2291	2345
1772	1804
1086	1768
1945	2384
1184	1752
1919	2159
2879	2889
2001	2004
2853	3101
1939	1947
908	1687
2355	2459
2716	2793
982	1288
169	257
3679	3806
1185	1335
2754	2909
2984	3377
3559	3884
2753	3140
118	222
2221	2432
3826	3906
1460	1730
863	886
3136	3365
1529	1783
2671	2962
2278	2629
2812	3273
2007	2026
1069	1238
2095	2468
2956	3174
2118	2172
170	322
2148	2643
2368	2498
378	563
2390	2415
115	312
2936	3288
1029	1519
2750	3348
916	1861
3980	4034
1302	1491
2683	3232
3176	3366
2059	2257
3150	3347
1079	1250
98	252
374	376
2782	2916
3093	3357
919	1261
2374	2430
1048	1750
2553	2604
2060	2142
814	827
2103	2244
767	822
2257	2551
2853	3049
1959	2372
107	1305
2991	3378
984	1020
606	645
3721	3797
3475	3702
2689	2757
2768	3287
500	683
2272	2325
3892	3917
394	503
2563	2638
2390	2617
1600	1750
2345	2461
1932	2264
1408	1574
3132	3416
2214	2291
977	1709
2125	2149
636	685
686	835
3440	3877
3101	3403
1282	1396
862	3677
1971	2615
2203	2471
3618	3971
3545	3633
1465	2491
2126	2313
1953	2414
1920	2332
2989	3240
2128	2302
1180	1598
1920	1945
1199	1323
2620	2660
351	454
2122	2216
1938	1946
1146	1172
2742	3201
2104	2172
1243	1765
2058	2573
3163	3195
483	1844
1604	1619
2202	2658
1598	1712
943	1536
2864	3362
2500	2607
1009	1229
2266	2454
1305	1823
94	299
2404	2624
1199	1827
2939	3049
901	1186
1467	1746
397	531
2720	3087
3639	3695
752	820
1912	1932
3082	3201
370	374
1918	2244
925	1861
2806	3363
2246	2304
2376	2624
3212	3360
3683	3790
2943	3433
995	1559
1116	1367
407	433
3437	3534
2674	3102
563	1217
67	119
2687	3360
3105	3141
2827	2987
906	1059
107	1218
1929	2602
1347	1448
1245	1261
1290	1570
1926	2082
2664	3284
0	284
1926	2053
2156	2587
2827	3426
2224	2273
2739	3191
1543	1679
2810	2880
2023	2316
1272	1836
2020	2218
355	470
1209	1724
2112	2233
1819	1833
1584	1707
993	1735
2331	2495
2356	2559
1029	1898
2828	3116
946	1209
2420	2465
2124	2654
1823	1827
2037	2625
2060	2121
133	271
2664	2986
1292	1345
3206	3247
3437	3632
2783	3198
107	1745
2030	2244
2394	2396
2038	2417
2665	3386
107	1377
236	248
1054	1613
2851	3300
2819	3342
1989	2468
2324	2579
1200	1268
1483	1613
1314	1378
3668	3829
2093	2423
2274	2351
1378	1468
2719	3267
1465	2608
2877	3339
2071	2461
783	797
2169	2472
2077	2275
2777	3426
128	248
3144	3360
25	39
1322	1596
378	471
924	1035
2220	2356
2233	2363
3488	3559
912	1357
1029	1222
2194	2473
2359	2381
1280	1509
1059	1622
2033	2469
2661	2989
1162	1831
2140	2307
703	805
946	1079
2149	2498
475	1179
2901	3360
2206	2552
3593	3947
1462	1841
925	1771
2336	2589
709	830
1488	1741
2347	2643
1983	2220
1431	1827
1941	1964
3454	3677
2507	2549
2347	2485
2579	2638
1953	2329
1637	1811
1006	1730
2077	2122
1059	1835
1273	1396
2039	2302
3655	3967
1250	1491
896	1680
1064	1910
1075	1888
3096	3184
925	1509
56	59
224	271
2870	3017
2218	2329
2179	2354
172	211
3471	3540
2073	2579
1256	1789
1462	1635
1344	1557
1067	1292
1322	1872
2059	2122
804	889
2072	2458
1198	1269
2149	2283
2193	2397
483	1512
2143	2180
2689	3158
1941	2121
373	515
2543	2631
1217	1807
2151	2461
1601	1895
792	837
2071	2174
2112	2573
3152	3252
2123	2311
2919	2986
1496	1545
2058	2467
184	320
1124	1156
2226	2461
1277	1578
2206	2624
3131	3181
3449	3877
2283	2555
3802	3835
3443	3554
2844	3365
916	1026
162	312
1068	1707
2064	2564
2134	2223
1736	1791
2003	2111
981	1475
1149	1769
3440	3938
526	566
430	432
1979	2625
2278	2414
1305	1663
2171	2640
1532	1700
1622	1752
1684	2733
1411	1618
3468	3529
2294	2399
3920	3960
1595	1783
2240	2546
2108	2109
2123	2561
1327	1390
1420	1570
1712	1888
1971	2352
3002	3034
2174	2294
3392	3428
933	942
1210	1778
930	1400
2323	2615
2124	2410
3437	3837
1997	2090
2069	2625
2894	3327
1235	1459
1989	2543
1929	2556
3035	3145
3476	3579
2285	2336
1979	2363
2052	2187
2866	3084
2150	2212
2056	2275
1288	1488
107	1492
933	1820
2201	2507
898	1729
2139	2334
2289	2555
1465	2125
2391	2607
3685	3850
2989	3330
1051	1703
1166	1786
404	415
658	681
3072	3101
1332	1882
1912	2371
2920	3433
2918	3087
925	1867
1440	1805
3443	3915
2679	3435
1134	1415
2328	2458
2356	2638
966	1516
354	489
2706	2966
1955	2247
1277	1438
2839	3237
2090	2625
2031	2612
107	1236
2020	2090
1028	1078
392	430
3280	3327
2042	2283
3779	3930
3353	3386
2117	2530
1050	1055
2115	2359
2758	2843
1984	2611
484	1095
2259	2417
1100	1350
2037	2290
1984	2536
1170	1871
3021	3182
1622	1813
2303	2393
3353	3422
1015	1899
1622	1833
2992	3172
1570	1765
56	203
2770	3239
1912	2033
595	635
2428	2526
2109	2331
2005	2655
2101	2282
3272	3347
2142	2543
1149	1746
2211	2232
1980	1998
1130	1746
426	471
2249	2491
1038	1518
1976	2268
1943	2381
2148	2599
0	62
2103	2593
3142	3174
1912	2537
2955	3219
3052	3193
592	625
901	958
3101	3198
1101	1621
2037	2040
3136	3233
2376	2560
2756	2945
1993	2485
2312	2531
3600	3825
107	1852
3529	3945
2005	2575
2308	2611
2072	2223
2098	2602
2233	2306
2833	3182
925	1243
1663	1816
606	1548
1118	1186
2279	2384
1467	1800
3437	3577
2738	2956
1006	1556
997	1622
2793	3103
2694	3426
3554	3972
1373	1871
927	1782
2863	3187
1946	2339
353	483
3004	3399
2174	2463
2507	2532
1293	1653
2192	2538
1199	1584
3277	3397
1079	1365
2200	2323
2293	2319
2257	2624
3247	3355
2464	2521
1433	1866
947	1735
2280	2434
2983	2997
373	497
1020	1459
1409	1832
2198	2434
2140	2216
2964	3057
2133	2598
3102	3416
3474	3967
2228	2488
947	1416
2796	3111
3725	3868
1338	1807
1289	1750
421	563
2136	2404
1049	1534
1181	1849
1086	1868
1066	1158
1003	1816
1184	1653
960	1879
643	659
600	643
2877	2943
1075	1791
1966	2353
1282	1812
107	1880
2133	2471
1390	1819
1132	1291
2078	2218
2928	3433
3288	3422
1184	1551
2294	2458
1177	1218
1146	1813
1244	1630
2796	2853
2413	2459
2144	2224
1932	2028
2033	2359
2839	3025
1029	1861
1020	1245
2499	2623
896	1009
1610	1613
2329	2395
2748	2753
1331	1361
25	252
2273	2509
2212	2624
2247	2480
428	525
3274	3422
959	1069
1132	1214
2916	2917
2212	2308
3437	3789
2829	3019
1416	1524
107	1205
1334	1794
395	560
1099	1824
2406	2514
2915	3033
3960	3967
430	553
2052	2351
2187	2617
3437	3449
1060	1596
3005	3343
2928	3056
1305	1471
1078	1370
1330	1584
982	1610
916	1835
2994	3387
2056	2410
2275	2604
1948	2543
1554	1861
1079	1516
3994	3997
2159	2346
1048	1149
982	1736
1214	1723
2482	2521
2859	3107
2253	2606
2408	2646
1718	1947
1505	3062
1929	2485
1689	1793
2309	2521
2323	2477
2594	2617
418	544
2069	2084
484	1029
3253	3411
3612	3759
2504	2550
2127	2319
13	118
805	880
2339	2418
475	517
3280	3381
2492	2624
963	1601
1912	2361
2468	2489
2974	3363
2037	2468
942	1508
1341	1547
1959	2333
3330	3391
136	2138
2268	2594
898	917
2007	2343
2880	3362
56	66
2511	2608
1290	1689
407	504
2112	2408
1272	1554
2075	2390
2007	2240
1195	1376
239	265
925	1813
352	525
2892	2951
137	310
2526	2654
637	669
2279	2328
2033	2165
1917	2131
2983	3072
694	731
2266	2554
36	251
1292	1475
2187	2377
3197	3216
2081	2555
1912	2177
1600	1730
1124	1125
439	567
1388	1399
2122	2428
3677	3734
1120	1292
1108	1273
1994	2191
2054	2344
2502	2530
1623	1643
596	1412
2420	2653
1954	2264
960	1799
1300	1357
896	1824
1983	2549
2154	2602
107	1901
2959	3008
969	1108
1712	1816
1912	2325
2179	2216
3800	3938
3177	3204
1117	1590
2240	2500
1684	3170
3464	3554
2103	2140
410	463
1479	1655
483	1790
1971	2646
2408	2485
1684	3378
1065	1739
2430	2504
2429	2526
107	1581
3511	3719
637	1536
1077	1577
1230	1752
1238	1723
2563	2586
2123	2136
1218	1562
1796	1849
1396	1786
1912	2464
139	197
3152	3332
1603	1712
2858	2889
2138	2537
2102	2268
2368	2434
2300	2309
2045	2464
17	137
3488	3938
2724	2830
2060	2370
2482	2550
3625	3656
690	820
2973	3116
2315	2643
1984	2033
1011	1815
3182	3204
1124	1205
538	566
2339	2631
2694	2763
1583	1635
107	1369
1185	1623
2793	3345
2005	2559
457	509
2156	2197
1159	1500
2765	3330
905	1237
2567	2582
3982	4009
2306	2500
1332	1878
580	1349
1946	2233
2033	2347
1943	2059
2381	2482
916	1184
2123	2624
1354	1672
2785	3233
2942	3304
2233	2430
41	214
3101	3296
107	1549
397	426
2600	2611
1126	1488
2730	3221
2264	2282
1086	1621
2108	2369
2180	2516
637	1113
3455	3769
2964	3157
3016	3169
1917	2098
412	559
1543	1881
1917	2056
1245	1454
1114	1767
3274	3377
3437	3585
1085	1360
107	941
107	1590
517	1114
3884	3968
1290	1365
2716	3209
1555	1593
2672	3350
2207	2526
56	211
56	200
2800	2862
2309	2348
3443	3593
2208	2592
2117	2385
1612	1619
2244	2370
149	226
934	993
2063	2229
2757	3286
2088	2104
1128	1621
2668	2795
1559	1752
1255	1662
3033	3228
1918	2240
2381	2500
688	847
1078	1471
1229	1691
2439	2528
3162	3379
1183	1217
1112	1867
1580	1833
2351	2384
1966	2625
1431	1730
769	890
2131	2326
2724	3011
2187	2223
1086	1842
2974	2994
2955	3402
354	361
465	506
960	1622
3033	3149
2938	3331
1799	1867
1352	1420
960	1613
2408	2543
1193	1387
902	1596
107	1241
2729	3293
403	546
1420	1846
1456	1516
107	1909
1918	2381
2299	2418
1661	1706
3114	3166
862	3621
2498	2616
2102	2400
2188	2386
1054	1128
2084	2433
2782	2943
1987	2372
1938	2201
3528	3604
2308	2607
99	143
1577	2516
1185	1305
1026	1888
1269	1291
2754	2896
2290	2485
1075	1352
3	25
1945	2148
2867	2880
2356	2593
1535	1675
1530	1754
107	1092
354	463
1968	2143
3076	3367
1367	1663
2180	2436
3690	3781
916	1796
582	615
946	1312
812	828
1292	1647
538	1408
946	1211
3517	3677
1431	1456
2058	2234
3266	3398
1379	1636
3231	3394
2064	2212
107	1742
1955	1959
1520	1551
2521	2611
1324	1786
2203	2241
3049	3434
2530	2592
1227	1899
1290	1800
1335	1603
2055	2240
902	1857
2108	2469
1328	1421
3653	3789
1166	1245
1250	1420
591	669
2042	2508
917	1007
2848	2996
2060	2078
1951	1972
2200	2299
3179	3185
2881	3320
3501	3741
2745	3143
2877	3226
2068	2366
3293	3433
604	669
423	513
2047	2335
2285	2472
616	684
713	794
1912	2642
2748	3411
2347	2423
1912	2375
975	1680
2278	2604
921	1199
978	1198
3247	3252
1946	2348
1610	1668
1302	1517
2042	2567
1467	1823
1211	1737
1110	1344
2108	2233
2666	2985
3004	3363
2537	2592
1108	1820
941	1704
2268	2640
1117	1609
2059	2489
2136	2216
2716	2904
2720	3320
1964	2289
3225	3396
761	772
612	630
3070	3101
2956	2969
3291	3380
3177	3233
2430	2546
421	570
1985	2543
1668	1768
2122	2374
2102	2543
3450	3730
1926	2038
1431	1835
19	214
1984	2574
2471	2598
348	546
3124	3312
2183	2241
1912	2549
3450	3497
2468	2563
2666	2750
2324	2414
2751	3302
747	780
2408	2423
1669	1675
265	331
1320	1766
718	817
927	1736
2777	3098
2664	2960
2529	2610
2283	2491
3203	3210
1663	1793
2553	2575
1230	1551
3002	3154
1533	1802
1971	2299
3437	3444
432	451
810	828
1863	1909
1971	2323
2375	2548
2578	2586
2055	2593
1923	2047
2081	2294
1146	1365
1940	2336
1129	1204
3022	3226
782	833
2665	2942
2130	2397
1149	1663
2115	2602
2873	2929
2742	3188
972	1736
2137	2420
2484	2532
2679	3195
1221	1231
772	856
1497	1831
1468	1798
1341	1530
1426	1655
1021	1628
1341	1516
2485	2602
2078	2546
1462	1475
2206	2551
2127	2189
1544	1564
0	142
3580	3894
1361	1431
2243	2390
2071	2148
2849	3102
2033	2244
3670	3948
2549	2579
3335	3434
2943	3065
3634	3972
2128	2516
1963	2308
2331	2507
1943	2206
3260	3292
2043	2299
1447	1488
2072	2174
1516	1612
1185	1662
2229	2539
3054	3243
1684	2942
439	544
941	969
1180	1663
3532	3829
1155	1882
1337	1813
3772	3968
2240	2329
1684	2826
1525	1541
3005	3165
2222	2651
1223	1699
387	525
2992	3329
967	1441
2071	2649
2555	2597
2248	2335
1231	1720
1673	1844
2226	2325
1199	1542
1191	1888
3705	3822
2731	2786
1198	1819
1028	1287
1559	1804
924	1725
2005	2220
1376	1833
1577	1912
2240	2484
2124	2354
2261	2560
698	871
2780	3256
1930	2411
2053	2292
17	41
1060	1628
2787	3312
2047	2351
2867	2940
107	1308
1371	1798
9	142
1388	1902
1179	1210
3931	3947
719	848
2064	2521
357	551
2166	2361
1945	2047
2229	2478
776	887
1072	1189
1912	2240
1269	1388
960	1211
2309	2604
3065	3228
1376	1528
2216	2408
896	1647
2056	2303
2011	2097
1379	1448
2669	2925
2927	3220
2546	2631
1962	2625
2901	3275
1135	1620
591	641
2022	2459
2258	2393
2796	2894
2381	2409
56	186
483	1309
2118	2484
1176	1591
971	1704
1079	1242
9	79
3625	3886
3321	3421
3569	3909
1388	1835
902	1322
1589	1849
2992	3434
1412	1633
2250	2508
2904	3342
1918	2073
1024	1898
3459	3645
2727	3138
2142	2206
3019	3168
3440	3600
2041	2321
896	1170
1073	1908
606	1314
1379	1479
2229	2654
1329	1405
1652	1668
2267	2385
1776	1808
376	412
1173	1191
2723	3383
1918	1979
3292	3302
1471	1842
1112	1344
1688	1745
1918	2464
3684	3828
2218	2410
2210	2323
1104	1475
805	819
26	322
1684	3184
3179	3253
1388	1736
2966	3084
1158	1502
1943	2391
2020	2290
810	847
1146	1293
3680	3900
1069	1288
2553	2578
1612	1761
2202	2636
993	1659
2290	2308
2346	2378
2279	2451
1744	1778
2176	2336
917	1406
1107	1864
3740	3921
2404	2477
1186	1533
2038	2072
2199	2509
483	1871
1981	2071
1938	2556
107	1872
36	135
2657	2659
1049	1391
963	1468
2108	2602
2086	2546
2315	2351
1754	1800
1427	1878
3239	3321
1912	1965
1024	1501
387	507
1489	1591
1684	2805
1959	2199
1458	1590
2328	2501
2033	2060
952	1730
1573	1715
1242	1524
3033	3040
2257	2485
2901	3051
3583	3931
2235	2537
3188	3201
1962	2467
1029	1280
354	481
2324	2376
2294	2325
2532	2590
3506	3593
1809	1839
2143	2198
412	569
1060	1373
1344	1735
1175	1331
1351	1888
2877	3040
2420	2533
606	1606
779	828
3687	3966
82	325
3468	3927
2347	2374
1971	2074
1366	1767
2756	3232
2732	3251
1089	1667
2104	2300
2661	3120
2888	3010
2078	2526
2471	2608
2492	2574
2796	2881
3355	3391
2703	2834
3611	3800
3332	3350
577	681
2083	2630
414	671
2918	3173
2231	2313
1227	1292
2174	2283
2695	2839
2408	2579
2416	2419
2491	2543
2247	2510
1198	1721
2910	3119
1482	1541
995	1331
2074	2142
2912	3078
1086	1833
3185	3422
2763	3426
2915	3433
952	1662
3596	3721
1204	1277
23	240
2500	2504
1993	2142
2064	2477
1531	1620
2002	2637
2020	2356
3077	3415
1106	1348
1130	1175
2685	2957
768	789
714	839
1966	2104
1603	1730
966	1006
2063	2331
2056	2504
1799	1823
3303	3324
67	200
107	1464
1862	1872
2872	3054
2221	2333
2598	2617
3219	3379
2231	2317
1114	1574
22	168
1352	1827
2302	2555
1231	1286
3838	3852
1333	1493
2489	2624
3287	3403
1928	2620
497	537
1483	1832
2404	2526
2992	3102
1006	1610
1520	1877
930	1549
1344	1752
2309	2593
2201	2500
2336	2338
2073	2370
2309	2467
2110	2132
446	491
1960	2120
1219	1839
1983	2124
144	326
1976	2004
513	514
2111	2516
1979	2353
2690	2836
3670	3880
1237	1358
2300	2499
1284	1573
2335	2474
2890	2905
2446	2578
1277	1786
2090	2370
1112	1721
2032	2133
1971	2504
1983	2276
2372	2582
2187	2451
1692	1881
2278	2433
960	1370
1198	1623
2994	3294
2087	2653
2108	2433
1048	1845
1916	2616
2053	2191
2319	2491
2757	2864
122	297
3060	3330
1912	2227
2282	2336
866	879
934	1211
1348	1472
1347	1727
2067	2428
1331	1888
136	2157
1204	1379
952	1827
2010	2111
2543	2630
2282	2510
2417	2537
3364	3384
1088	1540
1467	1584
2125	2143
2086	2112
2841	3335
2060	2500
3150	3360
1932	2081
942	1282
2929	3026
2801	3255
423	473
2754	2839
2154	2306
1017	1352
690	731
2308	2542
954	1066
2430	2476
2235	2288
1954	2471
1059	1107
1367	1791
2906	3022
2573	2611
2078	2556
2322	2335
1608	1746
2095	2601
2467	2559
960	1199
2234	2386
1126	1269
2073	2307
1039	1280
196	204
2874	2988
3926	3934
363	515
2675	3330
2290	2593
1684	2982
969	1081
2052	2302
2176	2366
702	725
1597	1804
2047	2180
1504	1624
1021	1426
1807	1818
2098	2184
107	1476
2370	2604
2121	2308
1149	1632
686	834
3486	3906
1305	1782
1520	1717
2730	2768
2109	2139
1684	2718
1158	1423
1945	2472
1993	2423
1912	2454
978	1191
2786	2864
1608	1795
997	1811
2492	2625
2758	3365
2374	2590
187	302
3238	3348
2128	2555
1214	1849
2915	3042
1249	1306
31	304
3711	3718
2815	3026
2163	2395
2359	2414
2190	2460
1488	1584
348	554
2170	2490
1509	1891
2731	2993
1001	1512
425	570
1126	1746
3199	3358
107	1503
1305	1886
1757	1868
1146	1554
3019	3210
2839	3364
1389	1584
2174	2336
1943	2220
3497	3852
2037	2078
3589	3592
1655	1841
916	1086
0	241
1684	3002
3437	3734
2932	3236
1500	1525
1968	1995
1181	1623
1365	1623
1684	3427
2007	2161
107	1079
2956	3435
2680	3054
3209	3260
968	1696
350	384
2308	2326
2616	2649
2259	2401
412	669
1520	1689
1172	1331
107	1629
3254	3411
1957	2378
2139	2601
1810	1845
695	781
2290	2526
460	553
3491	3797
2233	2392
1532	1653
363	1692
2032	2125
1912	2373
1912	2439
1156	1809
2933	3072
3087	3358
3524	3906
2787	3380
2088	2409
577	635
2040	2485
2257	2590
3495	3860
2165	2593
2765	2939
3097	3345
1039	1551
941	1786
2987	3137
2950	3261
697	849
1136	1251
1684	2673
1377	1683
1280	1839
2745	3392
3602	3770
2661	2778
2726	3231
1984	2326
113	132
3576	3966
2250	2643
1616	1645
2138	2351
2220	2495
378	500
3078	3363
1684	3302
3462	3672
1684	3296
3622	3803
770	777
1398	1712
1945	2304
641	651
2336	2572
1912	2258
1245	1871
2039	2223
2966	3399
1026	1721
2018	2116
1078	1359
2139	2324
2028	2133
1974	2651
3293	3362
422	546
729	876
2823	2992
1036	1148
1198	1632
107	1202
2385	2592
745	813
348	411
2047	2080
772	814
1972	1976
1989	2600
2670	2959
734	849
2102	2588
1056	1793
3455	3599
1465	2279
3737	3966
2033	2467
2425	2610
2093	2504
1938	2363
1271	1584
2045	2131
3152	3350
395	417
3642	3737
1095	1393
734	778
1979	2020
1509	1842
2300	2469
2761	3294
2116	2225
2379	2612
1983	2363
1487	1794
1979	2631
2730	2951
2518	2598
1912	2330
2257	2418
1532	1746
2328	2594
2410	2646
370	591
3437	3509
3521	3797
1216	1314
2672	3411
1411	1589
2315	2417
2271	2340
3395	3406
3526	3559
1923	2491
107	1366
2081	2280
1406	1638
1994	2135
695	810
1983	2331
1769	1836
2404	2573
1030	1368
2680	3096
3056	3286
2218	2324
2815	3149
2897	3073
1293	1707
3017	3281
857	3456
2290	2482
2828	3209
2748	2751
1409	1707
1962	2201
997	1199
596	1828
2306	2601
2551	2575
1966	2058
2040	2093
1926	2327
2449	2454
1120	1830
2877	3078
1918	2543
1994	2102
2309	2468
2289	2588
1663	1851
3145	3385
40	258
483	1763
897	1639
1026	1182
2172	2271
3511	3530
2149	2198
430	471
1684	2909
2026	2333
1516	1782
2139	2559
484	1620
1086	1810
3986	4033
1619	1746
1318	1645
1995	2620
753	890
1367	1390
3261	3335
563	1912
2335	2403
1079	1724
1157	1594
2117	2268
1243	1639
1943	1983
1019	1115
2708	3258
2142	2414
3610	3847
2759	3324
3720	3802
3172	3332
930	1080
1440	1863
1540	1845
922	1614
1835	1864
2950	3152
3056	3193
2033	2601
1718	2471
92	346
65	252
2088	2093
1938	2469
2694	3056
1684	2736
2354	2462
1662	1707
1707	1712
2477	2604
1684	3281
3516	3695
1024	1126
119	331
3750	3948
1912	1987
1201	1389
2323	2624
1101	1153
2054	2343
82	84
3384	3417
1178	1641
1376	1600
971	1204
2154	2374
2309	2331
2054	2368
2087	2609
2005	2329
1643	1888
1730	1791
1938	2564
1181	1447
745	815
1483	1637
1912	2620
2020	2492
1986	2477
2169	2368
1269	1675
3757	3774
1159	1221
2708	3332
2866	2873
2005	2278
3027	3140
395	591
2181	2371
2063	2467
1305	1846
2384	2399
2369	2521
2071	2436
1684	3009
2081	2274
348	531
3656	3948
2005	2348
1596	1680
1155	1320
3476	3675
997	1180
1540	1554
737	824
2554	2615
1953	2210
1078	1589
2158	2335
1163	1547
2038	2379
1011	1260
2356	2623
3027	3313
999	1750
1185	1791
3460	3464
2460	2485
2350	2404
2144	2191
2030	2033
2243	2652
766	830
3790	3800
1048	1584
2206	2539
1041	1139
2549	2561
2793	3169
2098	2600
1004	1079
3792	3969
122	176
2540	2642
1390	1652
1970	2605
1083	1380
963	1802
2108	2220
3611	3891
1985	2323
1920	2616
1126	1662
2964	3374
1289	1589
1617	1754
1235	1426
1149	1199
3564	3680
2139	2623
2124	2172
2759	2812
3082	3345
2184	2623
2364	2645
2090	2184
857	3797
1600	1724
1376	1753
2131	2563
1559	1868
2038	2318
1872	1903
1971	2619
1932	2148
1181	1736
1204	1502
3633	3828
2484	2495
2719	3288
103	285
2184	2352
1966	2374
2868	3099
3470	3599
2873	3129
2154	2655
2348	2482
2108	2140
2683	2731
2767	2959
1004	1714
1986	2602
2229	2369
2845	3076
2220	2563
1732	1786
2076	2255
2778	3252
3590	3608
2180	2547
428	456
2078	2559
580	1142
1718	2529
2049	2474
1535	1868
3179	3247
3568	3680
2715	3171
3234	3362
2689	2896
2046	2276
2092	2393
1963	2323
1292	1479
931	1671
0	60
2662	3207
1018	1508
1184	1209
925	1891
3562	3695
2237	2464
1075	1390
1444	1783
2521	2542
2471	2649
1230	1741
705	737
1156	1789
391	563
1941	1946
2103	2150
2060	2083
1377	1600
413	461
1465	2555
1997	2150
107	914
1962	2477
2149	2268
2991	3347
2095	2354
2223	2649
2309	2564
2395	2606
1227	1345
920	1782
922	1780
2043	2423
2758	2801
2119	2618
1038	1161
2710	2809
2053	2215
1793	1816
3387	3426
1076	1736
2112	2142
276	322
2121	2218
198	351
2679	2994
2032	2333
3425	3427
119	229
2056	2395
3488	3640
1342	1831
2698	2827
578	661
2140	2409
396	403
414	682
2754	2761
3659	3772
2429	2430
1051	1727
119	128
2109	2348
953	1047
2180	2420
1330	1453
993	1886
2533	2544
2081	2315
2101	2571
2352	2482
1015	1459
1684	3377
1752	1827
2078	2543
2096	2518
2770	3102
2127	2138
3185	3351
1070	1897
1086	1457
2588	2653
1021	1573
1979	2030
2464	2500
1107	1271
1256	1380
2083	2600
2324	2552
3250	3387
2925	3022
1009	1257
1684	2726
2738	2929
2666	3096
1289	1622
1684	2987
1688	1768
2558	2614
2132	2451
1290	1312
3576	3877
1823	1826
934	1757
703	765
3000	3257
3664	3933
1930	2286
1026	1590
3514	3884
1048	1467
773	827
2729	2743
1367	1886
1912	2347
2180	2461
1099	1907
1339	1879
1782	1909
2735	3140
1985	2507
1148	1475
376	413
1238	1539
997	1571
1925	2088
1209	1757
353	493
2345	2367
2341	2456
2370	2404
3198	3397
484	497
2078	2139
2121	2430
1156	1605
1980	2022
1309	1894
1567	1825
2043	2275
1107	1330
2896	2919
2716	2753
2007	2419
1302	1613
2188	2290
1557	1617
2037	2172
651	1565
728	807
2436	2616
1929	1938
3503	3576
1380	1388
1655	1859
1718	2582
1420	1750
2060	2395
2283	2508
1986	2464
2218	2624
1151	1447
2149	2434
2095	2257
2800	3426
277	324
1545	1844
1304	1709
2090	2550
3668	3761
2716	3109
1409	1816
1347	1661
1204	1432
1375	1730
2198	2368
1267	1735
1078	1898
2172	2559
1209	1554
1076	1617
1832	1839
690	773
3065	3433
1074	1269
2880	3056
2123	2359
2877	2953
2928	3363
1925	2593
2742	3298
1267	1793
1172	1902
1723	1746
978	1520
1912	2192
2339	2630
107	1843
2059	2212
3627	3640
1160	1359
1718	2643
2793	2950
2250	2268
1172	1839
934	1833
2068	2394
3701	3957
1391	1827
2090	2591
697	856
2189	2542
1554	1717
3014	3090
2646	2654
3534	3906
2449	2499
1359	1488
1211	1842
107	1490
1993	2386
1052	1876
2895	3331
2253	2615
923	1193
3437	3738
1816	1886
2210	2385
2722	2863
3150	3267
3142	3339
1516	1827
1118	1747
1597	1877
1192	1587
538	1400
2039	2215
1272	1639
2030	2359
1305	1398
1599	1901
3172	3274
560	565
925	1584
3523	3830
3437	3891
2004	2192
1237	1349
1367	1659
404	493
3204	3434
107	1228
2190	2352
2172	2561
3998	4021
1997	2074
1416	1600
1954	2491
431	527
2906	3301
0	261
1938	2275
250	322
2026	2343
2727	3024
3576	3891
1995	2645
1279	1292
1606	1881
3062	3069
1117	1793
3625	3756
3198	3337
2738	3238
1343	1630
1078	1390
2730	3403
2356	2489
1932	2333
1997	2124
1819	1846
1925	2030
136	324
2329	2563
2896	2943
3877	3886
766	784
2020	2123
1074	1553
2001	2633
1707	1735
2665	2843
2068	2372
4014	4038
1019	1231
1730	1737
1938	2414
2044	2449
492	515
3608	3862
1596	1783
2072	2137
1963	2240
3172	3403
1391	1835
1795	1827
2777	3232
932	1107
2819	3192
3224	3252
989	1345
107	1081
1931	1957
2956	3184
1919	2626
1066	1454
1684	3363
231	329
1367	1707
2839	2867
1945	2598
2069	2093
3274	3367
1917	2118
2293	2420
2233	2615
412	580
1080	1878
1795	1799
1917	1918
1293	1589
1972	2629
2068	2102
2104	2381
1075	1813
1009	1204
3101	3185
2210	2560
1946	2551
2200	2600
1603	1845
2755	3090
3616	3844
3116	3396
2890	3166
2081	2372
2078	2200
1530	1750
2086	2308
3111	3353
2441	2558
2149	2642
2052	2125
2118	2489
1324	1820
353	408
2532	2654
1331	1789
1010	1228
766	800
2189	2608
1256	1330
1029	1730
1017	1501
2293	2384
2223	2605
1912	2121
3234	3324
465	558
1275	1906
2228	2448
2257	2339
146	339
1991	2027
1985	2393
2973	3132
2201	2339
1947	2002
1319	1747
2956	3014
2115	2638
1056	1813
2240	2428
1343	1364
25	231
2142	2449
1662	1864
2184	2578
3480	3692
1920	2333
2449	2512
1404	1716
2738	2757
2174	2292
1421	1494
3116	3306
1995	2337
1085	3561
131	143
1953	2244
1388	1842
2064	2213
820	853
1941	2559
2806	3286
925	1335
2083	2112
1331	1376
793	797
3359	3366
1654	1767
1927	1954
1182	1312
2830	3379
1954	1973
2479	2603
2223	2555
1243	1563
2115	2261
3442	3455
107	1721
420	524
428	460
3089	3355
1917	2391
3674	3886
1947	2510
3437	3543
2222	2415
2090	2356
1941	2188
579	620
1377	1746
3224	3397
2755	2928
2680	2944
2209	2641
1925	2552
214	326
67	344
3437	3466
2954	3383
13	325
959	1598
1371	1378
1971	2600
2205	2366
1583	1655
2664	2694
997	1559
1120	1655
2030	2464
2319	2463
107	1307
1305	1391
2376	2500
2054	2567
2287	2324
3534	3758
1653	1789
1462	1691
3331	3353
408	419
2430	2563
2229	2563
2115	2190
107	1284
3567	3743
2073	2482
3078	3096
1459	1628
3458	3584
2359	2564
2991	3172
1006	1351
435	497
3450	3838
2910	3073
3442	3728
1931	2659
1128	1242
2158	2411
1684	3032
1522	1750
3362	3426
2030	2578
3188	3194
2253	2563
2387	2443
2946	2961
2206	2423
1683	1791
2694	2920
2268	2502
921	1833
350	484
1367	1520
2200	2237
1186	1548
993	1730
2708	2995
1399	1516
1955	2463
107	1815
2763	3315
1943	2590
1135	1570
2028	2039
3568	3645
979	1177
3024	3328
1989	2200
144	343
1153	1370
1294	1425
1024	1390
2461	2597
1559	1609
1979	2266
2561	2638
1146	1746
1183	1525
2121	2340
1079	1621
2278	2611
1107	1256
165	342
1547	1800
2067	2602
1143	1650
2089	2618
1312	1819
40	169
107	1676
2040	2553
2292	2451
1610	1746
953	1714
780	805
2104	2630
1912	2388
1340	1612
1480	1782
2115	2172
2937	3060
2253	2290
1132	1222
896	1573
2727	3100
2754	3293
703	781
1349	1673
2043	2123
2235	2603
2122	2124
2096	2480
2140	2543
3148	3381
2133	2194
2512	2543
1278	1375
1488	1621
1509	1659
2570	2587
2309	2601
1330	1795
2769	2789
1179	1320
1418	1472
1040	1370
2869	3267
2131	2526
1300	1606
2786	2944
1535	1804
1320	1514
2104	2323
2198	2279
2329	2611
2172	2433
1456	1457
1789	1888
1938	2190
1163	1746
1015	1583
773	810
1006	1813
2874	3025
578	658
2336	2491
1006	1398
592	609
2065	2215
20	333
2184	2201
1759	1840
1361	1702
373	527
679	682
1269	1761
3123	3339
2241	2533
862	1085
747	803
236	257
1389	1811
2244	2374
1071	1202
3118	3162
2072	2390
107	1244
1082	1903
130	277
1972	2636
1942	2611
1912	2104
1335	1663
2835	2924
3545	3627
2040	2602
2371	2448
897	1769
2081	2338
3554	3561
1339	1689
2463	2529
180	204
1197	1368
631	639
3460	3601
2060	2536
414	579
1024	1271
404	452
1460	1501
2765	2780
2098	2299
2376	2410
1086	1256
2550	2553
1201	1352
1388	1470
1633	1876
2675	2914
2994	3417
2043	2063
3182	3198
2874	2994
1443	1910
2339	2340
944	1159
1406	1732
2174	2223
1529	1778
2164	2607
2753	3116
2153	2547
2084	2098
1978	2403
1975	2534
1011	1756
2045	2347
1255	1902
1912	2043
107	1536
3136	3264
1572	1752
1684	3421
2214	2406
2872	3387
465	669
1497	1675
1235	1573
942	1638
3084	3300
3437	3941
1511	1866
1925	2374
921	1146
2409	2590
2176	2246
1056	1201
2324	2520
3261	3377
62	98
1271	1800
1104	1231
98	313
1946	2064
2996	3097
1008	1674
3152	3411
1684	3101
2051	2313
2289	2362
1059	1312
3182	3258
2247	2529
1929	2484
3741	3851
2718	3076
861	889
1078	1832
1267	1570
722	829
1029	1175
414	650
2735	3418
1081	1894
3501	3938
1435	1867
2549	2556
1347	1857
2549	2601
1513	1779
2625	2655
3020	3205
1293	1621
3690	3946
2257	2353
4000	4026
997	1804
1912	2047
748	779
2862	3384
2991	3152
2347	2369
2932	3136
3297	3391
1917	2354
2754	3348
1526	1565
2150	2308
412	555
2246	2471
1078	1520
916	1793
3150	3151
616	623
2306	2604
3145	3255
1308	1759
2507	2563
1399	1721
1926	2419
1345	1716
40	298
713	830
3463	3947
1917	2339
363	1844
1052	1343
2571	2594
1242	1554
2020	2154
3604	3938
1522	1816
2278	2369
805	843
2919	3184
3033	3142
394	676
3521	3625
1912	2601
1577	2319
2250	2398
1947	2608
2074	2407
1450	1505
2719	3079
993	1149
1954	2463
2151	2176
2273	2292
3009	3109
1242	1559
1530	1721
3002	3027
1431	1689
3484	3873
946	1610
1471	1612
2340	2504
1809	1886
2356	2604
2043	2077
2183	2194
1985	2638
2045	2290
2200	2430
2240	2482
1447	1835
2420	2451
1018	1373
637	1204
1684	2962
2803	3214
2109	2590
1409	1608
2129	2570
483	1606
1985	2123
2521	2550
3032	3259
2853	3265
2300	2460
2507	2556
1331	1530
3351	3431
2135	2180
3463	3506
1182	1663
1185	1736
1230	1685
3886	3948
2109	2376
2667	3099
1369	1663
3118	3263
2661	3280
2887	3158
1298	1862
1998	2016
2124	2188
1164	1557
2053	2289
2344	2434
2037	2464
2144	2292
1104	1550
2347	2419
1471	1584
2880	2925
2956	3363
2102	2199
2864	3232
1372	1910
2340	2574
1237	1320
3446	3580
2682	3001
2336	2598
1101	1535
993	1717
1078	1125
186	323
2925	3226
1329	1888
1211	1902
1948	2377
107	1010
995	1540
373	565
378	465
483	1475
1573	1871
1959	2143
1290	1867
1472	1624
958	1895
475	641
946	968
1684	2663
2796	2921
2892	3178
3993	3995
2112	2383
1519	1832
107	919
2191	2336
3093	3204
432	525
2749	3047
3719	3951
2072	2589
430	526
731	784
2119	2397
2187	2267
1912	2017
3567	3725
3654	3703
463	483
708	827
3227	3324
2026	2594
597	636
2464	2551
1576	1592
1184	1685
414	648
1952	2296
1431	1598
1334	1735
1912	2184
2550	2586
1946	2154
1182	1539
1273	1704
396	547
3113	3272
428	594
1684	3147
2247	2629
2049	2562
2064	2500
1597	1689
2323	2381
2053	2081
107	1249
2327	2473
2396	2458
203	285
107	1361
2091	2236
3062	3373
1017	1665
3523	3919
2991	2992
2259	2420
2726	2899
21	88
1965	2656
2108	2324
1132	1833
2088	2150
2928	2960
2782	2960
2800	2806
997	1125
2095	2467
1926	2189
595	662
2877	2974
615	665
2666	2913
3611	3913
1943	2433
3545	3559
1214	1605
1462	1587
888	889
1161	1846
3345	3386
1085	1553
136	2447
1665	1707
136	2571
2054	2169
1086	1288
941	1611
2176	2273
727	770
1583	1592
2717	3174
2011	2116
2878	2904
934	1707
1095	1422
2560	2654
686	758
1786	1828
1718	2169
0	113
3506	3711
2299	2554
1576	1680
2153	2264
1912	2233
1915	2587
2086	2369
1292	1322
21	186
1984	2229
2579	2615
2285	2597
100	189
960	1712
3296	3344
2287	2625
1163	1184
107	1075
1365	1810
2850	3195
1991	2633
975	1322
82	172
2771	3248
2132	2169
1361	1707
1479	1899
159	272
1083	1839
1184	1603
1730	1746
2223	2509
2970	3252
1085	1178
1426	1786
1916	2292
2117	2567
584	637
3205	3343
1374	1616
2040	2118
1267	1644
1126	1839
2279	2479
3463	3906
2090	2213
2253	2309
391	446
2694	3104
398	494
934	1714
1319	1548
3036	3073
2088	2374
1420	1867
3129	3257
1117	1571
641	1114
2467	2526
2511	2589
1009	1893
169	280
1979	2164
2863	3270
2209	2642
3727	3771
107	1318
993	1835
2147	2478
2127	2151
1940	2643
1522	1620
2062	2390
1184	1652
2667	2868
2091	2156
2187	2649
1185	1329
2781	3179
0	95
2996	3345
483	1543
1399	1752
423	525
1472	1869
1650	1830
3608	3705
2414	2630
2121	2266
107	1656
1219	1470
1184	1331
0	291
1051	1228
3555	3593
1985	2189
2777	3363
107	1275
2133	2239
2770	3132
2123	2266
1663	1724
1494	1687
1983	2429
745	758
21	342
1488	1823
1102	1591
2253	2625
1483	1535
2278	2533
917	1703
1156	1399
2762	3214
1541	1681
2931	3184
514	538
2131	2551
1702	1911
2117	2149
745	774
2292	2372
946	1746
3462	3824
1120	1298
48	203
2683	3364
2319	2445
1437	1780
313	339
2928	2986
1918	2520
3191	3313
1229	1277
1361	1603
1471	1833
2849	3089
1994	2111
993	1535
3495	3548
2484	2549
1684	3329
2109	2309
1318	1763
1009	1583
1003	1795
1355	1536
746	816
1277	1417
1108	1282
2313	2422
2600	2602
369	457
2229	2408
2135	2138
3713	3862
1938	2521
2779	3068
2286	2361
2187	2475
2939	3179
2102	2127
1576	1587
2690	2762
1729	1751
1072	1348
2395	2520
2429	2478
665	670
2132	2598
2480	2518
2693	3319
1943	2423
2032	2582
1054	1209
2290	2468
2083	2088
2064	2429
2913	3026
2336	2537
921	1399
2934	3075
1406	1729
2226	2419
626	654
2026	2511
1570	1604
2844	2904
619	623
2754	2874
2407	2507
2446	2646
995	1377
1370	1839
2123	2391
1925	2275
1039	1211
916	1530
1971	2556
2246	2273
1942	2142
2835	2839
0	343
2169	2249
2485	2573
575	617
958	1452
3491	3540
2840	3403
1250	1584
3102	3277
2799	2861
745	827
583	599
3248	3327
2463	2589
2199	2508
1725	1876
2542	2551
3736	3948
2694	2864
1148	1907
1415	1630
2043	2218
3484	3684
1377	1750
2679	2683
2081	2246
731	847
3437	3719
2861	3200
1280	1402
3004	3078
3464	3945
2747	2832
353	542
2694	2750
2319	2458
2196	2419
2748	3194
2872	3084
1948	2328
2991	3204
2229	2326
2558	2618
2719	2976
2763	2810
2233	2625
1946	2381
2404	2615
2047	2385
1933	2126
3488	3838
698	830
2390	2509
1019	1578
1561	1678
2719	3201
2349	2444
2109	2184
2676	2906
1361	1736
1048	1116
3437	3439
2206	2615
2108	2326
1976	2472
116	312
1101	1864
1340	1597
2938	2955
1066	1281
1516	1867
3437	3507
2919	2960
2142	2179
1626	1774
697	824
396	519
517	538
2928	3388
1416	1456
1557	1688
1230	1753
130	322
952	1791
3508	3632
1932	2471
2068	2511
2237	2593
2543	2592
1314	1424
2160	2360
2109	2638
1015	1682
2702	3219
3258	3411
3274	3281
2176	2267
968	1343
1571	1730
2520	2532
1985	2386
1732	1848
1951	1976
2073	2088
2488	2570
1110	1209
0	225
2769	3090
1943	2290
2046	2625
1620	1689
2669	3078
2111	2235
1280	1793
2131	2324
2030	2299
1329	1467
2905	3026
1021	1334
271	291
2097	2620
2045	2392
1672	1783
1912	2579
2719	3258
2028	2338
3105	3251
3563	3948
1448	1628
3456	3693
1272	1431
902	1067
2918	3032
1593	1758
2155	2416
2328	2649
1987	2194
1610	1902
1126	1402
3342	3345
1257	1479
107	1780
1048	1449
2069	2524
2706	3220
2223	2282
2244	2539
1287	1331
1516	1712
1928	2417
2418	2550
492	566
1098	1511
1339	1424
2785	3209
2180	2294
925	1621
502	548
2381	2654
171	1549
1932	2649
1470	1861
2901	3154
2150	2578
373	450
40	158
1312	1520
2603	2652
3007	3154
2244	2278
2965	3328
2189	2303
3116	3416
2069	2331
391	492
1107	1796
395	513
107	1547
1267	1617
2447	2636
1003	1250
2506	2611
3877	3930
3176	3207
1534	3222
3145	3274
3152	3235
3900	3976
3437	3876
1167	1188
2087	2475
1382	1783
136	2583
2542	2550
1028	1092
1986	2276
1182	1643
2045	2112
1959	2274
997	1388
3449	3577
2283	2304
1086	1302
3499	3829
2199	2215
2960	3117
2068	2180
934	1391
925	1618
412	537
1584	1730
3047	3339
62	122
3496	3861
734	756
3884	3938
1390	1707
1211	1752
1201	1811
2235	2294
2085	2341
2181	2405
734	766
2716	3397
2184	2326
2716	3101
353	540
2331	2492
1269	1688
2472	2642
458	482
2346	2583
953	1551
2764	3302
0	312
3259	3404
1917	2200
1267	1736
2394	2491
1036	1448
2172	2307
2790	2803
3107	3198
1173	1707
1014	1729
2014	2284
1283	1505
2279	2533
3021	3320
975	1347
2319	2328
417	517
1958	2364
1938	2550
3662	3812
2043	2495
1413	1592
2733	3172
2248	2405
3348	3363
3437	3454
1315	1841
2134	2153
3861	3904
65	118
2259	2394
1055	1544
2868	3224
3240	3345
176	188
1377	1620
1669	1752
31	308
1269	1312
370	402
1250	1796
1684	3359
2839	3414
2795	3138
1496	1745
2755	3163
506	514
3437	3788
2136	2576
1107	1352
1913	2413
2074	2118
4013	4023
1137	1319
1067	1277
2020	2190
2716	3060
2071	2087
1652	1789
2586	2623
1118	1798
2445	2451
432	455
2970	3247
2726	2738
1955	2643
412	473
137	243
3061	3263
391	525
348	536
2037	2220
3800	3804
2468	2561
1092	1864
1912	2363
2196	2330
3360	3386
1652	1746
2286	2534
3522	3930
2680	2966
1158	1298
3178	3374
1026	1509
695	711
2713	3285
465	604
2054	2199
2261	2553
3460	3515
2228	2313
2966	3040
1684	2893
1867	1881
2370	2446
2054	2096
2394	2501
1912	2140
2110	2111
348	519
606	1012
2347	2482
1110	1377
2111	2273
3445	3819
1110	1339
1684	3270
1039	1040
2588	2642
975	1682
2293	2496
1943	2077
1912	2051
2115	2469
1124	1861
2925	3184
1966	2190
1452	1533
1608	1736
3103	3241
3437	3710
1117	1580
3545	3576
2005	2308
506	507
1221	1418
107	1684
1290	1335
1604	1613
1565	1801
2229	2300
983	1839
977	986
1078	1172
1214	1842
1237	1763
2339	2602
2184	2323
1172	1351
2005	2086
2188	2299
1994	2384
2713	3207
583	632
2539	2602
2003	2377
2744	2843
2074	2216
952	1431
1684	3250
3508	3728
2749	2750
2084	2353
940	1418
2088	2638
1491	1712
704	848
2224	2543
514	561
1188	1366
3208	3431
688	774
1199	1535
1290	1523
927	1048
517	1095
2090	2369
2348	2542
606	1052
2674	2770
1125	1172
2758	2856
2032	2096
3463	3705
2839	3033
2307	2507
3592	3891
1222	1662
2005	2309
1912	2341
2026	2287
1004	1149
107	1861
2216	2492
2073	2218
2307	2606
1258	1630
2033	2392
2021	2464
2218	2556
946	1867
1269	1623
2002	2153
1300	1349
1941	2053
1577	2072
2772	3017
686	759
577	675
1349	1645
0	27
1269	1491
1191	1390
3162	3168
1912	2286
199	238
1684	3008
2414	2606
2289	2510
2086	2478
412	428
686	807
1184	1542
1135	1255
997	1124
2216	2561
1070	1469
1160	1898
2915	3243
722	784
1960	2448
2073	2104
574	631
2273	2461
3441	3662
417	444
2793	3116
94	315
2029	2182
1917	2172
3247	3291
857	3621
1408	1453
2390	2394
2244	2624
2675	2904
3060	3113
1062	1739
1989	2088
1302	1668
2734	3121
56	62
2020	2339
2118	2410
3000	3364
2165	2233
2516	2544
703	719
991	1034
1918	2109
1261	1316
596	1688
1185	1714
2460	2468
3529	3752
3017	3185
517	1645
3002	3412
1363	1837
3609	3962
3297	3330
2300	2549
1136	1174
2101	2294
1146	1243
2706	3303
2939	3316
363	1320
2213	2309
2108	2638
469	486
1804	1809
103	172
1213	1869
3747	3933
2723	3027
1955	2451
2913	2946
1107	1488
2674	3391
1128	1367
1286	1887
1554	1662
932	1605
2101	2568
2684	2823
1184	1211
1172	1214
2115	2340
2666	3033
500	601
122	304
48	119
2311	2324
2090	2543
3604	3943
2820	3292
416	432
1852	1863
1242	1867
1027	1890
2275	2574
353	1878
3152	3320
3076	3320
2240	2606
1576	1716
1912	2453
489	519
975	1379
1125	1238
1029	1774
1142	1625
2199	2235
3456	3762
982	1390
948	1080
871	895
2986	3033
954	1820
3838	3891
2920	3184
1554	1723
2009	2013
1912	2522
1960	2197
2073	2233
1918	2287
2149	2643
2077	2395
2212	2600
1964	2642
1436	1444
957	975
3559	3926
1841	1862
1449	1746
3120	3316
26	323
432	569
2210	2340
1590	1782
2871	3259
2996	3214
2730	2947
107	909
444	504
1222	1603
2127	2567
1242	1877
2829	3069
2392	2395
373	546
2279	2394
755	809
1101	1584
1070	1236
1373	1638
3496	3775
2302	2598
1221	1635
2112	2607
2271	2492
1126	1491
2124	2655
200	324
3525	3573
3243	3433
1868	1888
1242	1291
2282	2653
926	1280
2913	2956
2142	2504
1715	1859
1211	1623
2203	2475
3053	3105
124	170
1912	2070
60	291
2189	2555
2408	2492
1331	1447
2244	2446
2187	2555
1684	2825
2624	2655
1972	2061
2007	2332
2047	2580
2724	2758
3842	3908
1377	1471
1391	1470
2347	2624
3330	3404
2938	2964
2864	2880
2101	2264
1229	1859
520	561
3455	3470
1049	1621
414	500
1323	1335
1750	1888
0	295
7	347
1998	2459
706	815
1062	1226
3847	3979
2873	3417
2939	3169
2144	2463
630	663
1343	1818
2583	2648
2699	3318
2103	2464
1971	2549
1933	2120
2276	2404
3460	3972
1323	1730
988	1583
432	541
3239	3347
2955	3221
1079	1752
3049	3280
3514	3542
2289	2318
3731	3736
0	213
2823	3287
1522	1557
1153	1163
2064	2339
1242	1730
2132	2419
1126	1675
1130	1833
2900	3019
980	1460
2794	2988
2088	2253
1408	1897
1923	2480
764	809
1953	2543
3023	3234
2133	2135
2915	3000
2226	2322
2400	2529
3830	3873
1935	2365
1017	1622
2724	2739
1574	1882
3437	3652
1986	2334
461	683
2201	2261
2433	2638
2404	2552
2005	2045
1758	1837
413	460
2131	2573
1946	2460
1564	1666
425	456
616	660
1986	2216
1519	1861
1684	3115
2338	2420
1603	1886
107	1457
1912	2628
2890	3364
1938	2352
2866	3304
2948	3315
2139	2521
773	847
2095	2112
2666	2917
3528	3687
1418	1569
417	561
2323	2409
3051	3296
107	1196
631	682
1554	1750
1953	2220
444	520
223	239
1943	2201
2142	2359
1940	1954
1993	2139
703	792
2329	2613
1068	1271
953	1135
2159	2202
694	798
2153	2180
2765	2793
2139	2278
1085	3592
2143	2543
2086	2646
2325	2463
2786	3364
376	506
827	828
2340	2356
2184	2468
1272	1669
3144	3162
1947	2458
934	1509
2844	3140
1189	1847
2694	3417
1009	1227
731	834
3062	3295
2880	3000
1053	1607
0	334
2897	3226
3851	3938
967	1369
1376	1791
2282	2603
4019	4030
224	276
980	1352
2537	2589
1938	2140
1399	1746
500	519
24	249
1402	1809
3833	3924
1946	2104
1928	2640
2131	2469
2796	3287
136	2617
2142	2218
1292	1404
2169	2180
898	1783
2323	2428
3708	3975
2096	2434
1021	1587
3187	3369
2007	2031
3604	3605
1230	1557
2966	3301
2372	2567
941	1850
1718	2292
1020	1824
1680	1893
1912	2406
4002	4031
1939	2451
1290	1524
1242	1623
2123	2489
194	249
1972	2004
2191	2279
2732	3181
1331	1622
2750	3119
107	951
2945	3257
1250	1288
3437	3972
0	208
1018	1066
1391	1810
2333	2598
902	1379
308	338
2054	2294
3104	3232
1437	1626
1358	1374
2216	2381
1188	1355
1179	1357
2131	2244
2673	2839
423	461
2336	2629
1004	1746
2283	2420
1653	1888
3114	3123
1366	1725
3437	3662
3486	3869
2664	3029
1235	1479
1729	1732
1947	1954
1459	1716
1529	1650
1953	2103
3443	3466
2810	2928
1078	1717
2378	2639
2724	2845
1577	2616
2086	2446
917	1159
1946	2093
1237	1574
2398	2496
2184	2331
3104	3435
2877	3232
2244	2654
3579	3675
1126	1390
1214	1643
2028	2519
1238	1898
3500	3615
1572	1644
2074	2136
1229	1596
2299	2499
1149	1622
966	1821
1995	2627
3571	3975
947	1816
2074	2575
2331	2354
3701	3975
3529	3829
2289	2398
2176	2588
1985	2464
374	460
2218	2386
946	1868
1243	1620
1966	2359
2278	2370
2294	2501
1118	1333
3188	3253
650	681
1110	1321
2806	3114
2698	3232
2018	2645
45	200
1932	2138
1153	1547
1684	2862
2754	3056
697	840
2423	2507
1765	1851
412	507
3172	3378
3220	3293
2235	2509
2126	2455
1382	1894
737	843
2213	2654
1684	3357
1100	1192
30	329
1238	1689
2189	2203
1927	2225
107	1025
2254	2336
2073	2520
2021	2103
3980	4038
1189	1428
1612	1662
2187	2419
2484	2575
2348	2590
1665	1810
107	1116
2863	3094
1345	1764
2010	2598
3120	3191
1352	1718
968	1827
2936	3378
2200	2526
2172	2601
1064	1829
2718	3369
1199	1737
2556	2561
2507	2646
3515	3593
2184	2257
2266	2288
3957	3975
942	1108
1185	1617
370	669
811	869
2579	2604
3080	3269
1289	1584
2944	3056
1406	1742
1370	1663
1516	1800
483	1020
2088	2559
2742	3148
1100	1728
2190	2299
1983	2046
605	630
3651	3830
1529	1709
2102	2117
2666	3348
2889	3275
3611	3737
2939	2973
2188	2573
1632	1789
1420	1597
3038	3345
419	424
1124	1289
2460	2492
2398	2598
3514	3926
1929	2655
211	268
3350	3360
730	849
2132	2280
3035	3297
897	1799
1431	1782
2309	2339
116	326
3627	3804
3782	3881
148	185
2304	2394
2765	2853
2153	2233
3611	3858
2062	2110
3521	3526
2306	2630
2033	2624
1528	1754
3533	3929
1278	1523
1709	1756
3062	3233
2794	3073
2052	2224
3152	3291
2216	2604
2786	3238
1288	1736
766	826
2308	2414
1163	1707
107	1019
2135	2544
1	48
2112	2542
1277	1298
1580	1662
1132	1604
3101	3182
3232	3257
373	496
2142	2560
2404	2409
993	1146
2125	2292
2997	3072
1768	1879
2226	2406
1075	1737
2275	2395
1330	1823
1419	1843
689	839
1180	1331
1391	1594
107	998
824	842
3026	3363
2011	2022
1275	1904
1351	1793
2093	2625
1549	1778
387	400
3163	3166
1551	1723
2352	2387
2810	3213
2005	2240
1166	1472
1369	1726
978	1768
1272	1891
2324	2559
2036	2345
101	180
2114	2260
1330	1520
2845	3186
1589	1868
3619	3760
2062	2222
3449	3677
952	1612
1335	1623
686	755
2992	3280
3177	3380
3526	3831
2216	2414
2739	2871
186	325
111	343
2086	2630
2206	2216
1009	1850
1303	1751
395	517
1936	2497
1086	1570
2039	2461
2711	2989
2835	3387
2247	2434
3035	3051
2040	2208
1454	1894
1377	1891
188	208
1292	1716
1961	2281
3711	3758
2132	2394
2250	2289
2093	2646
3101	3288
2033	2108
2103	2563
913	1709
3617	3931
1199	1867
1485	1753
2336	2385
2871	3256
1925	2559
1110	1390
1339	1663
1375	1612
2928	3174
450	475
1369	1617
1479	1871
2203	2319
2239	2293
926	1509
2153	2434
1746	1752
2919	3104
925	1612
3789	3807
2165	2485
1496	1536
1148	1190
1132	1335
483	1894
1505	2976
2046	2356
257	344
3154	3233
1932	2199
3469	3881
2386	2607
1269	1804
1613	1736
2718	3256
2290	2590
2334	2602
580	1677
1478	1910
1551	1554
2492	2604
53	254
1913	2616
2095	2430
2381	2646
947	1078
1367	1826
2131	2553
2484	2586
414	625
1388	1613
1971	2240
1491	1791
2196	2617
1213	1725
2237	2363
1167	1504
1359	1717
766	853
1323	1570
3025	3123
1986	2404
1990	2173
2414	2495
2108	2212
1341	1663
3017	3111
553	666
2031	2209
1067	1432
348	351
1247	1818
2482	2611
2225	2648
104	212
932	1902
1590	1714
1209	1750
2103	2449
2045	2287
2354	2554
57	242
1563	1833
2786	2940
2244	2467
2115	2352
2397	2628
107	1722
2348	2506
2976	3434
395	515
1979	2201
2146	2162
1199	1365
1391	1826
82	158
2095	2560
1352	1736
1365	1714
2063	2359
942	1166
3569	3593
2392	2551
925	1059
1132	1198
2078	2103
421	465
1341	1632
1024	1652
3677	3800
921	1761
2143	2510
1339	1563
1962	2492
1516	1669
439	458
2418	2600
2224	2445
2216	2323
2047	2498
460	545
640	647
21	271
896	1596
1737	1799
946	1590
2276	2323
1981	2110
2247	2336
2078	2467
1637	1663
412	676
2750	2912
1714	1833
2174	2343
1999	2009
2147	2271
3087	3256
2103	2624
1086	1736
2194	2571
1986	2506
438	493
2521	2563
3102	3265
2672	3386
1126	1813
2075	2438
903	1333
925	1608
2711	2942
2865	3369
2187	2384
1420	1580
831	853
1335	1619
856	861
3011	3079
2112	2340
2261	2464
1109	1188
2165	2630
107	1750
2169	2196
1955	2038
2356	2601
1052	1725
1519	1688
947	1800
2471	2567
1185	1563
1163	1791
1752	1800
3106	3320
1400	1545
2128	2279
1529	1727
2750	2943
2026	2102
2356	2554
2376	2418
98	186
2059	2624
1391	1833
2078	2590
2966	3362
3495	3842
1938	1997
3149	3163
1470	1563
962	1677
1126	1305
556	683
3135	3363
2290	2352
1916	2588
1960	2474
3437	3944
2970	3201
2861	3216
2127	2445
1256	1431
632	670
2044	2520
1684	3286
1684	3269
1347	1587
2030	2526
3437	3812
783	817
452	460
2271	2573
7	22
514	614
1378	1787
2212	2261
2669	3339
2783	2787
1604	1722
3320	3422
2944	3090
408	417
1912	1963
1209	1888
1914	2636
2812	3087
1051	1496
3915	3956
2138	2144
1101	1211
2359	2460
431	434
1370	1821
2606	2619
3362	3433
1425	1574
2010	2567
1446	1692
3568	3818
1132	1804
3835	3907
2088	2216
2698	2839
2200	2395
995	1239
2694	2815
3545	3604
967	1110
3534	3564
3288	3434
580	1095
1124	1335
1160	1402
2510	2589
1128	1827
1104	1573
2309	2352
2334	2611
926	1810
2084	2559
1289	1399
1603	1879
2392	2600
1972	2268
3444	3742
3437	3769
348	387
3437	3633
2553	2602
3522	3872
3747	3960
2348	2460
455	553
3100	3162
3629	3778
2134	2302
2187	2598
566	1313
2485	2655
1265	1329
1987	2332
107	1016
1340	1491
1524	1796
1930	1975
1277	1742
2122	2150
2068	2247
1577	2007
2118	2573
2084	2387
1684	2730
161	322
1471	1614
2068	2377
2077	2601
2326	2331
1160	1637
2194	2327
921	1639
1516	1839
475	524
2104	2408
3574	3576
1981	2458
353	1374
2508	2592
3472	3850
1284	1587
1431	1734
2514	2588
1137	1371
2037	2210
1277	1426
1267	1339
1473	1654
1318	1464
417	511
2717	2910
1454	1732
3743	3874
2090	2233
1078	1409
1169	1249
2155	2498
3546	3863
3082	3335
2088	2521
0	1
0	197
425	427
2046	2084
3592	3677
3638	3844
2213	2353
2520	2575
1523	1540
553	645
2111	2325
3480	3971
1230	1437
1954	2377
2937	3396
1938	2184
3108	3387
2069	2638
2890	3119
3553	3698
513	520
1048	1522
2253	2347
977	1304
1954	2032
1100	1432
1941	2071
3576	3640
978	1734
2737	3273
2734	3165
2054	2222
2354	2561
2139	2237
119	271
1947	2537
2451	2479
1250	1613
2115	2323
2218	2492
2095	2290
2753	3261
1078	1768
107	601
2748	3198
726	812
713	851
3033	3080
959	1898
2458	2491
1352	1619
2032	2367
2247	2588
1192	1859
2093	2309
1530	1643
2148	2293
2039	2135
3090	3293
2985	3387
1577	2144
373	412
1264	1749
1259	1906
2059	2478
1192	1655
1413	1875
2313	2528
2150	2395
2359	2624
3104	3417
2213	2564
1219	1367
391	514
611	653
2275	2326
2183	2191
2101	2283
2491	2589
2633	2636
617	654
574	616
2042	2642
3593	3793
3088	3291
2078	2136
2290	2369
1966	2062
1964	2610
2078	2561
58	171
3595	3743
1942	2476
261	268
1082	1873
3655	3696
2216	2334
2549	2625
1158	1691
687	819
1926	2649
3498	3715
1912	2265
3120	3291
2116	2284
2299	2492
1421	1825
2866	2993
3009	3027
1376	1867
2334	2387
1344	1554
3563	3886
2042	2196
1508	1751
3437	3569
1947	2471
2140	2324
3137	3257
3764	3915
2336	2344
724	819
1929	2359
2123	2484
1993	2542
3514	3604
2693	2822
2083	2093
1613	1868
1984	2615
2271	2593
3641	3967
2910	3064
483	1282
3510	3881
1947	2247
3529	3630
2133	2302
2153	2511
121	169
2573	2615
1716	1824
3581	3695
1912	2074
1959	2268
2210	2348
30	188
3500	3933
1493	1880
2046	2078
2409	2418
29	118
2905	2906
1959	2603
3504	3626
1981	2384
1956	2481
2672	3298
1431	1842
3090	3104
2464	2607
2615	2646
2045	2623
2052	2338
3168	3207
1941	2047
1666	3111
1469	1889
3027	3072
1333	1784
1379	1438
1746	1800
3525	3756
1258	1818
1912	2199
378	502
2202	2657
2276	2630
2155	2491
21	203
2698	2757
9	141
2091	2260
2710	2807
932	1238
2363	2543
2331	2619
1339	1344
1718	2294
1216	1333
1917	2526
2131	2240
1726	3385
2093	2624
966	1288
3756	3938
2404	2506
2133	2325
2754	2956
2090	2309
1288	1471
2037	2521
1559	1643
3643	3810
1966	1997
3406	3422
2165	2347
2690	3353
701	726
1080	1763
31	168
3646	3648
2890	3387
1684	3392
2042	2445
1416	1791
500	604
2661	2853
1938	2331
3076	3113
2755	2940
2285	2555
1920	2516
1761	1868
3557	3828
3980	4025
946	1365
2674	3016
1480	1712
768	822
2002	2246
3187	3425
3643	3855
2854	3010
1157	1383
2754	2755
2108	2381
2698	3430
3987	4012
1376	1823
2007	2445
2745	2960
995	1330
3068	3086
197	309
1227	1235
1463	1789
3118	3295
2949	3012
952	1622
2574	2615
2376	2469
1540	1584
1054	1242
118	252
2839	2862
783	820
1130	1799
2078	2606
1282	1783
1207	1598
1475	1479
1367	1618
2754	3104
1221	1703
1135	1584
3462	3559
1086	1358
2233	2586
1281	1893
2830	3168
2064	2410
2399	2616
2151	2187
159	320
754	792
2473	2543
2074	2468
45	67
1078	1302
1971	2492
3025	3362
1196	1845
2202	2447
1964	2036
107	1511
2053	2224
365	520
2387	2526
2916	3228
2110	2603
1189	1529
89	327
640	675
1684	2876
1729	1824
1024	1133
3081	3196
2085	2523
925	1175
1029	1669
3443	3469
3655	3791
2009	2660
628	647
2111	2264
2712	3201
1803	1847
3168	3177
3595	3628
1986	2539
2491	2511
2090	2307
966	1352
1456	1839
690	694
2035	2231
2069	2492
3475	3672
3096	3362
1938	2240
2187	2315
1768	1868
2915	2943
370	567
1983	2563
2950	3256
773	853
107	1597
2070	2570
3391	3406
2142	2352
1300	1374
2970	3070
2835	3348
1966	2064
2331	2464
978	1609
1315	1345
1182	1570
2276	2546
1529	1630
3586	3948
2257	2347
2499	2561
1939	2032
1786	1850
1516	1551
1431	1439
1887	1899
922	1805
2275	2564
1645	1740
3601	3645
3779	3941
930	1695
2684	3434
1126	1243
989	1019
1275	1783
1221	1611
2122	2309
2500	2615
3146	3351
727	849
2112	2578
2389	2616
1124	1501
21	235
1098	1806
2103	2532
2668	3140
1290	1864
1684	2706
2846	3188
1298	1680
3054	3174
1277	1576
1432	1661
1684	3121
1919	2620
1576	1583
2290	2331
45	303
966	1117
348	571
348	526
1334	1888
2143	2498
3073	3417
2786	3000
2910	2969
553	620
2939	3051
1211	1250
2049	2158
3651	3734
2716	2846
786	833
1406	1495
1334	1630
2259	2345
0	337
1199	1219
3564	3821
1073	1861
1570	1902
3364	3417
2880	3348
1912	2003
2681	3257
1124	1305
2020	2464
712	714
747	753
1293	1730
2253	2468
1341	1746
2521	2560
2029	2438
3471	3938
2865	3264
2386	2586
780	845
2835	2862
3366	3412
3221	3249
2069	2591
1929	2446
2154	2276
402	570
373	395
2676	2800
1943	2253
2423	2489
1637	1779
2754	2969
2782	2891
3596	3788
1612	1643
1440	1858
1456	1746
1192	1277
948	1358
2309	2478
2183	2315
2712	2859
2056	2428
2313	2376
1242	1613
2921	3017
2787	3211
1504	1634
1431	1833
1503	1850
450	463
2374	2381
3549	3812
1056	1570
2042	2117
3546	3624
719	752
2717	2925
2729	3158
2873	3104
1029	1535
1959	2385
2810	2873
713	760
1221	1628
2359	2485
2063	2573
408	488
2154	2654
2217	2540
3980	4026
2123	2428
1185	1757
1315	1576
1287	1886
4013	4031
2103	2374
2031	2642
1898	1902
2103	2363
1174	1803
925	1344
972	1040
1815	1869
1571	1589
962	1549
3090	3142
2117	2508
2743	2924
963	1493
979	1403
2088	2575
2123	2418
1985	2020
3082	3239
1207	1370
1604	1863
3470	3796
1257	1636
1006	1900
1129	1592
2105	2126
2037	2084
2782	3047
1009	1899
3025	3166
2	326
1714	1827
2384	2394
3517	3948
2973	3101
1337	1360
104	200
1959	2344
1370	1600
1684	3396
2850	2986
696	719
2956	3238
123	200
1448	1459
1948	2038
2234	2334
2598	2635
2268	2406
609	623
2030	2600
1056	1191
1980	2657
2509	2598
1211	1603
3116	3120
3771	3956
2754	3036
1930	2049
736	742
946	1707
0	316
637	1086
2084	2300
1491	1547
906	1551
2986	3014
1557	1819
1972	2159
1339	1390
1612	1622
1361	1813
460	514
1242	1584
2171	2337
2142	2244
3138	3208
2128	2203
2748	3041
1080	1902
1710	1730
1460	1782
3076	3411
2183	2543
698	884
707	712
2294	2419
2199	2643
1332	1901
2154	2630
618	630
199	222
2374	2409
2068	2533
1000	1759
3683	3756
1376	1707
302	330
3712	3734
2142	2354
698	883
432	456
3488	3576
2142	2492
1912	2264
3836	3893
2063	2590
1132	1539
1684	2954
107	1076
3527	3528
2033	2348
1984	2499
1332	1773
1100	1315
1188	1299
1972	2143
3458	3468
107	1760
2504	2631
2669	3108
2212	2542
1098	1165
2033	2184
1619	1886
636	684
698	857
121	165
925	1003
1639	1774
2188	2542
2669	2738
3179	3434
916	1768
3982	3988
1674	1758
2002	2461
2071	2347
2562	2618
1984	1997
1281	1786
1156	1886
2055	2188
1998	2365
2134	2285
1265	1520
2913	2993
2073	2374
2271	2376
1204	1347
1683	1867
1214	1335
0	239
1054	1086
2103	2266
2948	3052
2026	2264
1584	1867
2253	2607
1132	1750
1216	1880
2310	2557
2886	3322
2546	2586
1568	1787
992	1452
1183	1444
1207	1746
2897	2966
1258	1275
2047	2471
2331	2348
1289	1471
2169	2304
1351	1833
3076	3115
2073	2348
133	141
123	318
3684	3693
2669	2786
1003	1663
824	827
2467	2607
3447	3580
1256	1621
3870	3896
26	332
955	1111
1079	1685
2200	2253
3258	3396
3508	3553
1409	1589
21	25
2083	2495
2031	2214
980	995
2153	2594
2191	2199
1752	1833
2084	2553
2329	2460
1684	2873
896	1635
348	520
2973	3239
1080	1237
1482	1536
1570	1603
1947	2516
3629	3769
2542	2646
1269	1538
1315	1322
2045	2553
563	1070
439	570
439	525
1912	2170
2336	2547
1066	1392
442	460
1931	2116
3607	3933
941	1104
98	258
2005	2131
3052	3237
1491	1613
107	1265
1116	1845
1280	1604
2121	2363
376	563
2717	2866
3034	3313
3805	3950
1288	1456
2381	2410
2762	3380
2317	2412
1227	1502
3613	3919
2694	2782
1280	1809
277	342
424	551
1118	1319
2093	2600
2115	2492
626	644
1017	1302
1863	1911
1559	1735
1946	2253
1589	1604
1174	1410
686	792
3044	3232
2711	2921
1689	1849
1113	1464
2676	3226
544	669
2020	2369
415	563
2335	2488
1175	1405
370	540
1750	1791
3611	3830
2030	2112
1079	1813
2956	3387
2160	2659
2316	2402
2745	2909
3257	3387
2720	2984
1242	1827
2356	2631
2190	2624
2896	3073
2955	3067
1256	1900
1108	1871
2386	2575
436	563
1597	1735
3184	3286
2021	2407
2631	2655
3437	3698
91	201
2669	2694
1049	1522
1799	1800
1029	1205
1006	1542
2309	2550
2399	2419
925	1302
1110	1523
2781	2991
1390	1467
395	536
2462	2551
2144	2153
1475	1790
2233	2407
2526	2561
2809	3388
2057	2575
3730	3804
1921	2004
388	496
2896	2925
2399	2438
2077	2561
899	1442
1267	1761
107	1073
2787	2932
589	597
1938	2615
1714	1888
2915	3362
1109	1847
3225	3274
967	1782
2613	2630
2969	3324
1255	1399
719	817
2191	2567
2781	3326
2904	3280
1936	2035
1914	1931
2718	3331
1520	1540
1322	1426
2174	2267
2331	2353
2729	3000
2526	2575
2472	2639
1086	1149
3283	3382
917	992
3182	3351
363	475
41	312
3596	3702
3438	3693
1669	1898
2058	2334
922	1863
2743	2754
2059	2521
1707	1761
917	1751
1912	2337
2498	2567
2220	2575
1651	1730
2199	2279
1580	1621
1983	2300
2064	2300
3845	3851
2083	2290
609	630
2410	2611
2007	2516
1960	2322
2690	3020
1340	1721
1941	2072
118	324
2940	3348
2210	2395
1405	1612
2075	2235
1530	1612
1199	1377
1235	1345
2118	2363
927	1528
2187	2199
1124	1199
1024	1130
2953	3417
2716	3274
3561	3927
2711	3009
686	762
1723	1804
1330	1619
2797	2936
1183	1529
2910	2960
1024	1214
72	141
925	1547
1559	1604
3184	3234
1068	1571
1993	2300
2140	2278
2764	3011
492	497
376	1358
353	1679
2087	2264
1306	1428
3377	3422
2132	2652
1006	1736
2369	2370
2768	2951
1269	1757
2163	2183
2115	2275
3672	3928
1962	2353
840	848
1993	2059
3609	3938
1925	2300
2233	2266
172	325
2118	2504
857	3626
1012	1882
2351	2529
1516	1826
1404	1583
2356	2550
2289	2597
643	681
2246	2347
348	431
2905	3384
400	436
1227	1812
1405	3100
1925	2549
1688	1827
3663	3728
0	76
348	495
422	609
2203	2582
1161	1702
1669	1800
2115	2586
2410	2654
787	797
2063	2218
2366	2379
2214	2624
107	1007
770	781
686	751
1912	2173
2009	2472
2153	2372
3695	3830
1416	1491
2112	2506
1372	1831
1006	1795
1322	1379
2279	2543
2864	3078
3140	3177
1007	1070
1512	1740
3525	3551
2063	2485
2054	2235
2351	2498
1984	2069
2833	3060
1554	1669
2374	2526
1305	1761
1483	1879
1282	1595
1018	1894
2325	2367
1929	2414
1912	1982
1622	1717
1214	1863
2777	3078
2020	2469
2032	2247
107	1868
1585	1905
2953	3362
376	378
2242	2605
2123	2306
1684	2883
2087	2368
1517	1845
2419	2629
2499	2655
1718	2588
1746	1789
349	508
1391	1665
2068	2161
3638	3932
2133	2138
2032	2042
2189	2471
2128	2138
3560	3691
1919	2025
1597	1795
2071	2196
917	1787
2991	3265
2929	2993
1570	1685
2863	3247
2131	2604
1243	1522
1684	3194
1936	1978
2370	2556
2220	2564
1173	1688
1085	1307
483	1400
1995	2447
2220	2429
3692	3886
2610	2641
2052	2384
3545	3966
1684	2984
2090	2469
578	600
641	1744
38	178
436	484
1971	2093
107	979
2801	3365
1347	1396
2131	2624
2738	2877
3872	3888
2000	2024
462	493
2944	3387
3793	3803
1405	3001
3697	3884
1479	1595
2046	2323
2275	2352
2222	2434
686	713
2218	2374
420	596
1582	1894
2143	2328
1603	1622
2290	2353
2499	2500
968	1429
1128	1516
789	833
1773	1801
1768	1864
2247	2419
2495	2563
3656	3667
2987	3084
709	828
2716	3038
2882	3057
2495	2600
2950	3189
745	820
939	1342
1912	2560
1344	1771
2028	2567
1431	1750
484	517
3221	3327
2108	2578
2327	2567
1067	1479
2601	2619
2418	2654
2537	2567
621	622
1566	1680
2977	3243
2575	2590
1184	1250
1987	2268
2065	2608
1312	1613
1945	2101
1076	1714
1078	1391
2973	3344
1606	1778
2681	3433
3294	3303
719	772
2748	3247
814	828
1048	1182
2689	2810
3185	3342
1469	1709
2464	2602
2259	2347
1483	1868
2090	2287
616	657
1228	1308
2836	3214
2836	3248
2336	2642
2131	2630
2352	2381
413	465
1171	1465
2676	2986
2969	3065
706	847
2103	2124
384	552
1943	2576
2989	3075
94	204
1912	2236
2172	2462
1683	1689
1151	1540
3167	3236
172	313
62	341
1117	1791
2009	2417
1471	1888
1123	1488
968	1738
3169	3385
2148	2609
3587	3809
1596	1786
2187	2239
2202	2585
1735	1736
2143	2544
1912	2367
2951	3018
2793	2901
1743	1901
2815	2987
1962	2200
25	291
2751	3117
2207	2550
2289	2567
2463	2617
2033	2521
2229	2276
107	1058
360	461
3880	3970
1076	1198
2770	3035
2145	2211
1118	1314
2332	2629
1997	2206
1352	1603
2125	2343
1390	1619
810	853
3280	3434
2793	2849
2104	2446
2072	2161
1199	1335
3628	3892
2448	2618
1918	2551
1101	1833
701	780
1101	1175
2851	3139
373	413
1390	1795
1181	1584
422	618
637	1080
2068	2174
2172	2615
1250	1789
2052	2629
3113	3179
2053	2199
2348	2410
1986	2275
2430	2561
1005	1783
1939	2471
3051	3082
2950	3331
2072	2247
2720	3106
1110	1367
2482	2500
2123	2532
2075	2222
2763	2864
3996	4028
1018	1277
98	141
381	424
3884	3948
2334	2433
1929	2112
2946	3387
2782	3232
107	1107
2078	2229
3605	3838
2371	2488
1470	1730
2122	2363
2755	2960
2943	3022
1938	2460
1954	2555
2063	2354
2849	3201
1273	1742
56	341
2552	2591
1334	1813
2040	2271
1938	2118
2866	2910
1259	1338
2839	3135
2927	3400
3211	3346
2194	2533
3566	3780
2210	2240
1330	1621
3782	3793
1984	2307
1912	2467
3851	3948
1951	2640
107	1077
3026	3339
908	950
3442	3590
471	513
67	224
1718	2333
2345	2566
1941	2464
3482	3505
2231	2411
1584	1886
1668	1868
2047	2282
1275	1785
2278	2521
400	431
919	1751
1006	1293
1076	1420
2806	2890
483	1261
991	1467
1288	1457
2146	2181
1684	3191
1497	1671
529	539
1973	2050
993	1612
2428	2477
9	69
2384	2511
2743	3363
1943	1997
1465	1702
2258	2559
1003	1707
3497	3545
1285	1447
3029	3384
91	264
1750	1902
72	329
2819	3035
1997	2542
2135	2199
1684	3007
2728	3366
1097	1733
978	1305
2958	3280
2724	2829
934	1791
1175	1557
2043	2369
2676	3390
2374	2591
1917	2521
3378	3396
2054	2415
2117	2491
3609	3943
2426	2526
2257	2543
2026	2516
1255	1559
980	1608
2520	2654
1319	1568
2363	2370
2184	2489
2083	2354
1462	1715
1684	3156
1322	1413
927	1791
1215	1828
200	325
947	1522
2827	3022
79	185
2062	2081
2848	3148
2109	2602
2715	3264
1576	1611
1609	1669
2037	2046
1462	1647
107	1006
1015	1495
1427	1429
3330	3355
1575	1761
2661	3060
2564	2579
2088	2139
1165	1369
2111	2394
2074	2532
719	737
2370	2553
2543	2578
1684	3320
2719	3277
1668	1712
971	1591
3496	3629
1946	2172
2028	2597
2209	2325
1684	2945
1425	1625
3572	3869
1052	1881
2325	2366
2000	2647
1684	3084
1985	2468
1943	2579
2726	3104
1052	1536
1449	1714
3495	3734
3257	3426
2128	2629
917	1235
2830	3207
2257	2266
2777	2940
2354	2430
2944	2960
1926	2471
3	9
1099	1102
48	299
1124	1793
1117	1388
1943	2464
2768	3353
3058	3345
1633	1699
1284	1298
99	278
2140	2271
1458	1488
3371	3412
925	1172
2469	2615
2038	2509
2353	2550
2729	2731
1190	1628
559	637
500	513
3199	3337
2117	2191
3609	3692
579	666
2040	2446
1684	2882
978	1389
2131	2468
1612	1685
2053	2161
2970	3035
870	895
1921	2647
3033	3426
3495	3796
1620	1804
1997	2409
2806	3414
3036	3394
1684	2936
2259	2280
2782	3195
1399	1669
2575	2606
1352	1735
1126	1886
2030	2601
1079	1267
1211	1467
2555	2617
422	449
1070	1306
2172	2600
637	1616
1376	1826
3485	3559
1927	1972
3651	3877
2931	3364
1256	1717
1242	1833
70	230
1918	1984
1142	1790
3101	3351
1352	1644
1557	1662
2095	2352
1942	2526
1684	2751
1684	2756
1083	1172
107	1631
966	1017
2866	3387
1757	1799
1969	2087
929	1505
2549	2551
107	1887
650	661
1056	1688
2294	2394
3902	3966
3101	3280
3554	3945
2716	3150
698	823
1979	2059
1557	1746
2199	2250
1128	1149
2347	2370
0	169
1539	1724
1004	1291
2863	3120
404	408
1610	1730
3261	3396
2794	3158
1612	1741
1553	1791
2944	3213
2045	2136
3524	3768
696	784
2090	2244
3492	3930
514	566
2007	2384
2213	2237
2662	3152
1078	1184
3440	3968
40	322
2043	2253
3515	3958
1160	1620
2276	2329
1029	1842
2539	2549
2462	2482
3100	3168
1589	1804
983	1156
2101	2379
2257	2271
1613	1623
3101	3201
3000	3084
2495	2539
2719	3345
2717	2757
1256	1902
573	653
596	1345
2038	2224
1267	1622
2138	2642
1580	1589
687	730
1462	1573
2882	3027
1390	1485
3289	3331
3768	3770
2689	3078
651	1473
432	559
2084	2288
2259	2537
3793	3947
1080	1349
2918	3255
1006	1399
1255	1323
1584	1793
3072	3287
1621	1663
2430	2489
990	2883
589	654
1249	1748
705	747
997	1172
1191	1205
3248	3313
348	443
1293	1339
3038	3344
2993	3232
2890	3142
2062	2319
2136	2363
2762	3327
2307	2356
1995	2585
2384	2472
3137	3228
3437	3521
925	1600
2409	2623
512	526
1101	1835
1195	1846
1984	2624
2115	2611
1981	2344
2593	2611
1175	1765
2064	2363
1948	2491
953	1238
2715	2868
2706	3213
1603	1643
438	546
2311	2409
1929	2220
1868	1898
1920	2328
799	814
1946	1983
2915	2931
2803	2882
1997	2467
1639	1813
395	497
2664	2864
2967	3092
2091	2231
1945	2289
1554	1791
2191	2451
1184	1886
708	724
2334	2578
1600	1888
1929	1983
2729	3394
1912	2385
1947	2180
2172	2179
2253	2573
3443	3859
2278	2579
2200	2553
2323	2536
1377	1688
31	237
2866	3056
3545	3642
2941	3263
484	1645
2071	2117
3800	3824
2969	2986
2706	2743
906	1184
2906	3000
1365	1643
1320	1625
1419	1702
1669	1888
1945	2068
2220	2326
2038	2189
2059	2306
107	1668
3116	3212
1462	1680
376	444
1204	1587
2279	2461
1962	2190
2374	2464
1122	1679
2188	2404
2218	2323
188	277
3463	3794
2257	2563
3640	3707
2897	3000
2849	3082
2894	3049
1684	2933
3108	3363
1441	1544
1303	1820
2404	2554
2468	2485
1984	2573
1661	1729
2058	2492
2103	2638
6	147
389	1189
941	954
2698	2915
3503	3779
2042	2191
2395	2408
3569	3822
1623	1632
2173	2341
2973	3320
3113	3299
2047	2384
409	494
2334	2539
1107	1621
2418	2638
2813	3002
2032	2292
1391	1540
993	1399
934	1185
2145	2322
1938	2408
1941	2215
1916	2555
2214	2367
521	544
3397	3419
1277	1720
374	513
3577	3830
1153	1199
1124	1361
1037	1482
3111	3415
628	665
3500	3964
2916	3108
2077	2324
2068	2508
2662	3107
107	1518
2905	2910
2264	2396
1012	1223
2363	2655
2148	2338
2142	2623
1126	1678
1256	1470
1366	1435
2059	2331
1542	1868
1632	1746
3437	3658
2086	2206
424	509
2052	2081
1402	1833
2875	3332
928	1061
1161	1321
1182	1391
1420	1491
2118	2299
2780	3048
1975	2360
348	352
1985	2482
2331	2564
3634	3761
2278	2630
3579	3757
2043	2418
2083	2414
1126	1842
451	503
2410	2532
2218	2276
2340	2464
2179	2266
2218	2418
1089	1725
1184	1278
590	623
975	1591
1341	1399
1211	1839
3133	3233
2081	2582
916	1149
761	805
3758	3825
1912	2499
3639	3649
2139	2410
1017	1126
1349	1740
1087	1505
1981	2396
3002	3397
1684	3108
1650	1770
1059	1603
983	1199
1078	1420
2098	2140
2950	3259
2064	2093
1188	1472
1079	1128
1312	1637
1	88
3378	3381
1160	1222
1938	2073
2326	2430
59	271
878	886
2183	2537
3146	3267
2782	3004
2033	2526
2446	2579
1032	1502
1246	1469
3132	3277
1789	1796
1684	3361
2218	2369
2985	3047
2761	2966
357	397
2143	2279
25	158
2365	2538
728	838
930	1694
2054	2302
2180	2292
1563	1852
1047	1626
2279	2368
2122	2386
3214	3379
618	678
1985	2579
2244	2408
946	1530
3558	3903
2292	2419
195	328
1684	3006
1397	1487
2142	2606
1255	1768
2189	2327
397	504
3455	3521
781	793
1643	1746
3137	3139
1269	1608
92	254
1976	2384
896	989
1608	1839
2142	2500
3023	3193
1684	3245
2288	2383
1613	1867
2200	2429
2190	2326
1718	2010
3014	3184
697	721
2716	2990
1136	1511
2172	2210
2315	2629
1205	1483
1799	1826
2469	2500
3113	3277
916	1331
1352	1547
1583	1859
2010	2151
1932	2039
127	184
1971	2654
2410	2638
2835	3000
2053	2338
1589	1782
1126	1730
1997	2229
2187	2609
2004	2657
1269	1484
946	967
1349	1574
1124	1827
376	520
1471	1804
1948	2187
2992	3419
2676	3080
1513	1522
1188	1504
2087	2522
3710	3735
2780	2939
1274	1307
3890	3927
2556	2630
414	678
994	1525
3007	3188
423	559
1044	1857
2408	2564
107	484
1912	1981
1028	1149
2144	2592
946	1250
1730	1813
1413	1495
914	1575
2825	2951
953	1359
3437	3907
2394	2511
2054	2071
953	1056
2111	2191
925	1811
1991	2657
2555	2653
1175	1644
2157	2268
1288	1330
2139	2655
2108	2468
1343	1897
1391	1683
1884	1903
2467	2574
1918	2213
1112	1612
1380	1420
2161	2264
1343	1444
1284	1322
600	615
1184	1539
3590	3713
1228	1500
988	1628
272	291
1325	1555
1989	2619
2206	2542
1912	2431
1106	1749
959	1256
1255	1717
1925	2601
1074	1554
1431	1804
1159	1686
1272	1846
1255	1675
3702	3902
1940	2327
2088	2324
1122	1740
3535	3601
2369	2607
2190	2638
2196	2328
2121	2244
1547	1741
232	280
2141	2272
2023	2236
1472	1672
1269	1570
181	306
1691	1873
59	172
1580	1879
2845	2937
2164	2520
2492	2526
3652	3825
2054	2390
1947	2338
969	1894
953	1271
1272	1662
2213	2410
915	948
1918	2579
2939	3239
1019	1221
2146	2424
2142	2556
1973	2583
980	1765
1361	1577
2253	2520
947	1079
3084	3324
3095	3426
348	525
924	1412
303	345
66	67
3527	3611
953	1842
2236	2371
633	680
2904	3247
2073	2261
3018	3136
1125	1341
2606	2638
2229	2348
3437	3778
2683	2966
1277	1573
1964	2288
2112	2526
946	1431
2916	2974
897	1570
488	513
3342	3344
1763	1773
2757	3387
3101	3253
3533	3633
2542	2623
3612	3825
1599	1744
1912	2278
1621	1746
3089	3263
460	559
2757	2909
2370	2423
1376	1835
80	88
428	475
2706	2750
2257	2446
1235	1841
2206	2278
559	591
348	454
1376	1774
738	751
2750	3363
1211	1613
916	982
1341	1538
2028	2071
1231	1636
1953	2460
1344	1796
362	492
2108	2206
1971	2329
1534	2693
1282	1638
1737	1741
980	1721
3111	3261
2028	2180
2664	3040
2121	2549
2730	3207
718	748
1982	2262
947	1610
1231	1576
1399	1810
2112	2428
2770	3416
2220	2404
1435	1894
797	828
3077	3118
2108	2464
1684	3429
3078	3293
1390	1610
927	1621
1181	1352
3072	3302
2073	2253
2724	3253
1966	2526
2224	2333
2144	2471
355	555
2180	2283
1979	2560
2077	2142
2196	2463
1190	1462
1185	1621
1075	1522
2447	2658
1917	2414
1212	1829
2339	2374
2071	2153
2432	2603
2430	2591
2694	2787
1979	2428
1920	2028
1051	1310
1604	1610
2188	2339
2463	2498
2841	3190
2393	2478
2955	3032
1334	1520
1300	1574
1946	2359
1989	2122
1912	2153
898	969
184	251
1020	1848
1092	1609
1156	1391
1149	1735
2174	2398
3579	3957
1098	1328
1256	1409
1620	1644
93	167
963	1629
3291	3321
1229	1347
1954	2336
2053	2547
1987	2417
967	1753
2224	2509
947	1431
2910	2928
1123	1130
2005	2059
982	1126
20	312
995	1460
2299	2575
2109	2579
1617	1717
2083	2446
370	555
946	1800
3499	3825
2203	2264
1636	1715
2090	2460
2951	3107
3620	3969
2333	2510
3782	3931
2927	2946
3491	3712
2479	2501
1952	1970
1221	1345
2384	2551
755	845
3464	3680
2246	2419
2134	2333
2139	2374
391	503
2326	2504
2287	2500
2007	2047
3178	3415
1577	2128
2665	3198
1679	1882
2108	2551
1534	2822
2424	2455
2706	2905
2056	2142
1656	3097
1190	1379
1006	1287
686	696
2344	2537
2326	2446
1940	2224
1185	1399
800	851
2255	2650
1721	1795
2109	2462
2757	3232
3521	3553
3452	3966
3564	3617
3526	3573
938	1880
2171	2639
107	1692
1283	1477
3238	3435
2268	2279
107	1487
1028	1614
2351	2465
1919	1921
606	1766
2154	2542
3718	3870
3468	3823
1075	1724
2969	3387
2906	2985
107	1238
1516	1816
2229	2468
1522	1547
2046	2586
995	1029
2030	2323
1675	1804
1006	1238
503	537
2077	2359
1947	2102
2152	2236
1938	2625
3608	3694
3207	3252
767	839
729	753
2216	2356
2921	3397
1912	2382
932	1741
2272	2642
2129	2656
2290	2559
1334	1603
1021	1691
2082	2402
1995	2657
1284	1462
1427	1673
1266	1585
3499	3821
2233	2244
2336	2463
2084	2376
618	682
428	444
2819	3346
2244	2391
1434	1460
2131	2485
2376	2549
2093	2409
3611	3845
1966	2593
1943	2552
1823	1902
727	853
1452	1648
2129	2577
1051	1236
1205	1864
2112	2576
1912	2099
2854	3430
1310	1504
2901	3082
1107	1132
2118	2253
1032	1582
374	420
1509	1563
2564	2625
1663	1714
1180	1214
1530	1668
2115	2423
1107	1390
3477	3847
3070	3267
376	519
3167	3255
1004	1287
1172	1714
2102	2143
2436	2589
258	323
1598	1757
1340	1532
1380	1689
1036	1596
637	1067
2191	2510
695	847
3512	3525
1968	2658
1984	2240
2128	2132
1600	1714
1358	1881
2153	2598
1376	1750
1525	1699
1390	1522
2078	2278
1358	1397
2392	2478
1985	2392
1238	1488
1938	2103
2386	2556
1680	1764
2059	2334
2340	2602
3675	3899
2132	2384
2190	2218
2977	3435
3422	3434
1457	1491
978	1124
1538	1623
2384	2592
2311	2340
2414	2615
2287	2370
1428	1541
1153	1287
353	1155
167	337
3264	3365
664	685
720	832
1217	1738
2762	3221
2753	3051
1931	1972
2276	2559
2109	2354
1613	1799
1820	1894
2103	2331
1243	1334
2164	2404
2206	2489
3838	3943
1079	1689
719	805
2313	2621
2343	2598
1409	1517
2936	2998
2003	2054
2408	2607
1003	1484
361	376
2540	2634
1571	1669
3629	3636
1960	2236
3192	3198
391	637
2069	2142
1998	2171
2348	2551
2467	2468
1437	1813
389	1745
1305	1860
2172	2564
452	513
107	1255
1351	1617
2409	2630
1684	3199
2664	2915
3198	3330
3299	3406
650	659
2891	3193
980	1211
3819	3917
3635	3926
1874	1888
2280	2327
1067	1423
2128	2399
3725	3892
1912	2434
2077	2606
19	312
0	192
1323	1637
1246	1504
2046	2090
1052	1355
2333	2653
3462	3891
3455	3862
1958	2494
31	84
0	87
2273	2377
2756	2924
2973	3280
1000	1725
2675	3327
1409	1722
1246	1425
1312	1734
2867	3426
559	676
3734	3884
984	1459
978	1535
3528	3702
1126	1765
370	388
2829	3295
2549	2593
2128	2187
1146	1367
945	1704
2937	2992
2770	3188
2209	2498
2020	2201
3547	3750
2407	2556
2730	2958
122	239
2597	2609
2121	2220
2103	2172
1049	1269
419	505
1972	2006
1702	1780
1532	1789
1943	2348
2183	2529
2165	2376
592	616
107	1770
1556	1668
502	539
3171	3208
1083	1610
1995	2001
2969	3117
2164	2536
2237	2326
2188	2546
1163	1288
1290	1768
2172	2408
2741	2945
2350	2542
2125	2153
397	554
1472	1525
2348	2356
1092	1714
1483	1813
1199	1390
927	1420
480	540
1172	1621
366	368
2039	2187
2593	2619
1962	2485
3670	3804
481	519
2005	2244
1366	1807
1730	1849
2510	2543
2429	2449
1810	1888
2138	2463
2409	2428
1192	1884
957	1315
2086	2118
2681	2944
1918	2278
1083	1280
3833	3869
978	1132
1912	2134
3835	3862
1835	1839
40	172
1293	1835
3297	3351
2286	2503
1205	1559
1981	2390
1912	2067
1941	1993
0	141
897	1805
2920	3324
3172	3296
2037	2329
2738	3220
896	1102
2030	2104
2680	3033
2071	2332
3590	3663
3145	3267
2770	3252
1438	1859
2095	2410
1148	1859
378	428
1577	2295
1198	1361
517	1358
2229	2287
1789	1827
2206	2370
2275	2299
3437	3476
1211	1617
1085	1317
369	561
445	520
1041	1189
1556	1757
1019	1859
2853	3021
2706	2946
1994	2333
2127	2279
0	8
2839	3073
1298	1859
1971	2261
1610	1839
1614	1851
2131	2266
2910	3078
3536	3679
2233	2499
1376	1683
1680	1859
3855	3976
414	685
953	1613
1471	1816
1991	2645
2328	2451
2090	2619
3479	3883
747	830
2240	2593
1349	1358
2944	2956
946	1580
2244	2578
830	856
364	501
1377	1827
1684	3052
3592	3888
1966	2586
526	1012
2069	2395
2019	2443
1766	1878
1117	1554
2521	2551
1222	1885
1683	1804
2072	2133
400	539
2220	2276
1912	2040
2058	2383
2778	3039
2925	2969
2087	2332
1573	1587
771	802
1322	1742
960	1804
1337	1567
3571	3965
2347	2601
1124	1470
1959	2283
1468	1533
1439	1623
3612	3869
577	643
1970	2652
1923	2603
16	261
2806	2854
1585	1666
1946	2040
2033	2200
1912	2169
2417	2571
1668	1804
2084	2601
446	475
630	631
21	119
3222	3245
547	557
1228	1549
3437	3580
1235	1715
2108	2418
2054	2333
3179	3296
2131	2615
2078	2631
2315	2589
1031	1666
2045	2093
1070	1446
1816	1839
1979	2655
353	391
2133	2289
1365	1842
80	346
1376	1590
3017	3152
526	1191
2123	2560
975	1841
1603	1734
2352	2363
1938	2098
1964	2145
964	1904
1916	2649
2309	2646
2995	3062
3684	3872
946	1331
2664	3195
1983	2482
1333	1452
1522	1589
953	1580
3089	3393
1718	1769
431	514
2556	2578
2056	2391
1714	1717
1136	1421
2188	2575
484	1692
2348	2428
3437	3704
2374	2542
3106	3299
1207	1431
3299	3342
2081	2332
1192	1716
575	592
2123	2586
3201	3204
3528	3730
2763	3417
3547	3775
2345	2468
1126	1149
360	514
1353	1357
2411	2580
1912	2486
86	225
2853	3381
1577	2629
2103	2631
2258	2560
1170	1213
2223	2567
2148	2629
82	203
2037	2352
2043	2602
58	2814
2097	2585
2742	3140
1714	1810
433	528
2315	2598
946	1488
1966	2323
1048	1450
1192	1872
3824	3838
1971	2229
2092	2590
1015	1231
2078	2142
2925	3363
525	526
2045	2229
351	564
576	640
1942	2007
2103	2210
1591	1661
2800	3004
469	518
1184	1688
2165	2276
1431	1832
3667	3886
2102	2289
1535	1608
2925	3399
3852	3902
2007	2543
2143	2567
2353	2586
2872	3232
2464	2507
1929	2201
2289	2603
402	413
1378	1568
3495	3651
997	1809
0	114
2031	2325
1083	1902
901	1363
2200	2386
1995	1999
400	512
1085	1719
1122	1790
990	1666
1153	1804
2271	2579
1267	1390
2379	2635
1159	1170
2083	2340
3948	3971
1198	1643
1405	1860
705	722
3437	3655
1283	1827
1568	1601
0	173
2332	2543
1431	1810
2803	3380
1495	1824
1926	2472
2957	3081
1380	1391
2283	2537
1110	1717
2151	2199
1282	1893
2059	2559
3152	3396
947	1467
1985	2244
3101	3385
1287	1557
232	285
1539	1819
1076	1331
2763	2854
1994	2629
1390	1886
1320	1870
2117	2242
483	1001
1912	2413
972	1809
2484	2578
1536	1725
2278	2542
1447	1559
999	1367
905	1408
2728	3359
978	1269
930	1427
507	520
1376	1637
1948	2282
3034	3070
1736	1816
1059	1375
1082	1148
1684	2748
1084	1620
1920	2032
458	507
1962	2430
2084	2586
1926	2642
2045	2063
1230	1390
369	477
2213	2549
2180	2384
2602	2613
2905	3047
1361	1718
1684	2731
3198	3219
1173	1772
3291	3397
1004	1653
2037	2654
1574	1740
1255	1305
3188	3252
1378	1892
2775	3051
707	736
523	544
1456	1796
3049	3277
3106	3191
1559	1610
1311	1667
2115	2460
2664	2862
2109	2404
3129	3348
2348	2624
1946	2201
1961	2487
2428	2504
917	938
2131	2433
72	113
908	1325
2374	2554
252	342
925	1570
2743	2945
3089	3299
2212	2395
1516	1721
2199	2512
2756	3084
3618	3968
1938	2428
107	907
2176	2180
2045	2306
2154	2423
1714	1736
1285	1900
109	186
2668	3380
729	863
402	495
2240	2549
1315	1479
3528	3800
1184	1524
2672	2778
1290	1520
3437	3471
2122	2646
1184	1663
2007	2347
1237	1390
1095	1794
2111	2372
414	679
3617	3821
2376	2414
2058	2073
3579	3759
1236	1785
1130	1391
2012	2171
747	765
2873	3014
1613	1668
2121	2593
1192	1682
1335	1376
1163	1199
1923	2525
2679	2988
1391	1768
2207	2513
3437	3976
2683	2854
2853	3252
1250	1730
1983	2307
452	475
534	563
1539	1827
3160	3344
1993	2077
3195	3399
2828	3172
2188	2539
1361	1563
2286	2488
906	1816
3495	3618
1999	2459
1335	1849
2243	2396
662	665
563	604
2233	2559
1672	1739
3111	3403
1024	1302
1540	1597
2211	2313
1935	2627
1452	1798
1402	1707
2209	2296
1352	1617
455	563
2793	3224
1684	3055
1153	1289
917	1525
2240	2356
1355	1504
2180	2508
2338	2496
981	1231
596	1720
1638	1893
2131	2386
3101	3188
2408	2489
1962	2556
3634	3945
2102	2259
2147	2443
2510	2555
2940	3108
1349	1514
2086	2604
1918	2064
2007	2289
3106	3120
919	1495
917	1221
1613	1772
2192	2639
2046	2064
2724	2921
2247	2642
2343	2498
2005	2601
1684	3251
1284	1550
3081	3208
1323	1621
2414	2563
3664	3960
2283	2502
1420	1589
2386	2495
2007	2211
2489	2564
739	777
3154	3380
3011	3254
3194	3397
1952	2221
2520	2590
3035	3316
1173	1793
1539	1877
353	1778
2567	2616
421	444
902	1192
1041	1169
1025	1237
2224	2279
2039	2498
3082	3252
1929	2590
1704	1871
1970	2153
230	307
2111	2343
1280	1663
2213	2553
1986	2060
2981	3114
2084	2104
1078	1799
2325	2480
409	517
3437	3689
1684	2710
1344	1610
1243	1608
1545	1574
2773	2945
2851	3430
2537	2608
3980	3998
2795	3178
1330	1359
1532	1800
1710	1900
2108	2276
2585	2647
1271	1717
3096	3339
2203	2533
1691	1875
2484	2551
1917	2543
2324	2625
1940	2436
3000	3166
2283	2653
2262	2506
107	1550
1965	2176
1054	1390
1076	1335
2028	2302
1597	1643
543	570
1355	1709
1709	1876
363	461
1997	2037
2069	2381
1570	1669
897	1861
1662	1665
2283	2598
1291	1839
2035	2236
1620	1632
107	629
932	1722
1621	1683
3784	3793
1912	2606
959	1832
483	1740
2694	3108
23	245
3446	3624
1074	1551
1351	1352
2867	2897
2054	2143
1029	1220
2040	2290
483	1783
3085	3284
1962	2253
925	1047
1447	1610
2218	2507
2973	3391
1175	1902
2018	2171
1369	1851
1130	1513
2197	2236
2817	3074
1113	1740
3790	3804
1920	2144
971	1729
1416	1557
388	463
1184	1340
3302	3403
2394	2417
687	703
2139	2551
9	85
2861	3141
2467	2630
203	297
2109	2112
1078	1457
1100	1322
1912	1948
1277	1716
2133	2250
460	473
2006	2658
2084	2374
2071	2547
957	1392
1557	1597
1070	1869
1473	1807
2078	2123
2190	2353
1230	1367
1048	1613
136	1932
1148	1636
3734	3841
26	199
2322	2325
412	452
944	1876
1988	1992
2254	2547
1559	1772
4023	4038
1250	1600
1291	1551
3293	3339
1341	1685
1917	2179
1425	1773
1947	1959
2184	2188
2180	2592
3998	4009
1322	1859
3519	3957
2266	2393
2932	3198
1604	1813
0	201
3115	3335
1559	1608
1209	1730
3437	3581
2578	2602
3437	3848
3459	3758
1684	3026
2020	2526
1495	1786
2234	2449
3040	3096
947	1653
2749	2986
0	265
2735	2844
606	917
2030	2142
2141	2637
271	331
2391	2576
1335	1737
2928	2943
1570	1580
2150	2309
2946	3119
2751	3150
2410	2414
428	452
1684	2998
2891	3052
1963	2560
1321	1702
2308	2655
2226	2581
2712	2742
1912	2461
1971	2086
1912	2210
2020	2213
2334	2542
1416	1810
2988	3142
2326	2526
177	227
3585	3679
2920	3124
1912	2402
2268	2463
2694	3023
2104	2407
2854	3213
1175	1622
2381	2556
3493	3792
919	942
960	1668
1577	2149
238	261
2212	2551
2283	2327
2181	2562
3013	3188
3473	3819
2690	3275
2247	2355
2179	2359
1912	2643
3437	3839
3036	3104
403	510
2111	2279
2339	2469
2056	2059
954	1794
3464	3469
1984	2586
921	1675
944	1748
2115	2329
2144	2491
2033	2261
2340	2624
967	1405
1183	1699
428	549
1520	1559
1277	1647
1067	1231
3009	3406
2123	2376
2095	2115
1125	1864
1916	2199
360	417
2260	2659
2543	2601
2343	2588
2866	2867
3101	3297
1515	1582
3145	3182
1580	1816
686	779
2829	3086
3276	3353
925	1800
2028	2247
963	1895
2717	3098
137	214
1256	1863
1945	2367
2220	2306
2742	3160
1215	1706
2887	3025
686	827
1416	1888
2095	2563
2088	2495
355	546
1918	2140
31	252
1929	2492
3636	3867
1078	1559
1456	1879
1256	1456
1997	2086
1334	1569
2901	3267
1938	2543
1515	1638
1912	2088
1026	1846
2409	2489
3456	3586
2052	2194
2986	3232
515	580
370	461
2093	2619
0	33
1108	1742
513	515
2745	2864
2240	2489
2738	3104
942	1284
2931	2986
53	94
1612	1675
1144	1251
1032	1828
931	1831
686	817
2962	3091
1684	3181
1409	1458
2050	2435
3104	3123
960	1214
3104	3119
1848	1894
3523	3613
2369	2482
2117	2319
635	661
2947	3154
1331	1390
924	1469
2849	3247
907	1734
373	548
1230	1547
722	768
3514	3790
93	111
898	1273
1994	2042
2001	2225
2393	2499
3514	3804
2088	2526
1277	1350
2717	2911
2672	2823
1993	2131
718	745
862	3437
2353	2467
1222	1867
574	579
3294	3315
1184	1391
2088	2492
3500	3920
2216	2369
2005	2430
1	119
9	72
2229	2306
2145	2235
2028	2153
1612	1730
2942	3233
1999	2004
1288	1746
483	563
2354	2586
1024	1665
2163	2242
1483	1772
1971	2233
2028	2176
2578	2630
13	252
1528	1603
2032	2196
1382	1812
2117	2282
348	486
1989	2369
2206	2410
2006	2365
1966	2590
389	424
136	2533
2867	3117
2030	2370
2169	2189
3437	3847
1389	1669
3514	3670
2058	2237
3	228
1991	2459
475	1645
606	669
3640	3884
1684	3282
983	1256
1230	1730
1330	1811
2005	2253
1707	1833
1299	1703
2318	2525
363	506
1584	1617
1149	1272
3170	3434
2620	2645
3475	3642
2194	2471
2112	2414
1083	1132
2924	2931
3273	3412
2333	2351
1420	1622
1567	1866
2951	3406
1622	1688
1137	1452
2347	2579
2004	2027
1981	2029
2005	2407
2484	2492
1172	1420
1563	1835
925	1269
1126	1156
3687	3731
1948	2463
2040	2376
2751	3140
137	140
2040	2309
41	116
1288	1842
997	1868
946	1339
1929	2561
3193	3315
1186	1895
1079	1377
2543	2588
1742	1871
1554	1800
1935	2025
1205	1707
3549	3863
1931	2024
1941	2338
2960	2974
2909	3064
2905	3119
2086	2611
3733	3954
2668	3357
705	809
1431	1877
1267	1352
2062	2229
239	252
1054	1250
3035	3198
3169	3297
1222	1734
1955	2394
1930	2335
2718	2758
1665	1867
2234	2391
2237	2604
3708	3837
493	539
376	1536
2111	2161
1329	1589
1985	2309
1399	1791
2887	3363
1684	3155
1083	1619
2383	2428
934	1551
2987	3387
375	408
3254	3272
1683	1827
870	871
2843	3264
2563	2600
4000	4017
2276	2573
1971	2579
3040	3195
2254	2385
3115	3288
2550	2593
1361	1867
113	121
2872	2993
2088	2619
3518	3737
909	1045
1210	1427
3051	3434
2225	2645
1352	1484
1212	1343
783	849
1997	2363
2378	2583
1947	1948
3756	3824
1516	1614
2010	2351
1973	2647
1130	1662
2299	2404
107	353
2257	2630
2985	3033
3711	3951
2706	2800
2696	2784
3525	3625
1547	1868
925	1290
2832	3208
2629	2649
677	682
1431	1538
2080	2236
2913	3417
1649	1729
581	642
2246	2510
2800	2944
1566	1743
2224	2463
2246	2434
896	1345
1250	1603
1390	1714
3624	3949
1520	1685
995	1554
2095	2611
538	1878
2040	2507
2149	2247
2206	2553
2866	3026
606	1512
1287	1610
1377	1721
3023	3213
3489	3652
2324	2381
2077	2329
3518	3557
916	1712
1209	1886
930	1565
1287	1559
483	559
2282	2368
978	1209
2240	2507
2211	2289
925	1909
1108	1661
2586	2630
2551	2560
490	523
376	570
931	939
1914	2633
3120	3416
1641	1817
2928	3220
1479	1862
967	1509
1083	1621
2054	2396
1339	1584
2268	2419
19	319
503	566
1052	1897
2289	2473
1006	1746
107	1595
1130	1398
2472	2653
2183	2434
1465	2629
363	374
2098	2573
1941	2550
1973	2626
3226	3426
2007	2302
107	1726
1978	2248
1040	1662
3659	3950
1321	1911
2347	2574
2822	2831
348	369
2045	2521
2645	2658
2495	2611
3624	3863
589	622
2007	2393
3111	3298
2697	3244
698	810
3584	3758
896	1716
1983	2084
2397	2488
967	1195
3750	3971
1431	1683
3076	3204
2724	3118
1291	1833
2862	3362
2062	2542
2760	3057
3500	3783
3172	3280
3152	3351
1047	1861
2973	3330
3298	3350
2154	2271
1153	1214
3536	3624
980	1861
1632	1833
1150	1327
1117	1570
2064	2526
2038	2052
1957	2633
2813	3365
353	514
2006	2061
1465	1483
871	879
2055	2078
2454	2545
1789	1867
980	1874
2188	2604
960	1083
1768	1909
2329	2593
2906	2960
1955	2420
1078	1191
518	551
1017	1750
1018	1820
2140	2218
2340	2559
1153	1388
3116	3198
3705	3759
1348	1507
2446	2654
19	138
2010	2498
3019	3113
2294	2432
1921	2658
2139	2611
1340	1799
1184	1288
1622	1789
2053	2479
2395	2560
1645	1882
2863	3150
2118	2331
107	1911
1516	1547
960	972
395	678
1205	1570
2035	2126
1413	1628
1204	1716
1465	2266
2714	2979
766	810
1449	1668
2712	3277
2730	3177
1280	1722
1203	1307
1929	2257
921	1509
3339	3362
1261	1309
2582	2643
916	1078
3527	3707
2410	2539
2325	2557
1718	2268
3142	3232
2951	3259
2033	2201
3095	3143
3412	3420
2542	2590
2862	2969
3108	3226
2032	2642
1214	1551
3868	3874
2061	2626
2096	2333
1986	2542
1388	1605
1302	1714
2773	3348
2165	2206
1742	1812
1269	1467
2751	3357
374	614
1613	1621
592	654
3750	3795
960	1069
739	823
1436	1620
3073	3158
2196	2420
896	1899
2679	2689
3249	3346
1994	2081
2862	2913
1221	1807
2253	2469
3679	3963
2027	2346
3623	3793
2745	3078
1025	1897
3056	3232
2492	2495
2199	2345
2055	2604
3124	3185
113	313
2674	2765
1447	1604
2724	3154
1993	2140
3341	3342
2188	2414
3437	3675
2108	2395
2293	2372
2486	2650
1684	3093
1983	2201
3002	3150
579	603
2139	2276
1014	1812
3879	3918
906	1724
2782	3149
3518	3596
2166	2335
146	148
483	1277
3750	3851
1030	1111
975	1404
1682	1716
419	483
414	561
3830	3948
934	1076
1082	1257
1007	1021
3047	3384
1912	2002
3351	3419
1589	1864
1941	2153
2203	2597
1736	1768
2121	2623
2108	2539
2907	2945
2585	2658
26	158
107	1840
1975	2175
980	1376
2232	2642
3086	3410
1284	1764
1707	1717
2093	2546
1947	2128
3997	4030
3180	3372
1959	2511
3275	3359
2864	3104
1280	1447
1376	1393
2720	3191
711	738
1004	1339
1292	1315
2033	2395
142	285
1086	1643
2340	2414
1376	1839
2196	2338
637	1318
946	1663
2669	3064
1993	2109
2451	2649
1221	1279
1175	1863
3677	3948
2662	3233
579	685
1823	1879
1917	2037
1198	1267
2730	2863
897	922
1191	1791
0	162
810	827
3181	3251
414	611
1718	1916
3344	3416
1684	3082
2665	3140
2827	3090
1920	2294
2348	2532
516	551
375	479
1684	2822
1205	1610
136	213
1962	2551
1182	1782
1477	1666
573	588
348	426
2054	2282
2026	2150
2282	2491
696	853
2728	3086
2600	2631
2206	2347
1238	1487
136	2547
2334	2428
484	651
1796	1827
1948	2597
2369	2615
1925	2045
2150	2299
1684	2906
1029	1074
1146	1622
2020	2615
3369	3385
2068	2649
2931	2977
1182	1675
2958	3076
709	835
3067	3327
2624	2646
199	324
3152	3188
2172	2418
2712	3038
188	224
0	211
1597	1714
995	1517
967	1480
1912	2119
701	794
3261	3298
762	781
1158	1583
1620	1800
2729	2929
1917	1983
3036	3090
2088	2606
1985	2184
1465	2203
982	1714
994	1217
925	927
82	170
1499	1552
995	1461
1117	1839
1179	1631
1246	1872
2410	2630
1471	1730
3674	3830
1912	2257
2677	2688
3545	3577
784	854
2404	2549
48	88
2232	2594
302	346
975	1129
1076	1243
2104	2154
1059	1199
3123	3430
924	1188
2323	2507
2142	2554
1392	1857
2200	2560
2716	2830
40	133
360	415
1979	2098
919	1303
2064	2460
1941	2420
1292	1379
2003	2603
1102	1454
1917	2504
2150	2623
2026	2233
2132	2537
916	1888
2906	3054
2023	2474
3448	3693
1447	1589
1126	1211
2122	2607
2716	3034
1222	1816
2074	2115
2787	3027
2088	2630
1966	2619
2478	2602
107	1108
1936	2314
2686	2871
2224	2327
3000	3348
686	767
1945	2039
2138	2543
1613	1714
386	401
107	1293
2258	2549
2169	2588
1135	1714
1101	1376
1498	1537
1339	1839
1431	1826
431	683
2068	2215
415	465
2007	2555
947	1156
1196	1618
752	834
424	505
1209	1735
2078	2482
1323	1447
1932	2609
2941	2955
2104	2206
363	455
3830	3864
2407	2625
1951	2018
107	1431
1462	1859
2027	2378
2731	3257
1083	1398
2235	2333
1256	1839
1817	1911
455	569
1207	1480
1214	1845
410	500
640	658
1341	1833
1258	1569
2958	3327
2211	2362
2473	2612
2739	3140
2072	2315
810	815
1509	1554
1155	1420
1989	2499
929	1317
3264	3358
1010	1159
1185	1804
62	186
2187	2588
3437	3867
1215	1503
2165	2278
2038	2366
1127	1840
1116	1608
2664	3096
2279	2385
373	434
978	1626
3123	3137
1547	1793
896	1014
1104	1404
2110	2199
1087	1283
2956	2986
2661	2863
2734	3057
3440	3755
1211	1761
1751	1894
2606	2625
1959	2133
1280	1832
964	1373
916	1063
2757	2763
1000	1474
1447	1898
2184	2593
3064	3174
1827	1839
3260	3406
3506	3784
921	1554
2823	3051
1359	1619
438	473
3253	3431
2309	2359
2828	3051
2459	2645
1399	1793
504	562
2073	2408
1017	1735
2300	2646
1576	1720
2062	2183
2614	2632
107	1577
2648	2660
1979	2086
3793	3794
1146	1391
3537	3887
1482	1709
1638	1820
3608	3713
659	662
2319	2471
1261	1508
959	1402
378	483
378	436
2071	2144
1929	2329
703	838
3653	3720
1220	1483
968	1487
2861	3354
966	1153
2923	3411
758	849
2027	2337
2973	3051
68	175
418	557
156	295
2381	2573
1021	1857
1426	1857
2713	3223
414	597
3124	3419
1912	2097
1962	2216
104	122
3721	3858
2468	2500
2285	2617
2763	3184
2943	3054
734	784
961	1038
1986	2484
2283	2384
3145	3287
1066	1148
2315	2330
503	525
1211	1393
1117	1809
2185	2246
2188	2485
1006	1211
1737	1746
2189	2196
1929	2287
1321	1327
2349	2515
2093	2418
2927	3234
9	66
2806	3430
2187	2498
901	1493
355	463
2890	3029
2743	2907
2053	2501
2176	2235
591	646
2121	2306
1912	2593
1986	2374
3452	3877
1585	1779
1322	1479
2154	2549
1465	2138
2068	2473
2275	2391
0	272
3027	3366
2071	2623
2423	2590
2104	2549
2183	2368
2336	2451
1149	1799
1361	1662
378	514
2060	2324
2044	2084
1680	1872
1912	2329
2052	2510
2719	2881
2288	2350
1267	1717
1192	1706
1659	1746
3501	3877
3296	3434
2331	2606
2131	2340
2800	2880
3246	3295
2261	2542
2080	2193
2598	2649
3545	3578
1391	1663
1727	1876
2078	2109
1292	1591
3810	3833
1214	1791
2532	2574
428	1114
724	795
1992	2444
1718	2343
1285	1488
2668	3279
2071	2137
2139	2201
2081	2199
408	412
3914	3978
3518	3707
3647	3918
2206	2212
2370	2625
999	1669
2738	2809
999	1132
2140	2430
2140	2464
1551	1721
423	465
2969	3104
1497	1599
1668	1823
1162	1599
2336	2417
3829	3945
1974	2368
2038	2612
389	1545
1059	1563
1462	1576
1144	1588
1927	1991
2849	2863
1554	1835
2095	2142
3279	3326
1082	1231
2381	2578
2815	3090
2936	3403
120	247
3503	3672
1089	1624
1656	1666
2073	2278
2404	2499
2594	2649
2835	2940
1170	1228
2020	2468
2996	3302
0	176
1156	1447
2093	2430
1684	2667
1289	1483
2200	2625
430	493
2542	2604
2243	2617
1256	1559
1339	1796
2348	2623
2000	2639
3595	3912
417	566
2150	2561
2230	2283
2805	2997
1632	1877
3040	3047
2428	2601
2778	3060
693	695
2111	2473
3017	3182
3492	3684
1662	1888
2917	3339
3635	3938
1126	1612
1367	1603
991	1177
1757	1809
3065	3363
2897	3363
2153	2463
2764	2979
2026	2367
492	669
2290	2348
747	840
2753	3075
781	842
1926	2036
1006	1256
1086	1610
2354	2542
2052	2642
2946	3085
1170	1894
779	780
2032	2203
3330	3358
1040	1902
2478	2551
1146	1195
436	637
2302	2377
460	495
2979	3297
1098	1553
1025	1332
2233	2484
1912	2519
925	1146
2134	2194
1570	1675
1026	1367
2037	2323
2083	2278
1465	2117
2271	2625
1997	2354
2836	2954
3437	3587
2068	2138
1973	2061
2853	3416
2409	2464
1458	1852
2063	2326
1684	2702
2266	2506
1959	2390
3437	3838
3511	3724
3226	3363
1912	2616
3008	3325
1205	1717
2915	3096
2060	2556
2055	2115
649	1023
2026	2319
2666	2676
1370	1483
2697	3186
2283	2358
1029	1600
2054	2475
2117	2480
1561	1621
1078	1107
688	770
2716	2951
3051	3060
1377	1420
1432	1611
3027	3253
1623	1659
1717	1789
2988	3078
2327	2543
947	1420
1451	1582
2367	2581
2378	2648
1997	2290
1929	2559
414	619
763	787
3233	3356
2056	2613
1514	1616
867	874
1917	2040
3196	3402
1616	1844
1684	3011
1132	1488
3106	3355
3822	3826
2869	3378
2060	2122
980	1584
1052	1304
396	557
598	654
2068	2471
1375	1416
3867	3921
2033	2607
1017	1028
2392	2404
2203	2336
1984	2446
3574	3762
2911	2916
978	1126
2992	3191
107	1212
101	249
2539	2554
348	505
982	1370
1916	2399
3667	3692
2043	2539
2781	2894
2809	3362
1987	2191
1128	1291
1963	2073
400	524
1935	2640
3038	3397
1149	1267
1979	2549
87	161
1860	1911
56	304
3076	3377
922	1130
1539	1557
2108	2118
1024	1132
2261	2615
3706	3900
1066	1192
2328	2399
1684	3404
2796	3082
1994	2087
1970	2199
1684	3397
1971	2109
1269	1391
2140	2586
2206	2300
747	837
98	304
1920	2338
1370	1900
1947	2003
1335	1902
1938	2449
2960	3158
1074	1222
483	1732
1123	1804
2081	2390
2706	2911
2748	3355
1684	3022
1617	1833
1420	1621
828	847
460	558
1465	2384
353	1844
3335	3357
2738	3363
2118	2579
3708	3774
3779	3979
1912	2609
1612	1753
117	280
1941	2592
2233	2624
1352	1793
1019	1680
366	1616
2203	2267
1871	1893
2377	2396
720	809
2273	2463
2200	2278
3201	3297
2920	2944
104	271
2911	3096
2754	2810
793	850
1912	2165
497	523
107	1679
2190	2469
3629	3835
2048	2289
957	1067
2867	3026
2351	2509
2224	2510
0	257
2184	2370
2436	2544
2389	2512
1101	1330
1185	1622
630	664
2758	3264
2109	2578
432	566
1373	1454
40	332
2786	2946
930	1679
2782	2839
1522	1886
1983	1985
3726	3909
1943	2257
1953	2201
2027	2202
2172	2233
1468	1837
3525	3656
107	1094
2040	2646
3568	3601
1068	1488
953	1370
3838	3877
2317	2587
2149	2194
3625	3938
3464	3761
2989	3038
1471	1746
2136	2564
2102	2250
1003	1376
1114	1223
3617	3645
1761	1897
2028	2196
1912	2205
761	842
1941	2555
1201	1480
2174	2598
1076	1323
137	289
1443	1531
3452	3658
686	692
997	1024
1718	2330
2268	2498
2542	2543
2920	3073
3980	4016
1269	1891
3545	3557
1017	1849
2846	3046
1619	1714
2020	2631
1684	3204
2916	3065
1248	1725
439	514
2110	2652
3519	3675
2782	2909
2056	2266
2083	2492
3633	3800
2060	2564
1946	2482
1247	1453
1032	1894
439	475
1323	1407
2096	2132
3806	3894
1361	1909
1132	1376
980	1305
1642	1908
3113	3148
107	1783
2184	2613
1415	1906
2150	2220
409	542
1704	1742
1508	1894
483	641
1929	2086
3586	3800
113	142
2229	2526
2118	2520
954	1282
2671	2721
921	1420
2408	2552
1914	2011
482	556
1185	1685
2433	2446
2201	2539
3049	3239
2669	2689
2056	2220
1724	1737
2463	2653
1072	1541
2143	2153
1217	1885
1718	2132
2765	3102
1107	1833
1554	1623
2706	2763
3437	3595
2049	2231
3630	3634
2112	2216
1190	1204
1122	1514
22	339
2033	2213
2292	2582
1431	1867
1544	1905
2148	2598
1290	1827
1989	2593
1732	1907
1107	1467
3239	3419
369	433
2149	2153
1998	2657
2275	2477
2044	2611
2931	3257
1508	1893
2214	2228
1644	1730
1114	1357
2701	3280
2554	2655
2276	2606
1185	1810
1175	1662
966	1809
2121	2600
927	1182
56	161
1941	2292
980	1622
3781	3946
1076	1888
724	773
0	89
1020	1582
1938	2563
1048	1471
2461	2617
3831	3884
1207	1288
3790	3838
1267	1399
1307	1687
937	1749
62	161
2169	2398
2138	2461
2495	2553
1404	1899
2216	2500
1272	1813
2414	2543
1327	1909
1049	1597
1964	2236
1955	2629
1522	1622
3567	3917
1622	1652
3437	3963
104	203
2187	2496
2084	2554
713	773
1938	2040
1014	1158
773	823
3576	3860
2225	2657
1724	1877
2676	2896
2118	2370
3005	3145
2460	2467
997	1029
2803	3280
2681	2925
3202	3232
2212	2464
131	278
986	1236
2063	2615
3363	3430
2369	2625
2921	3411
2340	2489
2972	3325
1985	2495
1939	2110
107	1520
2326	2495
1086	1898
1997	2244
579	609
1613	1902
440	508
2189	2288
3022	3284
1684	2740
2253	2311
1912	2578
718	814
67	122
107	1446
2266	2324
21	40
98	104
2706	2877
1189	1366
56	265
391	487
2755	2877
3110	3421
2428	2492
686	790
1694	1790
2133	2567
3002	3329
2348	2655
2896	3301
2060	2266
1805	1813
1322	1884
2192	2459
1639	1888
2134	2199
1199	1663
1979	2095
2915	3294
1559	1580
2196	2434
101	187
2184	2549
2103	2564
2246	2582
107	526
2154	2500
3706	3714
2059	2124
2970	3434
1173	1609
2071	2125
1260	1308
1040	1271
2398	2510
2244	2369
2250	2294
1438	1587
526	1724
1280	1605
2509	2547
3749	3789
141	239
514	525
107	1803
2730	2918
2782	3026
2991	3116
2275	2374
2180	2338
2833	3360
2322	2642
3204	3291
1219	1662
1416	1622
983	1211
3506	3643
2807	3257
1683	1800
1347	1596
1050	1441
484	1604
2165	2484
1577	2133
2780	3109
1457	1612
2200	2308
1182	1431
2803	3196
3930	3941
2122	2521
1389	1391
2822	2999
3042	3090
1955	2345
948	1543
2739	3233
1431	1900
2376	2564
2502	2629
3460	3568
1243	1714
1177	1499
2973	3152
2043	2573
2266	2539
2192	2297
1685	1734
1964	2149
1554	1603
1975	2228
1962	2309
2999	3310
1721	1736
3672	3785
2669	2850
1684	2903
69	105
2033	2112
2024	2660
3018	3295
1153	1886
2336	2351
374	520
2332	2643
25	130
2560	2624
1985	2601
1986	2353
2708	2937
1726	3222
3625	3873
2209	2283
3049	3185
2970	3082
1305	1804
1972	2660
1962	2352
1076	1551
903	1533
3652	3665
1912	2471
1544	1779
2073	2216
2306	2579
992	1568
2352	2460
366	651
1327	1774
2719	3330
3449	3800
431	438
414	649
2023	2091
3466	3652
932	1331
999	1079
2268	2582
1577	2180
1235	1322
2755	2929
123	142
2135	2597
2253	2467
2919	3430
2283	2355
1377	1590
2506	2615
2588	2649
122	161
2276	2340
3154	3252
2708	3115
2045	2586
2689	3117
2240	2464
1080	1473
1912	1993
107	1463
698	881
2777	2867
1983	2037
2112	2150
1983	2147
2563	2623
2059	2374
2506	2630
107	1870
1993	2115
3795	3929
2344	2394
1985	1989
2063	2482
2054	2144
2140	2339
1752	1796
2257	2542
2127	2384
1128	1584
1061	1328
2216	2542
2664	3108
2003	2438
1029	1460
1951	2378
2361	2440
1229	1728
1488	1516
1351	1712
1912	2399
2549	2602
1993	2212
3089	3240
3777	3829
3010	3104
107	970
2240	2392
1972	2389
512	525
726	773
1542	1712
2408	2428
2032	2161
2028	2588
1191	1669
483	553
2289	2610
1246	1418
1078	1272
1120	1475
2680	3348
2122	2495
1263	1591
3703	3926
2081	2283
2546	2560
1256	1554
579	639
385	423
1547	1610
959	1107
1912	2277
2288	2478
431	536
686	811
3113	3267
925	1557
1920	2081
960	1619
2292	2461
1352	1717
2043	2142
2754	3220
2087	2189
1965	2231
1095	1300
348	384
2381	2423
2368	2649
1946	2084
2117	2641
925	1375
1271	1352
1062	1540
2165	2462
2319	2343
1110	1600
2060	2469
3032	3253
947	1864
2308	2354
2244	2323
1912	2441
3663	3710
2215	2629
2257	2323
1916	2598
444	506
1881	1882
1277	1404
2995	3051
3195	3436
1048	1407
1325	1567
1077	1202
1083	1888
370	475
1520	1888
596	1215
1373	1661
3630	3945
713	810
1471	1662
2068	2071
2282	2475
2718	3396
2601	2606
1246	1296
2188	2446
2139	2593
1987	2133
1663	1891
2276	2593
1423	1573
2787	3342
2340	2376
2169	2451
2328	2343
3657	3739
465	524
2221	2394
2033	2611
2921	3259
2135	2282
1180	1730
2250	2372
2086	2655
1951	2097
2039	2068
747	792
3459	3793
1945	2183
1028	1617
1598	1794
136	2436
2241	2589
1997	2532
1608	1610
1235	1292
2947	3177
3681	3790
1154	1531
2137	2384
2120	2126
2102	2111
3073	3363
3114	3435
2718	3043
957	1347
1984	2467
26	224
3653	3918
1921	2001
1925	2602
1589	1816
2034	2156
2184	2446
3437	3616
1610	1665
1288	1757
1993	2623
993	1813
1265	1590
2543	2582
1124	1149
3029	3220
2078	2564
1260	1815
1917	2462
403	475
391	428
1509	1610
2889	3311
582	627
538	1358
2339	2576
1337	1697
493	566
2088	2118
919	1020
3720	3751
2768	3072
993	1509
752	830
2763	3414
2210	2326
108	281
1791	1864
2005	2369
2871	3330
1509	1768
1376	1714
2172	2278
2363	2520
2339	2363
596	1148
3136	3331
606	1778
2083	2520
2029	2318
2460	2482
896	1462
1211	1370
2778	3179
1485	1835
1334	1361
348	507
561	604
3263	3398
2354	2543
2126	2535
1017	1367
2849	3335
2688	3086
2340	2386
771	789
3169	3198
2910	3250
1420	1689
1327	1656
2363	2504
2399	2519
400	514
954	1303
2681	3293
2073	2098
1979	2165
2283	2618
1997	2655
806	839
2059	2646
492	676
1440	1639
1549	1625
1283	1327
3542	3707
1256	1712
2183	2491
1929	2625
2086	2395
2148	2398
3845	3966
2332	2592
1122	1358
2915	3137
2120	2587
1117	1431
2683	2837
1067	1591
1335	1746
2417	2473
2485	2600
898	1309
3233	3244
1101	1449
1459	1715
2793	3007
1117	1598
352	536
3082	3357
2914	3360
606	1001
917	1541
1391	1669
1522	1613
111	214
984	1166
3485	3514
960	1665
2881	3366
2720	3263
1964	2133
1943	2542
2052	2174
3097	3299
3113	3297
2877	3387
373	645
373	397
1361	1843
0	101
1440	1817
2863	3265
1623	1752
3532	3610
2184	2600
2030	2423
3054	3303
824	830
3253	3264
2352	2520
1449	1612
1992	2486
2043	2073
2867	2986
3500	3809
2090	2607
1211	1522
2220	2593
1459	1573
1972	2171
637	1720
1726	3263
2042	2434
2586	2607
1104	1148
2174	2327
2244	2504
1912	2577
1130	1471
107	1606
1162	1901
898	1871
2683	3129
2786	3384
3590	3944
1917	2237
3557	3824
2336	2398
2611	2625
1160	1610
1559	1833
2734	2752
1199	1620
1390	1789
922	991
2549	2655
1290	1600
1148	1347
2559	2601
2235	2304
1191	1517
1247	1794
3355	3434
1112	1644
3203	3345
3132	3145
1302	1467
966	1816
2068	2294
1345	1635
2521	2600
1086	1135
2199	2241
2387	2584
921	1621
3567	3874
419	526
1132	1449
2188	2369
978	1849
2381	2542
9	322
3474	3554
3109	3299
1099	1742
2833	3320
1005	1089
739	757
993	1059
1431	1551
1612	1632
1622	1902
3034	3082
3618	3633
2043	2244
1623	1750
1198	1211
1073	1325
860	1684
2055	2526
107	962
2101	2344
2729	3363
1180	1470
2136	2638
948	1773
402	497
939	1910
967	1149
901	1232
1946	2005
2835	3243
3501	3609
3640	3670
1786	1820
2090	2323
2176	2543
1204	1235
2324	2521
3994	3998
1373	1469
2668	3138
2174	2436
1994	2451
1954	2338
2109	2363
1640	1840
3396	3403
1573	1873
993	1290
2347	2586
3281	3396
56	188
2705	3193
2149	2338
1062	1444
626	680
2173	2335
3340	3365
916	1376
2031	2291
2909	2925
2374	2433
2890	3104
3610	3888
3528	3576
3563	3656
1284	1742
2250	2529
2719	3101
2165	2542
2334	2409
3060	3145
2063	2069
838	840
438	676
3495	3830
176	239
1684	3241
2730	3346
3632	3918
2029	2480
2139	2460
1945	2283
1059	1269
1912	2100
3011	3262
2201	2574
1055	1585
2004	2337
2307	2369
1565	1606
2250	2509
1250	1456
1166	1824
2240	2340
1912	1947
1047	1327
2148	2247
475	490
1440	1883
214	333
2133	2141
421	487
916	1902
3224	3360
2150	2504
2150	2602
1146	1557
1668	1821
2308	2550
2905	3014
2317	2577
2877	3362
2778	3204
2319	2384
2224	2605
3015	3287
1985	2021
1520	1530
3116	3182
2054	2243
2461	2643
1684	2680
917	1709
2392	2492
1552	1642
2489	2654
2126	2405
1029	1772
1204	1635
2165	2329
2815	2969
3440	3805
143	175
1656	2826
3578	3858
2887	2944
1459	1583
513	669
1446	1882
1408	1844
1008	1337
1574	1677
2040	2348
1352	1810
1086	1620
107	1514
2841	3383
3065	3184
2858	3072
1665	1879
2112	2500
1158	1413
3473	3743
2738	3243
1344	1390
2435	2494
460	520
2121	2560
0	227
1305	1570
1955	2189
1355	1633
3439	3699
1243	1604
2083	2469
946	1376
1920	2543
2573	2586
1940	2302
611	618
3448	3860
1471	1652
870	879
2149	2250
3514	3830
2145	2325
1352	1605
1986	2188
1375	1621
1827	1902
2773	2931
3771	3949
1302	1488
1256	1898
2184	2536
2300	2561
2084	2395
1609	1842
3437	3829
1608	1735
2250	2343
1684	3227
2661	3038
2074	2654
3525	3692
1334	1608
1201	1842
2048	2581
713	774
107	1117
1291	1488
580	1320
3437	3565
3437	3872
3472	3698
3471	3684
1126	1761
2026	2180
2319	2616
1066	1848
3077	3410
3553	3705
2111	2295
1684	3432
2057	2372
492	580
916	1302
925	1376
2072	2292
166	202
3113	3298
1056	1160
1610	1662
1953	2462
2294	2510
2326	2428
999	1833
2199	2592
2664	3362
2782	2969
960	1598
3486	3493
2042	2598
1975	2193
1917	2550
1488	1559
503	514
1121	1536
1019	1100
1076	1126
2910	2986
2354	2468
2465	2598
2916	2966
2945	3090
261	342
1181	1367
1589	1608
1964	2406
2124	2140
2108	2604
3594	3613
2253	2275
348	408
1530	1839
3185	3267
1684	2941
2414	2546
1939	2415
3110	3327
2042	2555
898	1382
2698	3426
1448	1591
2055	2307
1985	2336
1535	1537
606	936
1076	1530
2073	2266
2664	3104
2133	2616
2324	2428
1076	1612
2369	2602
1729	1828
489	555
2087	2125
3240	3344
3204	3360
2214	2289
1084	1722
3510	3529
2257	2578
1359	1902
178	322
2062	2121
14	115
3205	3263
3005	3366
2408	2550
1932	2042
1421	1433
101	194
992	1216
2856	3329
3437	3916
2951	3360
2283	2458
2719	2853
1471	1826
416	493
1625	1660
3791	3933
949	1529
978	1488
584	618
697	766
1390	1746
1332	1763
2033	2539
2960	3065
2138	2458
2003	2282
1509	1823
2717	3250
2755	3096
2729	2981
252	271
1079	1522
2081	2250
3172	3377
2235	2280
3103	3150
2719	3172
3501	3577
1799	1839
1611	1903
2184	2553
2047	2102
1985	2103
2047	2525
2486	2490
2153	2327
1011	1482
2764	2999
391	556
2188	2354
1985	2485
3449	3604
1333	1371
1729	1820
1684	3129
1070	1745
1985	2122
2315	2420
3187	3402
2469	2542
2810	2986
2224	2501
1419	1437
2929	3433
1912	2437
2102	2338
705	830
595	661
2386	2590
2189	2224
432	527
3135	3220
1947	2512
1128	1610
9	26
2950	3321
1684	3203
2666	2872
708	828
2267	2461
2133	2294
1227	1628
1110	1897
2102	2239
1959	2026
1201	1879
1340	1344
1373	1495
1826	1839
1962	2172
915	1625
2408	2546
2073	2489
1272	1613
2846	3041
1722	1741
3511	3904
1370	1714
3437	3733
3102	3152
723	849
2042	2338
2315	2472
2409	2485
3035	3070
56	104
2183	2282
1302	1823
925	1683
1325	1866
373	525
2407	2593
2373	2412
2384	2567
483	1455
3019	3186
3236	3264
2068	2135
1912	2230
2292	2377
1522	1669
2244	2430
408	431
2703	2959
2289	2643
731	815
1589	1833
25	122
1255	1835
1939	2432
2398	2589
107	1418
1999	2337
352	408
993	1352
371	542
1125	1207
87	291
1559	1746
2319	2398
479	484
2951	3159
1630	1658
1735	1836
2039	2151
2438	2451
17	115
3437	3512
1222	1804
2037	2575
285	303
2118	2462
2555	2608
600	632
2840	3112
1634	1906
2741	3433
1329	1791
1402	1827
3596	3830
1523	1663
1929	2507
2928	2940
1954	2344
2706	2867
2125	2161
1130	1377
1522	1799
2786	3025
261	313
1583	1871
2047	2137
2055	2056
2142	2410
919	1032
982	1040
1557	1750
1746	1902
432	460
1929	2564
1610	1833
2926	3338
376	557
1194	1492
1390	1622
1312	1367
1310	1338
1465	2268
2071	2429
1172	1293
2819	3341
1768	1793
1345	1578
2820	3244
2157	2337
2323	2638
1175	1741
2508	2649
1559	1714
2131	2574
1923	2406
2716	3353
921	1367
1681	1847
2053	2436
2864	2960
1377	1409
2086	2553
2092	2140
641	1436
107	1794
1684	3120
2451	2597
2028	2135
2338	2529
1158	1235
925	1181
3443	3634
252	285
3469	3915
2278	2363
2339	2546
2867	2916
2023	2231
1940	2191
2499	2550
3464	3956
2343	2351
0	137
2904	3330
374	566
3261	3287
475	1300
1984	2093
2183	2436
203	313
2910	3226
1002	1890
1594	1741
2850	3193
1563	1752
2043	2625
2229	2363
828	837
2124	2404
387	402
1584	1768
966	1610
2201	2370
1331	1488
1207	1341
1086	1128
2142	2374
24	187
1256	1341
2699	3325
2419	2512
1250	1341
967	1730
1912	1989
1946	2063
2161	2501
2087	2196
1955	2653
925	1377
2399	2463
389	1630
104	252
2010	2267
2179	2376
2092	2492
726	834
2460	2500
2124	2464
2447	2657
952	1516
2411	2488
2392	2607
2909	3339
1078	1367
2665	3035
686	840
626	664
969	1820
1635	1691
2978	3080
1289	1842
3604	3830
1597	1621
526	1290
2054	2582
3705	3722
2018	2027
777	779
1051	1355
2020	2506
2359	2619
1086	1123
1210	1671
67	297
1757	1886
375	398
2300	2334
2078	2655
1068	1365
1361	1863
136	308
2903	2999
3461	3495
2929	3364
1424	1896
2944	3301
56	303
1117	1610
1673	1740
2028	2351
3005	3254
2749	2911
1426	1790
2273	2518
1917	2631
637	1692
1674	1800
2964	3289
1196	1718
3115	3302
2078	2165
2485	2564
1052	1109
1369	1656
1014	1392
2348	2615
2059	2579
2709	2772
2279	2567
2669	2912
2911	2956
2102	2134
2060	2290
2912	3064
2307	2460
1583	1872
1602	1882
1391	1420
1211	1352
896	1873
1541	1727
1929	2369
3021	3434
3980	4033
450	489
2139	2625
2030	2201
459	563
2047	2239
3826	3900
3150	3350
56	252
1646	1675
107	1091
1993	2261
1078	1153
2780	3049
2987	3158
1125	1126
2116	2312
1376	1539
695	815
2877	3303
3450	3737
2133	2330
629	1893
437	467
434	492
1409	1791
224	291
2560	2586
348	532
1235	1438
2901	3116
2240	2460
1330	1613
1267	1431
0	44
1398	1888
1684	2864
1684	2868
2190	2553
1479	1716
105	236
2694	2896
2271	2276
2200	2542
1107	1331
2044	2631
1639	1663
456	525
1399	1864
2069	2607
1343	1569
2324	2600
2319	2496
374	591
2435	2583
990	3245
980	1491
2446	2460
0	341
2690	2803
2088	2359
2295	2557
3680	3969
2054	2653
596	620
1199	1370
3695	3898
2748	2989
947	1291
584	630
2092	2206
1963	2253
355	497
2043	2646
3521	3618
2037	2123
2174	2242
104	277
2084	2240
2501	2617
1509	1603
747	797
2093	2200
2184	2526
2047	2379
954	1786
2368	2598
2188	2200
1101	1610
1946	2088
3233	3412
1971	2433
1126	1833
2384	2501
3102	3351
1331	1547
211	223
2043	2520
2024	2583
2160	2251
2662	2951
2136	2184
1530	1752
348	468
1390	1793
2119	2558
641	1549
2062	2617
1973	2633
2828	2937
365	556
2258	2564
1377	1416
3702	3938
3326	3395
1084	1571
1810	1823
1115	1691
1916	2289
3100	3182
931	1064
2446	2482
398	545
1017	1335
2103	2118
3506	3568
1285	1707
960	1101
2707	3062
3039	3377
1181	1557
2210	2229
1199	1367
2095	2118
1555	1719
393	564
2757	2912
2169	2250
744	848
428	506
2491	2653
2276	2290
2694	3226
2944	3426
2331	2554
1125	1491
1478	1694
1047	1471
3441	3949
1929	2229
1329	1608
1649	1794
2220	2381
1590	1835
632	665
1614	1886
2333	2543
1116	1730
2144	2268
1023	1445
705	843
2738	3119
1099	1282
2813	2951
2059	2104
2165	2449
1391	1559
2148	2533
3481	3581
1912	1991
2020	2499
2289	2471
3120	3330
958	1798
1059	1754
2123	2348
713	726
862	3495
2757	2906
2666	2909
1281	1429
2021	2409
2032	2471
2351	2463
1412	1745
1621	1888
1456	1668
1800	1845
2501	2511
1052	1188
2139	2165
2891	3026
2731	3123
1912	2086
2841	3016
1137	1648
1929	2376
2800	3213
2553	2638
2154	2324
2478	2601
2032	2289
3981	3994
3024	3397
2117	2345
2387	2602
1149	1467
2411	2523
1391	1554
3076	3281
995	1551
3139	3229
2206	2630
3274	3360
2102	2533
1912	2645
1139	1260
1250	1367
2391	2428
2139	2532
640	670
431	471
1420	1603
398	526
872	874
1204	1820
1349	1844
436	524
3708	3918
966	1431
1409	1570
3325	3382
1971	2059
3869	3870
167	243
1985	2574
1912	1966
2037	2140
2049	2497
1112	1804
2240	2476
2179	2244
2485	2542
1912	2485
828	845
2440	2448
3057	3432
180	249
445	487
1028	1509
3696	3960
1124	1146
2055	2356
2950	3351
3154	3168
1011	1904
2460	2521
483	1616
3634	3956
1312	1376
954	1830
2905	3142
934	1538
1198	1584
136	2024
1389	1604
1941	2183
373	500
372	455
3082	3386
412	527
2749	3339
1014	1309
67	128
3102	3434
925	1639
1577	2377
2109	2492
620	653
2228	2614
1983	2387
2757	3301
967	1734
2206	2573
2780	3146
1984	2109
2843	2932
599	658
2104	2433
3008	3423
3002	3087
1258	1536
2730	2871
980	1164
2040	2615
1184	1399
107	1538
2045	2591
3500	3664
3437	3647
1684	2689
1076	1480
3116	3391
1943	2550
3497	3596
1173	1201
1665	1712
1273	1751
3138	3307
1465	2183
715	827
2184	2561
1222	1437
348	523
980	1557
3029	3090
355	565
418	432
3262	3287
1675	1800
1502	1907
3596	3800
1484	1888
580	1514
3102	3247
3672	3707
1110	1791
3203	3366
1092	1485
978	1800
1126	1621
3171	3404
2240	2275
3028	3072
2103	2139
2673	3023
1234	1910
439	513
1305	1614
2911	3022
414	496
3038	3421
2940	2988
734	803
397	422
1945	2347
2062	2328
2133	2246
2139	2363
783	787
2256	2291
2758	3366
2465	2588
1214	1911
1221	1462
2890	3114
3501	3943
2150	2553
2154	2504
2047	2406
1987	2344
968	1711
1269	1819
1019	1060
1857	1859
1273	1786
686	842
2191	2338
107	1239
2381	2611
1181	1643
1079	1540
2102	2198
2282	2377
1377	1391
1523	1746
400	461
2786	3417
703	793
1079	1879
1447	1804
714	732
3013	3299
1214	1522
1159	1473
2184	2550
2772	3107
483	1294
2206	2376
917	1876
1996	2565
1610	1879
966	1572
2607	2623
3019	3273
2342	2540
2046	2591
1335	1341
1684	2776
3084	3417
988	1104
1127	1640
2770	3351
3065	3085
1185	1597
3721	3873
473	556
460	492
2056	2147
3439	3932
2214	2219
2862	2873
3460	3931
3100	3179
2184	2392
2090	2261
370	507
2229	2430
2019	2476
3132	3201
2917	3129
520	523
22	87
2139	2200
3052	3149
1156	1556
2179	2477
2928	3033
1209	1278
2010	2052
2906	3108
2056	2619
1019	1432
3730	3913
1940	2117
1100	1873
2124	2469
2833	3350
942	954
2268	2512
2354	2624
2093	2095
1199	1480
1804	1849
2292	2472
1999	2647
483	1720
1619	1832
1129	1462
1290	1891
3113	3335
1100	1636
2877	3090
1255	1291
2124	2549
2873	2877
2118	2550
1912	2050
2196	2241
2266	2336
1311	1549
596	1872
2447	2647
1199	1653
400	434
3995	4000
2200	2409
1029	1173
3980	4001
487	492
2216	2359
724	805
2323	2469
1204	1231
2093	2464
688	828
2735	3244
367	376
2757	3104
2005	2213
2993	3104
2199	2451
1790	1841
1656	3164
2308	2410
2506	2507
1204	1373
2235	2617
2742	2753
2123	2654
2847	3011
2720	2989
2114	2228
1374	1574
2750	2877
1003	1789
1255	1846
107	1576
2237	2521
2729	3073
2060	2464
1285	1380
2833	2936
2307	2308
3115	3247
2796	3297
2237	2354
1879	1898
2046	2409
3021	3396
2225	2364
3529	3793
743	782
2064	2074
71	230
3162	3302
2491	2592
2340	2407
1173	1826
2172	2607
1124	1488
2151	2589
2003	2511
1123	1211
2304	2518
0	287
3437	3712
1012	1113
1914	2435
311	325
946	1126
3107	3343
107	1632
2500	2590
3011	3258
1912	2111
2748	3076
2220	2233
3072	3155
1993	2500
66	122
1979	2218
3725	3739
1011	1070
3051	3240
2058	2290
2183	2336
2267	2282
579	590
107	1858
1320	1357
2084	2218
1469	1815
2078	2359
958	1548
2122	2500
1912	2027
2199	2597
60	285
1941	2643
2827	2913
3054	3226
2347	2551
2827	3040
2873	3029
2136	2347
2161	2438
1436	1881
1271	1391
3070	3116
959	1604
2348	2625
2211	2416
3437	3779
315	323
1617	1791
2914	3203
2139	2624
1256	1800
921	1078
1376	1563
465	559
1621	1826
1984	2363
1041	1869
2839	3348
1970	2555
373	400
2782	3324
2347	2408
2901	3038
513	637
2467	2520
3505	3840
2292	2491
3082	3198
2233	2564
1116	1609
2123	2340
2210	2215
3598	3685
2026	2336
2140	2266
1912	2269
3058	3212
1684	3343
1618	1877
2220	2489
26	119
2676	2916
2419	2510
1358	1763
2682	3018
2112	2631
1130	1211
980	1833
3501	3692
3577	3938
2719	2828
2403	2503
1130	1456
2741	3098
2172	2290
1920	2180
484	1397
2464	2552
2073	2560
1833	1902
2679	2773
2471	2519
2063	2550
606	1358
2172	2553
2077	2484
1919	2022
2946	3211
2183	2598
1580	1800
1966	2206
3711	3924
2773	3339
2751	2841
3201	3296
1082	1322
2875	3116
719	810
4027	4031
469	553
3437	3802
1104	1859
2126	2173
1230	1509
1948	2191
359	361
2894	3225
2103	2591
3480	3545
1212	1566
2128	2582
2078	2478
3281	3367
762	810
2231	2448
997	1471
2045	2430
2697	2992
3644	3840
2237	2590
1020	1032
1912	2568
2865	3087
3747	3809
1723	1791
2340	2492
1199	1816
1003	1746
3797	3872
2467	2507
3565	3637
637	1320
2138	2250
1420	1753
3206	3351
2194	2315
2240	2278
1563	1637
2794	2887
2088	2124
2037	2395
173	464
2689	2777
2220	2340
966	1833
2220	2521
2131	2449
1920	1959
2985	3426
3056	3348
2104	2414
363	376
3521	3753
2071	2189
1029	1856
2348	2467
1584	1741
716	799
2773	3158
2866	2986
2289	2511
486	551
1267	1302
915	1801
2359	2591
1598	1668
3667	3852
916	1849
2047	2530
348	429
2024	2620
1918	2276
2904	3109
1598	1746
1146	1528
1377	1610
3116	3185
1367	1816
2102	2254
2115	2237
1649	1732
414	674
1561	1911
2090	2433
2936	3396
1185	1377
56	75
732	791
2209	2289
2056	2478
2870	3177
1946	2520
1933	2160
1912	2015
1370	1471
2944	3004
2325	2642
1337	1805
2212	2573
2108	2271
927	1612
1166	1812
997	1402
925	1471
2430	2449
1076	1795
2737	2937
1159	1699
348	550
2865	3187
1102	1783
2489	2638
2356	2549
1973	2538
1279	1345
1054	1416
1550	1596
1146	1643
2253	2564
1917	2253
3635	3670
2206	2356
107	1329
3587	3791
1283	1803
1991	2660
2877	3022
1222	1621
2061	2284
2384	2652
2680	3078
2464	2619
2237	2624
2294	2438
1835	1883
1985	2218
1979	2339
2183	2589
1734	1902
2136	2418
1536	1787
913	1620
434	436
2038	2617
2877	2944
1917	2206
2213	2542
2323	2446
966	1184
1593	1806
960	1547
1918	2139
2546	2607
1302	1800
1653	1800
2815	3108
2912	3426
3017	3396
1746	1799
2965	3005
204	213
688	739
960	1809
947	1617
3437	3970
3106	3203
2738	3417
3102	3320
2451	2603
2669	3054
946	1612
353	651
2370	2586
1758	2825
2052	2273
606	1565
1495	1649
2264	2463
376	1095
1107	1888
1209	1659
2140	2630
2188	2391
2724	3334
1304	1815
2095	2507
1608	1861
1056	1528
2110	2235
2038	2186
3258	3342
180	254
2446	2625
1718	2436
1617	1714
1598	1662
1644	1700
1214	1437
374	526
1469	1703
921	1535
3046	3058
1927	1931
1955	2199
1347	1475
2042	2385
2090	2553
2328	2608
1035	1529
1086	1164
2774	3147
2731	2873
2862	2985
2084	2326
2344	2516
1170	1820
2035	2628
1912	2548
1757	1791
2125	2471
3172	3291
690	853
1293	1554
2995	3397
2054	2592
2947	3062
1795	1861
2352	2495
2055	2331
1056	1842
369	442
2030	2118
3635	3838
107	1497
2897	3056
1943	2551
1917	2258
2915	3293
2210	2359
1979	2229
2439	2621
1380	1456
2253	2553
2376	2586
3535	3825
2382	2456
1221	1578
1671	1910
3021	3132
3786	3822
2365	2636
2097	2648
1993	2275
1335	1399
2815	3056
2661	3265
1610	1789
107	1579
3705	3706
1985	2275
2285	2390
2343	2475
3514	3627
1107	1879
1180	1205
2477	2593
1950	2061
3169	3247
2299	2324
1271	1714
2139	2257
1981	2274
3524	3601
2226	2416
1243	1570
1004	1344
2093	2150
2334	2551
1472	1575
2038	2149
3033	3096
1281	1502
997	1563
993	1028
1938	2109
2010	2194
2492	2602
2839	3433
3640	3804
436	635
2102	2612
1993	2122
2599	2653
2102	2241
2212	2507
1086	1172
2116	2202
2090	2600
483	1332
1017	1331
2985	3232
1056	1722
1993	2043
1184	1659
374	500
2463	2516
2918	3196
1059	1623
2928	3026
3347	3406
2835	3363
3035	3102
1146	1509
2040	2386
932	1665
2073	2212
0	220
435	551
705	820
1017	1605
1696	1731
925	1017
637	1512
986	1299
3736	3938
107	1524
3437	3765
2127	2516
2363	2611
967	1182
360	555
2299	2423
2927	3417
2770	2778
1117	1811
2045	2482
1986	2370
2194	2336
2153	2533
1918	2410
739	774
1923	2475
25	257
2037	2118
1621	1891
3191	3240
2134	2169
1997	2095
2951	3001
2384	2479
2126	2628
2550	2607
2989	3082
1954	2117
252	338
1622	1632
712	767
2063	2334
3145	3378
1669	1813
1963	2410
1971	2560
1288	1898
1718	1955
967	1559
2574	2593
1294	1464
2969	3195
3542	3730
2916	3226
787	808
184	272
1329	1675
2271	2543
515	654
378	542
40	274
376	391
1979	2467
1101	1480
1912	2563
1088	1165
1577	1959
1059	1665
1976	2171
2046	2607
1946	2387
2047	2111
2354	2370
2376	2468
2354	2655
2573	2600
2729	3433
2275	2602
277	332
2131	2414
387	567
13	313
2098	2575
3708	3957
2164	2462
2253	2363
3707	3731
1990	2152
2047	2293
2169	2343
3938	3943
1159	1241
2142	2600
2351	2643
3342	3403
1242	1516
1515	1661
92	196
2018	2435
1267	1723
2706	2986
1634	1876
2372	2471
953	1331
1409	1613
2836	3386
3568	3614
2871	3136
1979	2495
1281	1661
1339	1737
1618	1836
2689	3085
2128	2250
418	514
2326	2559
1185	1334
1939	2075
1993	2625
702	732
1962	2040
1021	1277
436	488
1047	1621
136	2543
580	1606
1198	1746
1983	2030
1376	1597
3683	3877
2333	2501
3438	3533
2992	3120
1167	1225
2093	2369
3743	3917
3090	3435
1984	2200
1117	1868
2127	2589
3437	3600
1399	1659
1221	1680
1140	1656
2169	2608
1983	2253
1367	1669
1995	2018
982	998
930	1671
2708	3179
1912	2312
2059	2607
1070	1258
1957	2659
998	1722
997	1117
1086	1844
1971	2324
993	1721
1977	2211
1479	1628
1471	1736
2869	3152
694	705
2782	3226
2118	2123
1559	1584
1787	1837
397	421
2218	2430
3177	3420
1107	1458
3152	3265
2253	2559
1491	1623
2263	2621
1293	1367
2122	2172
2890	3433
2272	2432
2059	2348
1051	1584
2239	2332
2619	2630
3241	3285
2854	3414
1735	1845
1868	1902
1912	2299
896	1036
2307	2467
2095	2526
3550	3797
3113	3350
2800	3023
3136	3337
2045	2069
2694	3142
2143	2302
3930	3938
3038	3197
2365	2647
2376	2575
1376	1520
1192	1448
2359	2395
373	392
1994	2199
1367	1605
396	546
1222	1367
2047	2175
653	678
1559	1597
434	566
934	1302
2016	2284
2035	2371
917	1454
1559	1736
1004	1659
2940	2974
1124	1388
2560	2578
3199	3378
1149	1367
1123	1805
1946	2229
1576	1578
1396	1894
2098	2542
3612	3758
2206	2266
628	662
2668	3215
2755	2777
3456	3734
2718	2832
993	1804
1954	2509
2235	2377
2669	2916
1307	1511
2333	2390
1010	1529
2056	2352
2829	3062
3455	3735
1341	1605
3437	3524
1156	1431
2507	2564
2087	2223
1927	2648
1917	2615
1920	2567
2606	2624
2073	2123
2133	2368
754	838
2107	2440
2139	2369
619	677
2053	2508
2095	2543
107	1801
1135	1516
2679	2966
2781	3347
1331	1509
428	523
1408	1885
1109	1348
1966	2069
1662	1835
2216	2446
1948	2555
1912	2629
3265	3397
2871	3369
2212	2543
3215	3224
1616	1882
1960	2035
2916	3033
1781	1807
2532	2602
2806	2919
2794	2966
766	824
1114	1422
2946	2952
2045	2278
3320	3381
366	544
1232	1733
1126	1735
2754	2866
1684	3211
3705	3713
1917	2579
1963	2506
1570	1714
1108	1751
994	1009
1277	1751
1015	1104
2356	2376
3060	3397
805	830
404	465
2104	2275
2960	3033
2475	2508
2697	3275
1957	2171
2758	3259
616	678
3684	3851
353	388
142	188
792	828
2045	2271
906	1867
1191	1470
483	1429
2559	2560
1717	1750
1505	2678
350	497
1079	1290
2244	2615
184	309
2757	2872
1216	1784
1198	1663
2927	3040
1125	1431
1104	1298
2244	2576
2973	3252
967	1752
1513	1621
1146	1538
323	341
2706	3056
2828	3351
1440	1523
1156	1619
2546	2624
21	98
913	1377
107	1411
1488	1813
506	517
1376	1460
719	823
2194	2273
1449	1736
2755	2956
2063	2179
3118	3145
2778	3277
1449	1860
1953	2326
3852	3926
3612	3893
1735	1757
2919	3348
1954	1972
2047	2361
2103	2423
3439	3799
1613	1746
1091	1207
107	920
1989	2040
917	1742
906	1278
2184	2646
1117	1146
3774	3975
1082	1647
1548	1895
2451	2652
2828	3347
1340	1819
2069	2339
2340	2625
3083	3128
2796	2991
500	537
1577	1666
3731	3966
2996	3190
2384	2438
1272	1551
2707	3331
185	290
494	536
2730	2781
978	1205
1718	2510
1861	1902
1964	2035
3182	3320
3498	3629
2901	3330
2950	3182
623	684
2102	2498
1117	1800
2827	2872
1491	1707
121	236
2213	2369
3750	3830
1962	2482
2966	3090
934	1126
2392	2553
2383	2478
136	246
1235	1462
925	1819
1611	1720
1435	1717
412	542
771	850
2001	2011
1997	2299
2142	2546
1044	1104
2199	2247
2285	2537
3670	3858
1981	2221
1419	2971
2289	2419
609	666
1149	1761
3005	3411
2229	2266
1048	1305
1171	1450
2276	2423
2960	3417
2153	2203
53	260
3060	3116
1949	2146
2325	2544
2905	3339
3002	3076
2951	3002
2397	2411
1335	1662
1985	2154
1684	2923
2140	2408
2511	2555
2462	2543
2127	2203
1019	1448
504	506
107	1053
1733	1880
1551	1689
1267	1370
1341	1826
56	334
1943	2469
1684	2752
3708	3757
3468	3900
934	1471
1085	3943
1920	2137
2074	2542
389	1013
1413	1550
2030	2655
2859	3397
1423	1873
1610	1669
1201	1609
1315	1636
1185	1589
2071	2247
2729	3104
1339	1867
1370	1888
2663	2710
2409	2504
1702	1909
1185	1730
1123	1513
2180	2250
387	428
1912	2504
1029	1323
1067	1636
3219	3341
417	483
2289	2617
3437	3455
1931	2159
950	1537
3437	3974
2151	2629
1522	1765
1736	1888
3332	3355
2863	3152
2465	2471
1267	1891
3475	3940
0	77
4003	4030
1367	1554
2093	2104
946	1509
2109	2549
2095	2244
2010	2333
3076	3201
1344	1572
1090	1304
2985	3399
3437	3927
1540	1877
2099	2461
1718	2509
1085	1098
2095	2139
3509	3803
2603	2617
2139	2654
969	1742
925	1211
1645	1679
1638	1716
3076	3111
2174	2643
3078	3387
2381	2464
2086	2408
1993	2331
1181	1532
1683	1735
772	781
1584	1598
2103	2460
1132	1772
1512	1694
2266	2290
1158	1479
1979	2638
1923	2425
1173	1675
906	1110
2997	3063
2199	2458
1302	1516
1238	1668
403	497
980	1775
3640	3824
2384	2533
997	1772
1945	2475
1570	1598
1080	1785
2164	2526
3519	3774
1947	2081
2039	2148
2050	2378
1153	1809
1983	2275
3064	3226
1415	1709
2160	2577
2396	2592
2206	2381
2356	2590
1976	2459
414	604
641	1313
510	553
1559	1669
2104	2482
2206	2586
661	662
2048	2425
2221	2479
3464	3823
3330	3332
1665	1741
3079	3350
2138	2387
2124	2278
1267	1584
2331	2556
769	828
2933	3063
1334	1431
3672	3737
426	544
1925	1966
1613	1637
3553	3629
719	799
2058	2395
2434	2438
1912	2557
2303	2387
3737	3824
2033	2299
695	734
3178	3295
2418	2464
985	1304
1067	1573
3105	3354
2164	2266
953	1470
1613	1652
3596	3611
947	1714
2018	2297
21	127
433	504
2783	3076
3552	3886
2964	3331
2932	3107
2199	2347
1986	2369
353	1606
107	1059
1993	2369
2813	3409
0	299
2199	2333
1398	1399
2112	2244
2834	3423
2068	2125
1940	2153
3739	3892
2317	2360
2081	2153
2551	2586
1684	3373
952	1746
2064	2086
2392	2575
1028	1867
3068	3412
908	1866
2308	2363
2719	3182
1369	1461
3201	3419
2059	2500
957	1462
1004	1730
1665	1902
707	742
2144	2194
947	1243
1603	1721
1959	1987
2482	2624
2307	2386
1358	1574
354	458
2104	2108
2069	2655
2551	2563
2174	2471
1227	1875
2104	2464
1171	1182
2188	2460
2668	3341
3139	3428
1959	2436
1970	2274
2786	2913
2561	2630
2664	3226
942	1595
2866	3363
3076	3172
2232	2379
1305	1488
2189	2449
629	630
1184	1902
1297	1549
107	1566
1153	1524
574	630
3084	3243
428	514
1619	1800
3240	3316
2800	3220
1435	1569
1211	1598
3437	3728
2146	2152
2860	3019
1962	2370
927	1613
1221	1235
2694	2827
1536	1634
3437	3528
3034	3217
2036	2289
2039	2643
2132	2294
2072	2283
3569	3826
277	308
2523	2566
1912	1938
4014	4017
1128	1416
484	525
3038	3075
2683	2794
2287	2485
1107	1571
2893	3327
1912	2654
2031	2525
1288	1900
1072	1472
28	310
1980	2159
2905	3052
1943	2602
2233	2507
753	861
2090	2324
2189	2372
1523	1621
967	1689
2279	2491
1261	1382
599	628
1341	1827
3141	3216
1920	2302
1191	1431
1312	1685
363	412
3450	3672
2666	2839
2285	2508
966	1191
3291	3353
1953	2507
2410	2564
2666	3363
908	1825
2237	2611
3702	3948
980	1449
2103	2574
1076	1163
936	1616
1247	1725
3174	3184
3320	3403
2781	2796
1385	1574
1613	1761
1205	1352
2276	2550
1715	1872
897	1256
1538	1717
3610	3674
2510	2518
3878	3903
1684	3213
1984	2233
2302	2592
2309	2392
3768	3866
461	544
1971	2410
2875	3272
1705	1866
2683	3090
1912	2108
1469	1624
2026	2617
2040	2253
2059	2606
686	739
107	1891
2157	2636
107	1885
2086	2334
2223	2417
136	156
2939	3035
45	186
1011	1748
1804	1842
2734	3287
835	837
2311	2526
896	1192
1235	1315
3027	3117
26	176
1684	2959
2148	2597
927	1377
1591	1899
1367	1488
1376	1827
967	1563
2302	2533
2780	3307
960	1285
2240	2532
1918	2404
2259	2473
1369	1718
378	431
1064	1473
2176	2463
1752	1891
1730	1757
1190	1647
2856	3242
2521	2615
1460	1570
2875	3005
1514	1844
1230	1813
2112	2520
300	320
1962	2090
1621	1768
2894	3306
1146	1563
941	1794
1968	2459
1943	2593
1509	1675
2299	2500
3115	3396
107	1765
2334	2489
3178	3357
2078	2095
1040	1132
1984	2043
1684	2737
2292	2588
1912	2323
2093	2257
3566	3723
1078	1083
2192	2640
445	556
2093	2121
2322	2419
580	1645
1269	1613
2778	2938
275	328
2923	3292
3332	3434
3437	3857
1946	2276
2550	2561
3495	3756
1291	1746
2665	3151
1467	1867
1076	1256
999	1888
1361	1488
387	406
1344	1659
3583	3600
2299	2348
2139	2561
2229	2602
1505	3164
1602	1695
1059	1086
2516	2518
2218	2352
1774	1845
1979	2275
3498	3907
2201	2326
2253	2370
2720	3060
2377	2498
1272	1823
2556	2611
1312	1557
612	619
2176	2608
933	971
2869	3016
1175	1329
2552	2563
2549	2615
723	734
1941	2123
3604	3852
1953	2139
1230	1409
2880	2944
2223	2250
957	1082
952	1078
2248	2503
2849	3330
3004	3022
353	606
1101	1288
2465	2567
698	803
1272	1610
2068	2087
2088	2190
697	818
1948	2516
2164	2591
962	1453
1181	1621
1312	1589
3040	3149
3280	3397
1981	2222
3279	3305
2669	2867
1101	1652
136	1972
994	1067
2333	2336
1913	2355
2287	2309
2891	3234
3540	3656
2064	2575
982	1730
348	490
2340	2520
1110	1290
1036	1576
483	1694
3478	3696
0	15
248	311
3636	3802
735	856
2832	3267
1175	1768
969	1451
1926	2149
1373	1729
1426	1691
1590	1718
2797	3079
2138	2283
1114	1155
2155	2343
2956	2977
1338	1783
2370	2381
784	800
1912	1954
1434	1585
1964	2566
1447	1580
2078	2520
1420	1782
2839	3238
1286	1462
353	363
933	1704
1285	1336
2300	2395
2045	2139
3174	3339
1478	1545
725	732
1431	1619
1577	2519
1211	1793
2889	3382
3823	3956
2039	2384
713	813
3495	3750
1530	1737
2683	3010
1048	1609
2428	2539
2507	2623
2718	3081
1059	1712
3025	3135
3629	3728
2909	2953
2347	2591
1330	1791
2669	3226
2149	2516
2354	2404
2206	2600
2282	2399
2052	2347
3479	3695
856	889
747	809
3558	3643
956	1499
1684	2972
1122	1400
2374	2593
2395	2423
1758	1787
3158	3166
1483	1746
1979	2600
2261	2428
3628	3743
1175	1730
3532	3956
953	1741
1004	1390
1056	1669
2348	2631
737	773
1367	1888
2142	2607
2010	2273
2763	2867
107	1214
1006	1864
1377	1491
637	1300
382	547
2237	2290
2676	2944
1612	1877
752	773
1273	1282
1078	1341
913	1436
1380	1570
1920	2194
2253	2409
1006	1230
107	1150
724	781
1943	2058
1146	1522
1626	1865
2759	2836
2749	3073
719	773
1329	1557
1175	1717
2507	2560
1083	1457
1659	1688
3185	3261
1684	2784
526	1519
2551	2604
1606	1616
1940	2187
2038	2588
2275	2625
2833	2904
2967	3213
966	1665
2378	2494
3098	3364
2253	2526
3223	3410
2030	2356
3774	3836
997	1509
1132	1398
1984	2206
1917	2055
1927	2157
2150	2353
2428	2604
2395	2559
2208	2608
2477	2521
2	20
1959	2434
1782	1833
1488	1804
2063	2593
1267	1365
0	322
1616	1744
1227	1231
2070	2260
1620	1816
1329	1723
2065	2081
2068	2344
2911	2986
2450	2614
3025	3090
1124	1164
415	558
2069	2586
2240	2574
374	402
1238	1580
1106	1304
2108	2404
993	1530
980	1329
1289	1643
3082	3148
752	847
2117	2273
1940	2127
2053	2385
1211	1335
1985	2604
1026	1048
2694	2757
997	1330
2069	2115
2059	2123
25	288
952	1799
3511	3555
1472	1699
1968	1976
1230	1256
3651	3750
3172	3225
2005	2482
2668	3093
993	1484
3599	3636
1997	2369
2794	3119
2715	3312
896	1857
1912	2380
2374	2604
2500	2611
3019	3285
1980	2061
2741	3238
199	288
2109	2165
1334	1352
2229	2492
1588	1866
2064	2083
2369	2408
1741	1833
1153	1160
560	561
1211	1826
2765	3239
1433	1705
733	839
1938	2088
3590	3629
1205	1604
1284	1479
3150	3351
1205	1391
2127	2436
3049	3106
3295	3415
2944	3000
2225	2284
148	272
1217	1536
2323	2374
1694	1740
2664	2777
1948	2315
1271	1816
1916	2102
2391	2553
1182	1609
2964	3062
2299	2601
1211	1610
2812	3403
1123	1590
579	680
426	524
1761	1810
483	1638
1917	2409
122	280
2037	2154
3201	3360
3040	3090
1946	2467
2849	3252
2864	3324
2743	3000
497	524
1465	2194
2053	2332
2003	2304
2937	3035
56	239
1577	2224
908	1337
1997	2084
1941	2604
2892	3412
2354	2485
2926	3429
3184	3226
2777	2920
1366	1634
1684	2854
3492	3556
115	214
1984	2606
355	489
2696	3140
3288	3397
2409	2500
3437	3651
1118	1648
2600	2625
2324	2464
2747	2831
2829	3241
2187	2333
3148	3306
1375	1669
1944	2298
373	428
391	423
2049	2397
2384	2642
1984	2492
1315	1903
2309	2619
1938	2468
1516	1689
1684	2911
3437	3811
2115	2550
373	446
922	1305
2290	2469
916	1643
2750	2905
724	777
1004	1741
2407	2631
1663	1669
3173	3221
439	445
2381	2607
1135	1613
2009	2571
2045	2331
1255	1800
2151	2180
1050	1779
2940	3293
2064	2428
475	513
3455	3713
1014	1451
1330	1605
2020	2098
1971	2326
1211	1800
3077	3263
954	1020
1964	2322
1991	2620
3532	3777
1204	1893
2742	3070
1024	1352
3033	3065
1327	1663
2806	3234
3179	3298
2401	2466
1172	1554
1199	1447
3116	3247
2698	2927
2026	2608
3265	3280
2352	2573
2839	3142
1736	1772
2148	2187
2463	2510
2123	2131
419	527
2268	2617
107	1797
2345	2560
1001	1536
1243	1833
2347	2462
1396	1595
88	242
3196	3253
2093	2391
2007	2537
2973	2976
2078	2381
2386	2601
107	1710
1953	2559
2927	3387
1066	1099
2754	3195
3511	3706
1540	1891
2026	2550
2782	3174
1059	1416
3046	3360
1125	1888
1653	1735
1019	1587
1101	1800
2087	2384
2689	2943
1912	2515
2758	2964
1291	1547
3576	3938
1226	1536
1524	1580
348	440
1912	2080
2058	2154
2757	2916
2554	2600
2992	3017
1684	3185
3610	3953
419	423
1591	1871
1078	1757
2115	2409
1006	1823
0	52
1983	2476
2059	2600
1750	1819
2336	2419
1930	2260
414	610
1001	1349
1250	1589
1204	1426
0	103
2870	3186
2720	2937
1211	1757
2357	2587
592	677
2680	3339
3064	3149
1689	1867
2115	2309
768	839
2139	2359
705	814
1235	1587
31	129
3108	3339
1275	1418
2679	2946
0	2
1942	2088
1078	1160
2862	3324
2032	2174
2267	2302
2715	3146
2115	2339
1652	1795
2679	2754
2849	3076
439	527
2306	2646
531	547
3629	3713
252	277
3842	3971
2320	2426
376	1374
107	1156
3307	3374
1074	1522
2927	3054
2289	2491
2863	3320
1433	1687
1610	1799
0	126
1329	1554
1524	1557
1086	1652
2527	2595
2303	2391
525	567
2738	2988
3962	3968
3492	3841
1068	1849
414	630
953	1289
1345	1903
2754	2910
1447	1717
1582	1729
2901	3167
930	1616
348	380
2139	2323
1153	1619
1800	1879
1126	1754
1373	1824
2065	2302
1078	1750
2985	3348
3016	3239
3390	3394
1139	1259
23	144
2328	2344
1439	1471
2924	3293
324	332
1175	1612
2909	3399
1024	1125
1514	1878
2702	3330
1932	2533
2331	2376
2133	2461
3026	3184
2741	2874
1190	1459
944	1738
2190	2261
795	813
1995	2639
2123	2655
2086	2290
1126	1184
2698	3117
1426	1515
67	252
983	1289
739	797
3437	3928
2056	2299
1632	1700
2367	2510
2174	2581
2369	2386
2229	2549
2131	2464
3108	3149
387	412
2109	2323
2877	3348
1709	1770
2410	2543
2189	2649
605	678
1175	1255
3601	3906
363	1374
1170	1412
1953	2356
3038	3391
978	1551
1420	1799
2931	3085
906	966
1938	2308
1987	2305
1101	1361
107	1456
1987	2042
2172	2504
3034	3089
1227	1611
925	1659
1191	1608
1963	2142
1512	1878
3667	3873
896	1459
2586	2625
2133	2187
1191	1230
768	833
1986	2418
2482	2564
3484	3501
1964	2384
403	470
898	1742
1658	1823
3437	3692
3548	3908
3017	3060
1986	2423
925	1079
1577	2355
1954	2273
720	790
1191	1827
3495	3609
947	1668
1985	2069
2280	2294
2916	2943
2059	2625
3529	3972
914	1897
348	565
1970	2344
2047	2174
2058	2244
108	184
2763	3056
2290	2354
67	277
932	1604
2331	2625
1964	2197
1279	1636
2827	2929
1107	1843
1014	1102
2104	2623
92	302
1081	1099
1266	1441
1024	1604
200	271
1356	1453
2197	2313
774	853
3501	3841
2611	2630
2123	2212
1533	1629
1980	1991
1078	1665
999	1006
1054	1795
2131	2542
2039	2394
3089	3287
2414	2485
1810	1827
1517	1813
2921	3406
1227	1347
2353	2386
2573	2579
373	421
2284	2648
2369	2576
960	1388
2093	2607
1172	1842
952	1420
1559	1799
1979	2188
1363	1493
2160	2361
1952	2368
1577	2028
107	1650
2664	3324
100	119
490	548
1044	1315
2053	2057
2401	2513
2978	3130
2398	2399
2581	2610
2087	2436
1352	1782
1613	1617
1100	1715
916	1294
1079	1750
142	334
1591	1628
3684	3702
2680	2974
3506	3631
2253	2430
2174	2250
2097	2225
2913	2986
1899	1907
2733	3258
2473	2508
603	605
119	170
21	134
2218	2484
2352	2556
643	675
1306	1366
366	400
2674	3291
2117	2138
2261	2495
2093	2579
3079	3320
2052	2071
2059	2090
1912	2517
1286	1591
411	498
3288	3355
2290	2506
2878	3346
3557	3640
1173	1663
1173	1509
0	146
1059	1290
2038	2458
2212	2331
2323	2391
957	1231
2679	2810
2012	2365
1981	2434
525	536
2046	2123
2395	2477
2083	2108
1435	1699
2669	2679
2915	2967
2346	2538
903	1137
2264	2547
3742	3861
136	2589
2506	2526
3596	3779
972	1431
1946	2140
1159	1591
2520	2550
1024	1610
922	946
1358	1631
1584	1818
2853	3102
2143	2377
2055	2615
896	1432
993	1460
2445	2597
2482	2543
1940	2333
0	35
2927	3108
3471	3543
2131	2376
2005	2271
1302	1826
2334	2460
78	273
1626	1817
194	266
2102	2148
2986	3228
3482	3698
2078	2611
1230	1662
1059	1175
901	1118
959	1409
931	1910
2212	2586
2084	2520
2040	2575
2438	2537
1972	1973
1247	1429
2376	2559
2786	2927
1271	1804
517	536
2800	2810
2282	2302
1941	2482
2920	3304
2816	3256
906	1407
2896	2916
1371	1533
1997	2093
2150	2306
107	1854
1028	1365
1302	1839
2108	2624
2729	3364
2165	2381
2078	2591
2102	2285
2539	2607
937	1106
1390	1752
136	2068
1941	2410
2279	2333
617	619
2711	2825
2912	2956
2067	2300
2958	3048
978	1603
3000	3078
1773	1881
1078	1849
2329	2559
2973	3360
1926	2111
1070	1412
3096	3226
2398	2543
1981	2161
941	971
2087	2302
3794	3924
3376	3402
2229	2607
2133	2175
1166	1316
2102	2328
1577	2191
3454	3621
2242	2452
31	291
1349	1744
2672	3274
2033	2115
3073	3137
2104	2625
1912	2120
80	315
2667	3353
1917	2646
2058	2093
1069	1809
1472	1781
2896	3117
2103	2520
930	1526
1363	1548
2093	2601
2564	2578
2472	2571
1029	1835
2175	2286
496	513
2037	2299
1609	1643
2093	2142
2213	2492
1957	2365
1769	1774
3060	3112
1962	2654
1539	1622
1926	2138
1271	1488
1056	1864
181	275
2988	3123
2102	2567
26	334
792	807
2299	2356
2268	2547
976	1122
423	645
359	452
0	56
1683	1717
2233	2311
2823	3350
1391	1570
2616	2653
2713	3406
1344	1399
2787	3327
1739	1904
348	377
897	1084
2073	2607
1165	1866
1979	2233
2237	2257
2918	3236
107	1618
3202	3324
483	1812
1207	1665
2149	2203
925	1076
2506	2624
924	1258
1923	2272
964	1739
3052	3232
2047	2465
3115	3132
1037	1338
2327	2394
2104	2112
1621	1718
2258	2329
2117	2305
1117	1153
186	252
3609	3633
2741	3399
2920	3054
1329	1584
588	618
1250	1765
1379	1462
3321	3380
2086	2104
588	654
1160	1256
517	1487
2844	3395
1198	1600
2069	2556
1122	1574
3668	3945
513	527
3930	3934
1175	1823
1086	1679
3501	3796
3233	3240
2223	2294
2030	2334
56	142
1458	1863
3019	3203
1577	2653
1259	1709
1960	2405
1966	2045
2134	2555
967	1026
2118	2354
1167	1703
479	515
982	1864
2705	3085
2030	2261
1271	1868
2864	3054
2783	3255
1294	1844
2974	3220
1991	2583
588	619
1129	1764
2224	2302
398	527
3677	3828
2925	3228
98	332
1079	1796
2107	2411
1600	1683
2326	2484
1426	1903
414	654
2203	2239
1983	2512
2056	2468
960	1431
1086	1192
3446	3531
1963	2586
1652	1689
3190	3341
1449	1799
686	721
2811	3331
1924	2207
2132	2247
2118	2446
2738	3114
2951	3411
2395	2446
1998	2050
1018	1324
2005	2073
2180	2598
1598	1809
2858	3075
1918	2026
2098	2630
1123	1271
2819	3272
2201	2478
3437	3780
1164	1391
1540	1652
2103	2104
0	78
2663	3104
389	1275
3492	3496
2250	2279
576	659
2433	2499
924	1525
2666	3226
414	584
3870	3947
3663	3921
2427	2611
1997	2311
1009	1235
3063	3072
431	545
2259	2379
100	323
1288	1370
3635	3930
1917	2123
1199	1280
3644	3850
132	303
2103	2619
2319	2617
2004	2620
13	223
2344	2629
2295	2519
1083	1449
978	1621
2897	2960
3658	3785
603	644
2261	2370
3557	3858
1919	1998
980	1746
2002	2537
1010	1035
2661	3297
1976	2018
2395	2539
1257	1404
1211	1735
2095	2500
1516	1757
2169	2336
1059	1721
2055	2506
1613	1717
1318	1358
1768	1772
3077	3162
1240	1353
1211	1621
2713	3082
2854	3023
2376	2630
2602	2615
3116	3381
999	1361
1979	2037
402	513
3672	3684
1331	1902
1192	1502
2381	2591
876	886
2786	3026
1391	1584
1137	1568
3680	3822
2250	2516
781	829
3016	3214
3522	3677
506	610
1413	1647
1371	1601
2729	2755
3525	3780
1039	1331
2062	2629
1068	1160
404	538
2965	3378
2292	2473
2018	2447
2701	2976
2043	2414
2088	2564
1926	2345
1995	2417
1916	2318
2433	2624
2267	2285
0	268
1214	1839
1296	1504
2074	2307
514	524
2069	2468
713	833
1272	1449
1307	1593
2005	2069
2136	2408
281	309
1135	1431
998	1330
2681	2741
3481	3649
3284	3348
3285	3366
2849	3406
2007	2234
348	399
995	1431
1121	1482
2786	2877
3437	3628
1420	1612
363	409
934	1334
1925	2381
1684	2990
122	323
2536	2630
1926	2254
1309	1454
2188	2309
2945	2977
2951	3162
2377	2555
2960	3232
2958	3279
2950	3395
1467	1662
1925	2124
1530	1795
2419	2641
2786	2916
824	843
2139	2290
1250	1597
2832	2863
2738	3014
1163	1800
2328	2427
1683	1769
2161	2451
2081	2598
2206	2575
1216	1378
2171	2620
954	1824
32	137
1918	2108
726	821
3466	3881
980	1290
3346	3366
3558	3969
693	778
2142	2220
1337	1537
938	1837
3106	3344
702	822
2071	2498
2694	3250
1995	2050
2588	2598
2991	3082
3541	3725
3237	3324
3437	3873
1938	2578
1375	1724
1079	1185
1959	2498
2763	3193
0	131
1047	1867
2553	2619
2786	2981
1117	1483
2669	2927
2836	3005
2145	2289
1798	1895
1420	1761
2988	3026
2689	3135
3096	3384
2024	2268
2507	2615
1256	1524
1055	1431
1559	1723
56	67
1589	1730
201	259
3086	3295
1375	1789
1604	1772
1056	1663
1946	2563
2482	2601
3714	3924
1993	2095
197	284
3546	3811
2304	2475
1955	2032
862	3609
2037	2069
3687	3790
1502	1786
1010	1472
2309	2554
2164	2253
2853	2894
1273	1286
1352	1730
1080	1660
2088	2561
2549	2604
1456	1622
3114	3394
2117	2283
942	1373
2222	2274
2075	2280
1985	2423
1043	1889
1744	1829
1042	1167
1113	1878
483	1324
23	175
2074	2504
366	637
1684	3106
3540	3797
1390	1791
0	19
3437	3557
1191	1323
1059	1522
1514	1893
1935	2585
2500	2573
1553	1861
2059	2188
5	180
2122	2244
1032	1786
2743	2986
470	531
1912	1936
3101	3332
1447	1470
2103	2551
67	196
6	319
2184	2409
2616	2629
2033	2586
3517	3877
2183	2279
2720	2783
1313	1358
3610	3950
1184	1516
1971	2464
606	1882
2306	2340
226	333
3621	3721
2293	2597
1332	1766
3206	3391
1214	1329
2992	3101
3591	3593
2282	2285
2354	2601
1352	1780
2698	3195
2887	2988
1091	1668
67	285
2184	2429
3534	3535
1945	2332
2854	3234
2364	2640
1467	1516
414	563
2290	2418
1985	2376
1449	1707
3012	3072
1487	1853
2746	2925
819	848
2520	2619
2200	2489
2131	2300
2377	2567
1757	1768
2682	2900
577	578
1126	1520
1940	2163
1945	2268
921	1888
651	1679
2190	2257
1369	1836
2042	2153
1966	1985
1014	1706
417	515
932	1029
2728	3018
1987	2254
2150	2601
647	665
3528	3542
353	641
2395	2485
2102	2273
1017	1219
3019	3051
2273	2616
107	1247
1986	2109
3162	3207
606	1677
901	1548
2460	2593
1610	1663
2936	3152
1173	1539
2996	3275
1302	1888
1985	2484
1563	1622
1917	2410
2077	2504
1986	2615
2951	3196
1912	2612
9	272
2216	2560
1082	1587
3703	3831
1191	1447
1948	2372
2728	3279
688	752
3070	3198
3034	3360
1624	1770
1302	1835
2276	2374
3116	3434
2132	2491
1933	2577
1941	2169
107	1681
186	223
3518	3687
2578	2590
2164	2630
2271	2469
2742	2939
1230	1331
2240	2469
950	1687
1619	1632
1390	1402
2485	2611
1006	1367
1350	1413
299	346
3647	3799
917	1299
2268	2597
919	1729
3054	3232
1584	1819
1150	1476
1222	1730
2007	2588
934	1608
362	463
2283	2589
400	497
363	500
2057	2445
2267	2325
3906	3973
620	672
3062	3162
3085	3238
1191	1222
3068	3168
0	54
2730	2938
213	291
378	434
824	840
1347	1899
101	242
2191	2598
1880	1892
3025	3363
1663	1741
1331	1665
921	1768
2113	2313
1135	1800
1009	1104
792	830
3082	3260
2679	2887
1471	1712
1983	2131
896	1129
430	439
697	819
1946	2058
1475	1818
1156	1456
916	1211
3004	3284
1135	1888
2494	2660
773	815
1985	2307
2689	3022
896	1324
272	281
907	1172
3680	3714
2447	2660
2059	2561
1644	1793
644	666
1120	1715
2274	2652
0	300
3309	3325
475	651
1255	1659
3577	3633
2253	2306
2692	3233
2078	2124
1334	1612
1684	3368
1101	1714
403	547
2812	3365
1684	3215
1015	1592
2002	2068
1946	2179
3039	3378
1132	1809
1912	2096
3757	3759
1912	2350
1081	1515
2719	3240
1032	1286
1044	1235
1370	1622
2800	2867
1132	1603
2434	2537
432	557
376	531
3108	3426
3718	3951
2778	2904
2124	2359
1123	1612
2786	2986
1126	1370
896	1691
1577	2315
1918	2467
483	1870
1652	1819
2218	2499
2118	2429
107	1627
1112	1771
1567	1705
2730	3043
3087	3313
2239	2480
2669	2944
1536	1574
2020	2546
2698	3400
1059	1370
897	967
2072	2533
2772	3406
456	511
2212	2549
1555	1705
1211	1609
3437	3549
580	1882
2090	2478
1219	1665
1030	1237
615	658
1835	1902
1314	1802
1729	1894
3625	3674
2471	2533
2137	2398
3549	3814
456	494
2003	2344
1376	1741
2176	2522
1161	1626
2043	2233
1026	1391
3488	3545
2739	3240
2045	2354
2511	2598
2782	3085
921	1255
1912	2062
305	312
198	501
995	1214
2052	2511
2209	2637
1919	1999
924	1496
473	561
1945	2117
2863	3185
67	332
1961	2535
2348	2550
3539	3823
2331	2630
483	1786
2356	2561
27	324
1189	1507
2854	2927
2381	2619
1998	2647
3437	3584
2823	3261
2083	2090
108	320
698	869
1339	1532
1622	1675
2332	2598
2872	3426
2187	2282
1283	1858
1361	1447
3438	3480
2890	3384
1154	1295
3038	3252
713	787
1456	1652
467	532
1635	1859
2071	2138
3545	3938
1839	1909
1020	1454
2030	2500
2091	2162
1194	1586
770	828
2058	2092
3590	3740
1110	1622
197	320
2775	3366
2334	2369
107	1907
2748	3378
2223	2592
13	119
122	332
3038	3277
3032	3255
400	566
2253	2550
932	1409
82	119
1467	1528
559	561
1938	1971
3089	3118
2944	3149
1979	1989
2049	2248
1985	2104
2359	2462
1370	1823
1344	1721
2132	2273
1800	1898
2040	2278
22	277
2661	3419
1315	1573
2077	2216
1104	1221
1067	1576
3019	3386
2428	2563
658	659
3663	3862
107	1786
2172	2591
1272	1402
1269	1513
1163	1447
1452	1493
1344	1724
2705	2867
2111	2510
3248	3383
727	756
3830	3968
1149	1589
1004	1632
1717	1800
2488	2628
2944	3417
3486	3711
2293	2332
1006	1361
2307	2464
3220	3417
600	675
2324	2467
3002	3118
142	297
239	272
3522	3592
2307	2339
3608	3921
2129	2260
1344	1888
686	849
2383	2546
438	444
2773	3084
4023	4034
1003	1175
1345	1893
1086	1367
1101	1547
1447	1598
1913	2116
2901	3150
2121	2553
2098	2520
2206	2482
2786	2977
1516	1810
566	637
2546	2601
2125	2582
1274	1908
1135	1377
2715	3087
455	529
1549	1624
3526	3769
2148	2328
556	559
2057	2210
1741	1898
1323	1835
2154	2188
1195	1608
2215	2254
1604	1620
2936	3373
2124	2631
2445	2463
2853	3344
3026	3158
1489	1503
2055	2370
1009	1655
224	304
3046	3393
1997	2500
3042	3426
2797	3320
1083	1809
0	25
2359	2477
2577	2628
1984	2482
1078	1456
56	223
1943	1993
1243	1352
2184	2552
1135	1352
3161	3225
2853	3277
1946	2307
999	1437
3526	3590
1613	1632
954	1502
2339	2376
1081	1742
1635	1903
25	283
1912	2533
1256	1457
2698	2969
1373	1893
66	304
1104	1680
2278	2308
2294	2471
1250	1652
993	1768
119	313
2484	2604
391	506
2867	3085
2724	3168
709	840
745	829
3013	3175
2538	2647
0	237
953	1447
724	752
1917	2407
2348	2556
618	666
3049	3291
2218	2308
1221	1727
1242	1750
1335	1594
1366	1738
1980	2647
1226	1415
1146	1149
3123	3400
507	515
1985	2271
1086	1603
2338	2629
1941	2608
31	338
1082	1899
2665	3082
3291	3396
1554	1610
3838	3902
1335	1823
997	1620
2691	3037
2044	2454
1917	2046
271	304
2755	3238
1124	1437
1242	1339
2328	2567
1543	1870
2905	2966
2032	2599
1422	1487
2090	2602
1658	1897
1059	1520
400	606
1993	2103
1275	1869
2056	2189
3440	3525
1289	1598
2770	3116
3034	3067
2133	2291
634	647
2271	2574
2161	2394
1373	1706
2511	2594
2742	3391
2140	2539
368	517
2241	2434
2063	2261
1479	1691
1329	1334
2102	2508
2288	2345
2848	2876
213	308
1912	2309
2348	2520
1948	2436
2662	2716
1522	1659
995	1083
1972	2657
2278	2324
2910	3117
1958	2647
1912	1953
1465	2289
485	518
2756	2839
731	766
2009	2647
2477	2560
3090	3231
2904	3321
2694	3096
1377	1757
3644	3747
1048	1377
2074	2446
2831	2832
1146	1603
1955	2398
2500	2539
1938	2532
769	811
1946	2030
3677	3692
2340	2478
1010	1366
1465	2385
1406	1704
1659	1683
1026	1685
2339	2381
2226	2475
107	949
2077	2549
1565	1602
1791	1842
3518	3545
1006	1039
1215	1495
3448	3943
149	162
2469	2556
2163	2643
414	633
1946	2324
1989	2625
1989	2501
2992	3027
1404	1475
2047	2277
3437	3551
903	1232
1075	1222
162	333
2549	2560
0	170
2244	2429
925	1886
2347	2623
1520	1791
2447	2459
2626	2657
1319	1733
3830	3966
3196	3365
2176	2187
348	407
2053	2135
412	460
1583	1884
3793	3866
1135	1589
742	746
1735	1888
1645	1694
2813	2826
1014	1067
3060	3079
3097	3340
3288	3360
2095	2600
3722	3918
2246	2289
1688	1881
1268	1343
2300	2354
1192	1229
2928	3195
1916	2461
2046	2543
1986	1989
107	1031
2742	3021
906	1659
2148	2461
484	1173
3475	3828
1101	1789
1338	1366
906	1256
1091	1619
3980	4013
1029	1377
1940	2461
2122	2326
1684	2947
927	1146
2069	2423
1006	1390
1661	1783
1577	2047
524	542
1023	1073
2761	3390
2077	2553
2200	2433
1159	1435
2131	2520
2200	2500
1390	1572
1714	1789
1126	1195
1076	1752
1923	2145
1986	2104
1156	1653
1737	1827
2907	3220
1148	1611
567	604
2468	2550
2778	3100
1349	1790
2199	2343
1617	1662
0	186
1123	1305
1269	1637
1718	2289
701	842
1912	2621
2970	3391
2149	2155
3196	3236
2551	2578
2786	2896
1584	1864
3115	3378
3448	3779
2087	2259
208	285
2839	3324
2863	3151
2093	2154
2060	2404
537	545
2283	2608
2170	2650
1820	1848
3321	3327
1768	1774
644	664
2730	3244
1340	1572
2890	2993
2376	2655
1347	1413
2846	3397
2343	2516
1161	1540
2232	2259
1375	1771
3596	3677
778	819
905	1263
2311	2560
1587	1591
3204	3277
1684	2684
1941	2244
3150	3154
2927	2944
1063	1488
2187	2293
195	275
3450	3804
3478	3960
2295	2543
484	1349
2992	3377
1979	2122
967	980
2770	3021
1213	1783
2664	2969
2865	3385
2717	3348
1361	1796
729	886
434	458
1917	2430
2135	2347
747	828
352	492
1431	1610
1041	1472
1390	1879
1131	1748
2201	2340
1588	1803
1236	1260
2047	2211
703	880
1124	1352
2171	2627
1332	1801
2339	2433
2233	2308
2127	2333
2062	2280
348	402
2694	2738
1752	1888
1704	1706
2138	2180
2184	2359
932	953
1021	1281
945	1406
107	1191
553	644
2253	2549
2274	2479
2409	2607
872	873
1252	1254
1124	1520
3070	3391
2091	2361
2784	3214
1684	2935
1126	1752
1198	1375
1984	2532
2276	2638
704	777
1964	2342
2526	2539
2309	2579
1947	1970
985	1634
3172	3347
1972	2024
1985	2549
1316	1322
925	1675
1167	1536
252	322
107	1439
1959	2420
2123	2477
1971	2348
3672	3702
2806	2944
1271	1610
2081	2223
1688	1877
395	514
1509	1752
1494	1593
1522	1590
2011	2171
3894	3963
1322	1573
2307	2492
964	1005
766	805
1159	1507
912	1808
1985	2492
2075	2132
1151	1501
1320	1740
3078	3226
2278	2578
4	195
1953	2266
2328	2429
2313	2325
3190	3275
2005	2586
3026	3362
2254	2330
1107	1431
2090	2122
3118	3377
1947	2652
1179	1606
927	1669
1131	1472
2996	3136
2310	2419
1149	1376
1021	1729
3308	3398
1917	2108
2542	2579
1926	2186
1637	1669
2112	2551
2049	2570
2128	2292
2667	2711
745	817
1146	1612
2266	2478
1184	1287
896	975
580	931
2098	2190
2410	2604
417	497
1006	1456
2221	2344
3714	3793
2110	2396
2812	3249
2179	2352
1480	1590
2458	2608
1423	1462
3298	3396
957	1691
1518	1537
2231	2488
2266	2387
2324	2590
2347	2530
483	606
2203	2268
1534	3361
2065	2154
1322	1569
1355	1699
475	1313
1160	1804
2786	3174
1215	1413
49	255
922	1858
2007	2268
3593	3906
2043	2504
3706	3794
1963	1993
1983	2506
1993	2477
2075	2333
2055	2324
3011	3350
914	1408
1037	1525
277	291
2668	2946
1946	2271
3019	3207
1948	2283
1420	1613
1365	1737
1409	1734
2046	2093
374	492
1017	1612
3116	3419
412	549
2278	2392
1623	1717
1013	1385
2051	2632
1376	1431
2115	2604
1931	2658
2309	2376
1238	1559
2233	2553
2564	2575
947	1721
2430	2446
2666	2689
2793	3154
2912	2986
2064	2586
1106	1785
1972	2647
2800	2906
456	465
2253	2601
2174	2582
1181	1879
1006	1663
1076	1391
2719	3406
1536	1738
2139	2386
3737	3800
1004	1437
2257	2464
1984	2561
944	1169
3019	3079
2564	2631
1012	1778
113	291
2039	2203
524	590
935	1007
507	523
2108	2278
1315	1459
3307	3406
2723	3215
473	539
1600	1867
697	823
1149	1613
2549	2611
2059	2276
1012	1400
1153	1714
2076	2426
398	445
1662	1823
3172	3353
2069	2309
1205	1551
3038	3351
2199	2543
1984	2356
606	1113
1327	1836
2184	2229
994	1366
1125	1810
2087	2336
3649	3898
1944	2047
1006	1868
2326	2409
2830	2951
819	840
2290	2619
1059	1341
933	1661
2719	3060
2084	2579
2189	2567
2407	2428
2254	2319
1028	1185
2302	2330
3061	3398
142	252
1968	2659
1229	1279
2154	2201
2881	3185
1470	1768
1962	2601
947	1832
930	1155
2664	2925
1804	1833
2803	3178
1943	1985
2843	3255
2250	2312
828	840
1128	1554
1153	1761
2909	3047
1146	1721
2121	2586
427	496
2218	2300
483	1680
353	637
686	764
2607	2619
1056	1329
1684	3331
1559	1826
2749	3348
3145	3422
3539	3890
2184	2539
2366	2612
3986	4014
2153	2325
2681	3014
2032	2283
1802	1895
2994	3433
1684	3253
1022	1650
2356	2654
923	961
2213	2218
2336	2501
1972	2018
1334	1525
495	507
1307	1866
1684	3105
1014	1373
1330	1826
107	1782
1318	1606
1975	2035
2261	2574
128	172
1611	1841
2096	2328
526	1557
107	1262
1948	2347
1017	1125
2892	3285
2176	2333
1914	2284
3465	3579
1932	1994
1159	1738
136	1998
412	533
2715	2881
948	1870
1912	2122
1070	1634
781	817
3201	3411
357	419
107	1009
630	657
1943	2033
3056	3363
2201	2602
374	544
1912	2581
1735	1799
1943	2601
2929	3047
483	1148
2543	2594
705	772
2577	2587
1348	1681
32	167
2958	3111
2796	3378
2742	2778
1323	1791
2607	2625
903	917
5	122
2240	2623
3116	3272
724	786
2712	3120
1197	1544
1056	1391
3437	3871
2823	3320
2151	2471
1290	1557
2083	2590
1078	1663
1571	1833
2777	3085
1299	1310
1331	1827
1320	1332
3440	3684
2184	2559
1173	1674
2188	2543
1839	1898
1340	1827
2111	2420
40	213
997	1331
372	558
2164	2233
1010	1170
1912	1934
0	294
2142	2339
3604	3838
989	1680
2758	2780
1120	1636
1180	1388
2681	3228
2549	2590
2575	2601
3633	3674
2394	2649
1471	1879
952	1539
2847	3263
1352	1623
2090	2220
1409	1620
2030	2625
601	644
2085	2265
2083	2201
1081	1282
2054	2224
2347	2508
1156	1746
1288	1810
1209	1291
2332	2512
2477	2485
366	1882
2354	2549
2005	2564
770	797
747	820
1204	1284
1126	1198
412	558
2123	2353
1250	1867
1984	2165
2687	3089
2772	3242
3240	3434
2299	2395
686	808
3437	3801
2806	3417
2299	2591
1580	1888
1318	1881
2103	2430
2985	3040
1684	2929
1569	1807
2056	2615
2046	2446
3082	3169
2319	2355
936	1606
838	856
1291	1707
1312	1768
2742	2989
1343	1910
2194	2463
2983	3066
1163	1431
2823	2828
2118	2600
3831	3968
2700	2791
954	1382
1687	1708
2127	2372
1538	1839
1380	1665
1148	1587
1945	2510
2773	2994
1032	1638
1102	1451
1495	1820
1839	1886
1029	1238
1101	1619
3714	3803
1075	1539
1352	1772
2916	3304
2039	2052
1300	1673
213	246
637	1155
310	337
3757	3899
1718	2185
107	1501
2021	2244
2077	2200
3095	3324
3214	3253
1288	1547
2257	2553
1955	2384
2793	3021
1331	1610
2017	2421
2445	2616
2087	2174
1919	2538
1201	1377
412	538
1912	2126
2089	2231
169	332
1459	1655
1323	1663
686	844
1239	1399
3082	3120
1964	2296
3232	3324
397	570
2392	2430
3437	3919
3558	3958
1718	2117
709	824
1146	1165
1946	2477
107	1379
2509	2537
2108	2654
2088	2602
2033	2078
1167	1246
1989	2030
2102	2325
1196	1272
2005	2030
687	718
2352	2428
3262	3396
2275	2467
1548	1601
1736	1842
2188	2324
3135	3158
2720	3224
2347	2384
927	993
2680	2694
2282	2394
2244	2593
1927	2627
2069	2536
2741	2777
2943	3226
2411	2497
1938	2083
1986	2395
1019	1884
2478	2584
2212	2631
1265	1323
1389	1761
2131	2370
3711	3792
2266	2376
415	545
3219	3337
1931	2009
2098	2492
3179	3261
625	684
2801	2865
1637	1768
2246	2328
1192	1691
902	1873
2146	2411
1329	1835
2877	3047
766	820
651	683
2699	3008
2199	2313
1339	1752
142	303
1059	1544
580	1374
1341	1416
2828	2901
1912	2421
2069	2600
2376	2556
2040	2404
2786	2960
2078	2489
1499	1562
526	1237
3552	3830
2218	2526
2831	3124
1213	1259
2233	2381
1684	3264
2763	2913
3542	3611
348	451
198	348
3614	3945
1684	3092
136	2189
5	158
2074	2184
3465	3675
3319	3350
2810	2940
2433	2542
2366	2592
1160	1741
2068	2572
2104	2395
3017	3385
3267	3419
2043	2606
2332	2351
493	503
1712	1717
2352	2542
1288	1741
49	192
2173	2405
2986	3284
2282	2419
2500	2623
1587	1899
1993	2590
2095	2433
1963	2033
2986	3348
1542	1793
2002	2518
1048	1287
2894	3261
2348	2553
2132	2274
348	414
3220	3363
1238	1280
2329	2363
1983	2121
2144	2598
1231	1591
1612	1827
1652	1867
1945	2224
2033	2073
2750	2880
1979	2546
3224	3321
2340	2446
2666	2827
2423	2600
252	334
133	322
2081	2588
948	1012
1222	1559
1175	1707
2532	2593
800	823
461	645
2346	2659
902	1448
3475	3611
2077	2323
3114	3137
1335	1712
2765	3416
2729	3026
1621	1685
2772	3214
925	1523
3149	3174
2084	2261
2084	2507
2233	2340
2154	2573
2733	2937
2206	2468
698	805
2886	3126
2188	2586
2730	3136
708	800
1101	1752
1917	2418
1563	1643
1018	1454
353	1427
1765	1819
3826	3924
440	449
1104	1812
1993	2190
1298	1903
2271	2278
3569	3947
413	542
1614	1888
107	1471
2573	2619
1966	2464
0	4
1328	1410
2266	2507
2096	2501
1971	2468
1076	1520
1523	1891
1912	2435
2796	3267
456	493
3469	3554
2661	3239
2023	2440
2266	2303
915	1636
2145	2313
966	1584
375	431
2003	2327
580	1565
1984	2124
2045	2299
3219	3395
3596	3841
2139	2477
3474	3634
107	1278
1266	1822
1447	1457
1093	1168
2282	2509
483	494
1078	1735
713	853
428	497
1076	1813
3321	3355
1988	2320
142	277
2734	2840
1195	1431
2189	2584
1230	1491
1302	1707
107	1132
2140	2404
1687	1806
1940	2294
1522	1632
2071	2127
913	1183
2060	2309
2490	2622
1981	2328
2214	2318
2090	2253
1614	1782
3203	3224
1389	1551
2676	3022
3378	3419
2759	3237
1517	1685
2816	3152
906	1344
3185	3320
2461	2498
3664	3696
2387	2532
2802	3106
2210	2309
2871	2932
1153	1285
2121	2359
2038	2232
1614	1669
1912	2342
2809	3026
1940	2042
2344	2347
2423	2460
451	493
732	789
2474	2570
908	1274
354	376
2247	2267
1465	2315
2172	2395
1642	2725
1954	2461
2190	2233
1021	1120
107	1097
2095	2331
1221	1315
2689	2944
2102	2282
2323	2631
2145	2366
2973	3160
1943	2218
1017	1123
2250	2582
3711	3881
348	456
2117	2628
1185	1484
1391	1449
1964	2162
2140	2347
1955	2222
1037	1703
705	853
477	554
2333	2529
109	203
2839	3023
2336	2588
2849	3396
2800	2945
1399	1556
2793	3240
1970	2525
906	1205
483	1284
2321	2341
1573	1595
107	1424
2180	2254
2357	2562
2011	2459
107	1120
483	1495
2237	2578
428	492
1066	1373
2769	3139
2782	2872
392	493
1981	2003
3706	3833
2664	2890
1572	1659
2135	2330
1926	2174
3140	3321
2282	2471
938	1333
2309	2469
2128	2355
2492	2506
67	158
1926	2475
1964	2416
2032	2302
366	1313
3406	3434
2150	2520
3051	3381
2561	2619
1941	2571
1432	1628
2081	2491
2160	2238
1962	2261
686	805
2777	2919
1040	1380
1652	1665
2906	2944
1454	1502
2340	2369
3633	3943
3201	3350
2005	2190
703	843
1330	1835
3642	3779
2448	2488
1331	1559
25	119
3084	3426
2095	2578
2032	2127
1520	1707
1128	1199
1985	2462
67	308
1305	1769
2663	2851
1170	1406
2758	3162
115	149
3605	3785
3596	3670
2800	3324
2385	2420
1378	1601
1621	1741
2267	2384
1409	1605
1104	1764
2686	2702
21	325
2623	2646
1148	1884
366	930
1017	1437
1048	1528
1448	1873
2020	2485
3633	3948
2215	2384
2472	2597
2762	3027
1017	1024
366	559
3468	3764
2118	2233
1290	1793
3821	3825
2410	2624
1076	1377
2124	2340
2188	2590
1472	1634
1299	1876
3101	3373
2992	3106
2563	2611
1912	2561
133	315
2972	3311
1949	2181
2122	2575
1079	1734
2159	2659
1997	2326
966	1305
1120	1227
1997	2200
3023	3324
2112	2559
107	1575
3102	3185
2363	2550
687	747
2183	2199
2126	2317
1322	1903
2266	2468
1926	2510
1006	1849
2874	3158
3448	3845
2111	2471
2877	3054
2520	2556
1916	2377
1050	1905
2738	2864
514	544
2981	3123
417	506
2030	2604
1258	1260
957	1379
2142	2631
1422	1692
3851	3877
2551	2552
1032	1893
1164	1675
896	1638
1184	1819
1125	1198
745	799
1712	1746
1237	1746
1971	2575
1619	1861
2766	2794
2112	2140
1621	1637
1271	1793
1462	1655
1795	1819
1098	1251
1267	1827
927	1819
1799	1888
353	560
912	1776
1971	2056
2283	2328
2297	2647
2174	2180
0	198
2174	2491
1219	1341
1483	1888
10	323
2171	2284
2038	2211
2418	2624
1941	2323
128	150
2780	3351
3677	3968
1623	1816
2730	2819
438	524
1663	1879
2147	2262
353	544
2679	2880
579	592
506	563
1117	1173
2210	2619
2404	2423
107	942
369	563
1491	1663
1010	1781
1059	1735
1114	1358
3335	3360
2074	2154
1146	1614
1917	2309
960	1612
651	936
3020	3201
1290	1416
2109	2229
1941	2340
80	180
1983	2408
428	1179
2213	2404
2719	2863
3721	3796
1998	2000
2868	3349
2022	2268
614	669
1971	2607
2669	3142
308	323
1958	2116
1940	2338
2681	2839
1966	2369
1	315
1075	1597
1551	1845
2955	3404
1004	1652
2516	2629
1153	1522
2384	2537
2302	2384
370	563
2247	2283
1688	1800
189	217
475	548
1292	1438
2887	2897
592	630
1638	1783
1300	1427
2786	3433
2125	2250
637	1104
2163	2224
1207	1571
2235	2451
641	1573
2773	2815
56	207
107	1562
184	329
3209	3345
1985	2600
962	1831
523	563
2553	2559
957	1459
1912	2032
2104	2139
2786	3213
3456	3609
510	528
981	1067
1926	2194
2054	2062
1059	1079
1467	1643
1329	1851
2047	2279
422	584
1613	1669
4017	4030
2919	3073
977	1169
3437	3725
2661	3252
896	1396
2023	2412
3449	3796
2042	2143
2216	2520
2713	3176
580	976
2165	2543
1192	1573
1086	1809
361	470
1024	1816
2993	3238
824	847
172	265
144	149
2873	2915
2564	2646
2809	3333
1577	2372
2253	2329
1135	1843
1330	1559
1187	1360
1080	1210
2154	2323
3127	3147
2705	2916
953	1688
1553	1579
2674	3150
3604	3633
1520	1590
67	322
2560	2613
2542	2607
2188	2408
1083	1390
461	465
2738	2953
2117	2555
2054	2187
1431	1457
2906	3056
1587	1857
2002	2128
1794	1910
2347	2615
3239	3344
3004	3417
2864	3433
2354	2573
1324	1875
3493	3969
927	1603
2026	2347
2340	2477
856	876
2259	2491
2663	3139
3314	3318
2347	2511
763	797
1936	2534
2309	2428
3472	3526
1912	2555
2147	2404
1123	1888
1522	1868
2416	2480
3448	3640
2140	2309
736	833
3160	3397
3994	4018
3000	3026
1093	1783
1970	1981
3482	3553
930	1878
2199	2315
2047	2296
1235	1392
2027	2639
2125	2196
3517	3851
1485	1827
360	463
2289	2310
1984	2631
1612	1795
1214	1483
1390	1580
2758	2955
107	1695
431	484
1912	2188
2010	2344
1955	2509
1225	1536
67	239
3162	3359
2068	2653
2719	2869
1302	1456
3670	3830
2171	2346
2964	3051
1497	1743
1257	1573
2206	2495
2060	2376
1118	1568
1287	1735
1526	1545
1932	2463
2210	2266
2206	2276
2308	2507
3616	3918
2927	3232
2109	2340
1238	1722
2915	2924
599	661
2370	2575
2087	2203
1945	2071
56	128
953	997
1684	2944
2719	2720
1986	2485
1397	1673
2914	3154
2526	2560
2372	2384
599	643
2755	3056
947	1752
580	1790
1802	1837
2446	2615
107	1743
2254	2285
2253	2578
2119	2371
2560	2590
1005	1507
1330	1389
1210	1294
1415	1672
3873	3948
3767	3803
2125	2302
1483	1669
1850	1857
1010	1828
1804	1861
1479	1573
3038	3330
1023	1861
2127	2289
422	438
2763	2920
3076	3082
2086	2495
1989	2123
2109	2124
3553	3835
1238	1868
2491	2649
2342	2448
436	475
1559	1761
2139	2485
2157	2645
2181	2497
1925	2084
370	666
2103	2561
2004	2494
3437	3921
1435	1523
1942	2449
2384	2445
2668	3177
1021	1129
1990	2534
1130	1750
2325	2509
3558	3758
2754	3004
1947	2221
2073	2306
1653	1757
2559	2655
2021	2484
2005	2324
3132	3239
1470	1835
402	515
917	1630
2074	2539
966	1222
2673	2912
2665	2955
2054	2398
2171	2657
445	473
1232	1333
3546	3894
2039	2338
954	1396
1126	1717
784	826
3120	3419
2138	2196
2064	2184
606	1444
1861	1891
1359	1571
3720	3923
1980	2116
422	601
940	1650
513	580
2218	2460
2828	3434
730	803
2055	2216
3076	3397
1917	2308
2356	2414
2257	2392
2145	2296
1945	2465
3207	3356
2937	2973
1863	1888
136	2653
2956	3047
1912	2061
2069	2630
1946	2638
1839	1842
3555	3956
98	223
1943	2040
2690	2730
2206	2559
631	679
3706	3870
1307	1555
3603	3640
3321	3344
2233	2300
492	641
1090	1725
2098	2611
2118	2271
376	482
1917	2404
3000	3238
0	161
395	456
1237	1427
1352	1689
1993	2536
1020	1475
2140	2210
1962	2213
2751	2913
2271	2539
3288	3350
1920	2047
1020	1820
2839	3098
959	1868
1684	2799
1078	1199
3386	3397
1971	2624
517	1446
2108	2600
2910	3363
1086	1291
1237	1692
916	1399
2958	2976
1849	1864
2742	3027
967	1867
1994	2498
963	1314
1518	1620
2543	2599
1608	1827
2520	2539
3076	3279
1954	2289
2151	2328
1230	1888
1243	1643
1377	1621
1720	1893
123	252
1024	1480
40	239
1577	2127
2312	2400
2682	3168
2090	2546
1642	2938
483	1514
1598	1772
1080	1437
1939	2390
1985	2363
705	807
982	1619
1943	2216
1471	1835
1487	1675
1288	1879
1024	1288
2266	2623
3102	3267
896	1322
3507	3511
3002	3224
1331	1662
2180	2434
1219	1707
2832	3275
1550	1576
3452	3545
385	436
2791	3136
3124	3335
2712	2991
1052	1121
2961	2967
1520	1799
0	70
322	342
2102	2133
941	1638
363	1122
104	303
2978	3231
2031	2473
2208	2347
3758	3782
901	1314
2034	2321
2939	3152
2819	3017
1222	1793
1172	1879
544	556
952	1352
2193	2411
1621	1879
1290	1390
508	542
916	1621
2689	2729
2675	3150
2081	2592
2257	2611
1291	1416
1181	1813
2078	2108
217	324
1452	1548
2088	2278
686	810
1932	2510
2216	2410
1370	1816
2419	2610
959	1380
3609	3779
1182	1584
1416	1613
1916	2042
1494	1567
2759	2909
1539	1540
373	408
3074	3127
1684	2795
1221	1298
1112	1886
1006	1402
428	563
2361	2371
107	1521
2783	2819
3528	3611
438	553
1480	1652
2933	2983
436	461
366	1012
1426	1591
1939	2384
3327	3421
1989	2575
1231	1728
107	1226
1839	1864
686	825
2135	2567
1449	1584
1242	1278
1636	1857
3506	3869
290	322
3643	3794
2674	3296
2212	2386
1919	2645
985	1090
2394	2432
2206	2543
1533	1733
3484	3831
2081	2133
2324	2581
1284	1345
1044	1448
136	1951
1398	1851
1800	1849
2102	2347
1416	1877
1811	1902
2040	2150
2187	2608
3563	3830
3082	3101
2109	2485
574	584
40	56
1080	1729
1968	2620
2112	2271
2002	2471
107	1394
1955	2302
1049	1329
1271	1331
1986	2139
1993	2020
2273	2327
2340	2600
2713	3344
3152	3288
3101	3106
1201	1470
2304	2642
2276	2408
2744	2772
2271	2624
2258	2611
954	1032
517	526
1617	1735
1131	1228
2307	2600
3561	3612
136	315
2320	2490
975	1862
1339	1827
2874	3135
1948	2153
2873	3384
2698	2940
1121	1507
1048	1685
2944	3026
1465	1920
2299	2593
3326	3342
2150	2404
1912	2607
1319	1837
1125	1662
1973	2192
978	993
2313	2614
1570	1620
2020	2381
1615	1698
2354	2646
1644	1795
2309	2524
3725	3912
2018	2640
360	422
32	93
2828	3335
1989	2115
62	141
2384	2510
2020	2553
2272	2637
2143	2319
2086	2154
3249	3421
3506	3648
2847	2859
3184	3213
1642	2677
1918	2033
517	1574
500	524
1793	1810
1582	1786
1683	1823
745	784
107	1697
2672	3145
1139	1469
696	830
967	1622
2064	2561
2188	2233
3437	3602
428	606
2101	2280
2071	2199
2881	3172
2991	3132
2399	2555
1347	1682
2244	2561
3452	3891
527	559
3633	3687
1793	1804
3185	3409
433	563
2109	2233
2150	2423
2763	3363
2506	2561
456	545
1513	1528
99	102
1048	1800
1502	1742
249	254
3017	3261
2264	2592
1256	1757
2916	2919
107	1339
2853	3082
1972	2192
2976	3258
1377	1467
1574	1778
1978	2314
2928	3417
2661	2970
1014	1423
1529	1770
2901	3070
734	760
2137	2543
1987	2087
2199	2510
2235	2501
2833	3051
2090	2576
1919	2011
1946	2549
3499	3617
426	504
2778	3419
397	457
1198	1816
2170	2622
2586	2600
1941	2611
2512	2582
1003	1191
2192	2365
1048	1816
1160	1330
2037	2139
1294	1801
363	1606
0	158
1155	1767
1655	1764
2000	2364
2299	2600
2904	3046
2103	2123
952	1377
2187	2302
3906	3931
2072	2254
2053	2543
507	563
3443	3956
2672	2684
2905	3348
1995	2494
3616	3638
1095	1604
2663	2978
2506	2590
2560	2611
462	532
2093	2428
1469	1496
2229	2393
2864	2966
1971	2542
1141	1667
2939	3351
2308	2464
1997	2078
2805	2922
2007	2567
2083	2604
1962	1985
2133	2292
1045	1360
3488	3902
1017	1076
1557	1613
2800	3085
2750	3324
983	1402
1983	2074
726	830
1305	1376
204	330
3367	3396
1621	1652
1986	2408
128	265
2145	2236
1101	1712
2038	2254
457	551
2201	2542
2124	2212
394	614
954	1781
2090	2578
599	670
2223	2319
2296	2367
1020	1871
2945	3220
1388	1714
2753	3320
1419	1909
2268	2508
1684	2851
916	1718
246	308
1445	1806
2754	3078
947	1491
2973	3240
395	461
2323	2573
2279	2417
2201	2300
2409	2482
3111	3219
3437	3624
2007	2409
1945	2420
1247	1575
2098	2201
2183	2246
2742	3297
1079	1532
1191	1570
731	810
1192	1873
2056	2184
1795	1800
1195	1563
1984	2386
1423	1647
2829	3001
2754	3202
414	635
2111	2134
2726	3045
720	739
3034	3319
1610	1717
3311	3325
2077	2623
2054	2609
1392	1628
2679	2924
1016	1138
2262	2576
2678	3057
2171	2658
1405	1639
2239	2512
2359	2489
2754	2919
1232	1895
31	200
2901	3140
3136	3385
1459	1841
2800	2927
1982	2327
1129	1841
2176	2512
2661	3179
1659	1689
1220	1331
1237	1673
1912	2090
107	1734
2494	2583
1160	1861
1985	2040
2229	2575
1192	1583
1983	2278
1331	1864
2663	2738
3548	3897
1608	1663
2078	2172
997	1898
928	1825
395	430
2755	3387
916	1125
962	1212
2087	2224
2064	2423
2742	2875
1331	1380
3087	3236
1684	3258
2718	3385
1993	2229
1079	1399
1483	1809
2268	2447
2027	2538
2806	3014
3001	3168
3023	3363
1427	1515
1092	1753
1471	1714
1198	1752
1966	1971
107	986
1655	1872
428	1210
2043	2150
2414	2462
122	261
1221	1286
2951	3051
2880	3286
1557	1623
2781	3291
1547	1665
2149	2246
1685	1775
1009	1066
2144	2289
404	484
1318	1446
2852	2943
497	565
2107	2403
3034	3385
1059	1685
3101	3416
2684	2708
412	434
2428	2543
2056	2576
2921	3342
373	637
520	544
2949	3028
2210	2233
1941	2282
1289	1714
3475	3526
1392	1611
144	151
2339	2504
2701	3320
1735	1833
3132	3169
3040	3232
2674	3265
397	420
1471	1483
2112	2433
2244	2464
2077	2190
1583	1680
1231	1350
2078	2549
1912	2016
2940	3056
1752	1861
741	781
0	270
2020	2306
2174	2547
3488	3605
2196	2332
695	830
2253	2464
2074	2354
3211	3330
2229	2324
2516	2519
3156	3385
2257	2526
2123	2275
3524	3782
1603	1619
3169	3291
2489	2539
2037	2619
1983	2240
2073	2507
1942	2067
2132	2555
1352	1557
3593	3782
896	1347
1382	1454
734	785
2124	2179
2698	2815
2039	2196
1049	1317
2762	3353
2995	3272
2410	2574
1505	3168
2187	2372
1184	1839
2027	2583
3558	3792
1086	1483
1959	2508
2043	2410
1185	1272
1496	1529
2056	2290
2016	2018
2337	2447
1116	1484
2201	2418
3536	3812
2871	2955
184	281
1135	1243
1972	2364
348	419
2787	3379
2866	2925
1230	1835
442	544
1014	1611
2206	2613
898	1020
2795	3046
483	669
2810	3073
2329	2551
1172	1888
1175	1861
1339	1613
703	739
100	163
1718	2394
2052	2072
1526	1844
862	3517
2010	2153
3752	3972
1216	1363
1117	1835
1970	2399
1017	1799
2055	2410
1983	2624
3777	3803
2040	2329
3557	3611
2661	3416
2104	2123
1352	1741
3563	3852
2088	2563
428	604
1718	1780
1943	2559
1610	1888
2233	2500
2458	2508
2395	2586
3299	3344
2060	2242
1827	1877
2756	2977
2676	2866
916	983
2199	2530
2717	3226
2048	2226
960	1207
1524	1608
3173	3381
2688	3146
913	1444
2492	2500
2504	2578
1070	1624
2104	2340
2558	2621
2386	2526
2007	2144
1004	1181
1938	2573
1020	1396
500	507
2754	3129
2033	2423
718	720
1723	1730
1980	2585
2088	2467
2315	2491
3137	3392
1454	1636
223	265
2253	2586
1979	2615
2929	2994
2418	2542
3462	3596
1557	1598
1621	1765
694	773
914	1453
2039	2475
1983	2354
2172	2326
0	283
2429	2563
2084	2118
2289	2302
1204	1903
952	1367
3448	3456
978	1117
2661	2793
2179	2331
3731	3824
2057	2081
2778	3118
1255	1683
2093	2631
2915	3195
2098	2560
2965	3162
1142	1844
1912	2304
2302	2511
420	569
1130	1639
2261	2266
3020	3275
915	1881
461	471
1067	1596
57	80
1912	2466
2088	2542
1959	1985
1994	2571
950	1337
1943	2043
141	258
1399	1488
1238	1535
2150	2374
2005	2543
2397	2523
2284	2585
916	1597
2485	2500
107	1151
2324	2607
2815	3085
2681	2757
1227	1859
994	1435
3035	3360
1995	2459
2216	2352
1603	1753
3448	3677
1563	1799
1945	2436
376	544
966	1271
62	67
2330	2350
916	972
1502	1794
3651	3938
1948	2111
1024	1714
3640	3858
1352	1570
1521	1911
2849	2970
3617	3825
1033	1433
2077	2607
2966	3000
1613	1891
2071	2451
1238	1793
1495	1715
1447	1741
1684	2902
2405	2587
3179	3205
355	397
3111	3422
1939	1945
1522	1877
1613	1757
2226	2304
2464	2542
1076	1079
3763	3810
2059	2543
2028	2125
2611	2655
3169	3397
2136	2354
1912	1995
1116	1864
2339	2507
107	1882
2307	2381
2559	2563
2112	2575
3058	3352
1245	1582
1431	1620
479	512
941	945
1449	1456
0	262
2046	2593
3258	3320
1591	1841
2369	2374
3101	3206
2261	2601
2311	2489
2755	2782
3456	3824
686	769
2711	3285
1128	1431
348	569
1205	1409
3273	3373
2620	2648
1912	1942
542	556
1335	1839
2074	2218
1128	1799
1659	1891
1329	1823
1600	1612
2158	2474
2151	2347
1256	1662
2111	2465
2063	2073
2125	2475
1597	1632
3115	3350
1037	1170
980	1753
2259	2471
2018	2538
2235	2566
1539	1653
3542	3824
2112	2563
2772	3411
2052	2183
2233	2343
2477	2619
2059	2278
896	1786
946	1603
1351	1399
2299	2526
3545	3804
1329	1431
2068	2498
1342	1478
3346	3361
363	402
1516	1530
1824	1893
374	669
2109	2561
2236	2322
1160	1600
1205	1517
1912	2276
1468	1787
1983	2404
2345	2610
1175	1639
3291	3299
1447	1609
2073	2462
290	323
455	504
1920	2148
1080	1801
370	645
2225	2627
2292	2343
1420	1707
1998	2645
2104	2329
2038	2598
2491	2537
2059	2409
2077	2507
1997	2131
3027	3274
1929	2468
2283	2649
3201	3267
2128	2463
3066	3083
993	1195
908	1588
1225	1876
2131	2499
3034	3365
1584	1639
2784	3136
3437	3768
1972	2459
1356	1497
946	1750
2459	2538
1707	1791
1175	1846
2220	2339
1191	1238
2347	2619
1398	1467
1941	2063
2116	2351
2338	2649
1685	1888
2192	2447
2343	2491
1144	1511
2187	2379
3478	3791
2823	3172
1929	2037
150	171
0	117
2246	2268
1339	1467
366	1179
651	1526
409	419
1210	1767
924	1170
1144	1328
2773	2786
268	271
913	1575
3256	3401
2611	2623
2237	2404
1106	1147
136	2199
3789	3923
1101	1172
3986	4021
705	787
368	409
107	1834
3457	3703
1120	1682
932	980
414	657
2786	2874
606	1671
2433	2604
946	1563
1198	1610
2716	3276
694	774
2125	2643
1741	1823
3883	3898
2732	2930
2003	2075
1132	1163
1059	1886
947	1795
1912	2001
1112	1827
2040	2550
2372	2608
2409	2579
900	1307
3584	3903
1081	1820
1994	2372
1973	2159
3188	3212
2354	2414
1551	1730
615	643
713	844
3529	3614
2118	2604
2299	2433
2144	2223
2283	2465
2730	3366
2916	3090
106	329
2221	2384
3524	3623
2354	2575
2793	3239
2271	2520
1938	2601
3067	3079
2522	2608
1935	2364
107	1500
2095	2484
3822	3896
1101	1741
1056	1637
1938	2271
392	567
2946	3000
3090	3119
1467	1757
2177	2328
2309	2561
2090	2526
1561	1626
1340	1600
1359	1730
925	1112
107	1343
1012	1616
1399	1603
1524	1772
3680	3803
1421	1866
2504	2607
2060	2077
3567	3657
1345	1875
2794	2874
2170	2255
1066	1786
1784	1787
1235	1583
3033	3195
2676	3010
2038	2267
688	695
1302	1329
1117	1267
3815	3907
107	1470
2188	2423
3172	3182
1912	2531
2213	2229
2741	2927
1940	2328
2081	2465
2410	2551
1954	2659
2276	2381
3638	3716
1265	1811
2829	2951
2278	2560
2010	2649
2044	2058
2134	2511
2131	2492
3252	3335
3098	3142
2928	2988
3623	3866
2772	3349
1986	2348
946	1849
2122	2340
1525	1681
28	326
2048	2544
2043	2484
107	1648
483	1766
1941	2324
1236	1725
2132	2327
428	482
1230	1864
2081	2144
428	507
1962	2554
2144	2333
2324	2353
1185	1557
2410	2561
1912	2130
3602	3829
2872	3250
686	772
1962	2299
1284	1404
2272	2610
2782	3084
2244	2573
3132	3320
2093	2602
376	436
1432	1680
1259	1496
161	325
1916	2081
362	373
87	213
617	664
1267	1888
1501	1845
1091	1456
2159	2585
1445	1687
2495	2543
3321	3342
2950	2976
1126	1563
975	1502
1314	1333
2169	2327
2586	2655
1948	2072
1149	1559
2287	2352
1017	1752
2201	2446
366	373
2756	2888
921	1390
1033	1697
1489	1704
427	563
2111	2174
2002	2264
2560	2615
1184	1361
2007	2254
1535	1685
1574	1616
629	641
506	523
2090	2552
2218	2506
1991	2097
2187	2643
2354	2539
1953	2428
773	828
1768	1804
2748	2818
2183	2508
3267	3416
1684	2742
1912	2220
1319	1601
2785	3341
4027	4032
2708	2719
2218	2554
1920	2087
2062	2137
3877	3943
199	265
1148	1583
1418	1727
1962	2560
2055	2142
1423	1720
2068	2537
3437	3666
2394	2471
1865	1911
1170	1275
2033	2554
2206	2593
1917	2083
0	330
2062	2096
1791	1833
1290	1752
1580	1768
2891	2966
1025	1334
2381	2602
3557	3642
2059	2574
1955	2144
2304	2377
1800	1839
728	783
1918	1929
978	1017
1688	1804
2298	2582
2694	3090
173	414
2410	2446
2564	2623
2128	2287
2875	3179
2123	2347
2247	2608
2108	2172
2539	2546
3049	3381
1222	1675
3687	3730
1296	1418
2220	2586
513	604
2098	2348
490	502
1946	2118
1269	1622
1227	1576
2398	2501
107	984
3909	3924
1531	1876
2232	2473
469	554
1940	2026
1080	1358
3707	3891
1029	1609
1991	2378
2461	2475
3529	3634
641	1459
2345	2635
2906	2913
2736	3327
967	1049
1459	1691
1243	1753
391	400
2073	2326
1604	1736
2687	3212
1229	1576
2132	2501
2460	2495
3488	3596
1946	1962
1573	1578
2005	2055
1566	1731
1684	3118
3643	3909
952	1467
1207	1604
960	1793
2233	2606
1128	1886
697	713
2215	2264
2339	2428
2751	3204
2203	2400
2323	2340
2055	2499
2761	3315
92	266
2880	2967
2761	2763
275	306
2392	2564
1142	1773
991	1505
830	834
1104	1587
1185	1891
2188	2347
2408	2539
2315	2332
1101	1799
1076	1879
2468	2507
2072	2617
3568	3768
2077	2103
2144	2465
2246	2343
368	398
2992	3206
2127	2394
2684	3396
2526	2615
1175	1391
2399	2637
431	559
907	1845
2336	2384
48	80
2244	2395
1163	1613
2189	2398
2121	2602
419	488
22	324
943	1304
1926	2072
1108	1783
1165	1505
2118	2601
1622	1886
3321	3391
1277	1824
2161	2282
2786	2929
1003	1520
959	1199
1256	1377
1737	1757
2901	3106
2025	2202
2905	3108
2118	2287
2507	2561
1971	2124
3186	3386
755	793
1642	2903
2043	2600
2258	2507
2201	2408
555	557
3545	3860
2347	2607
2181	2656
1361	1768
2045	2108
3858	3930
925	1214
2087	2328
1597	1600
686	709
1912	2049
1226	1496
3639	3898
942	1848
2072	2608
2210	2543
2174	2189
29	252
2711	3019
400	482
1612	1789
2730	2816
999	1017
3000	3220
2047	2344
2747	3173
2172	2484
17	19
1156	1736
3633	3877
2220	2386
72	172
150	217
1532	1617
1018	1720
919	1373
635	658
2359	2418
2143	2461
2153	2555
2226	2498
1980	2346
2074	2395
953	1214
2374	2482
483	1515
1986	2600
2111	2149
2241	2254
107	1752
2033	2220
471	515
1256	1768
1015	1576
2096	2222
1433	1698
1694	1831
2960	3149
2133	2399
1943	2046
1515	1893
1483	1902
2738	2839
3022	3166
1540	1864
26	169
2716	2845
1938	2095
978	1351
2369	2428
475	1425
2050	2365
589	609
1516	1617
2171	2192
916	1471
2003	2390
3085	3193
2070	2129
2989	3252
107	1766
1960	2317
2406	2610
1313	1844
2742	2846
2243	2547
2745	2866
414	559
1376	1891
2550	2578
3674	3677
2037	2550
2777	3228
1918	2218
107	1749
2120	2156
107	1810
1352	1668
1971	2593
1988	2399
3248	3395
2049	2314
1509	1746
3450	3790
2045	2606
2258	2376
1199	1516
2352	2392
2292	2642
1126	1614
1017	1398
2058	2150
2257	2506
3153	3392
1106	1727
2879	2972
2122	2553
2092	2172
595	675
1534	1684
3465	3918
2943	3096
1956	2570
1230	1849
1917	2340
1955	2087
917	1515
1214	1598
713	828
1214	1652
2821	3158
1322	1462
2733	3434
2906	3047
531	546
782	786
3113	3381
1465	2047
1021	1115
2073	2414
67	161
2116	2364
1313	1673
400	676
1449	1836
26	123
107	1084
414	588
1329	1528
2176	2384
1376	1391
3002	3019
1329	1734
3675	3836
1367	1823
363	481
1782	1851
2929	3014
451	513
1185	1449
1983	2579
2207	2622
2404	2504
2129	2181
601	609
3456	3495
2140	2546
2561	2586
3550	3672
897	1842
1266	1564
2911	3250
2309	2329
1376	1557
2582	2598
2430	2586
686	789
1884	1899
2038	2543
2038	2510
2706	3000
3713	3740
2010	2250
370	604
2484	2590
2172	2184
1100	1862
3022	3400
500	538
3116	3214
2778	3109
1377	1804
3466	3915
2915	3084
2046	2244
107	414
1488	1810
0	88
2825	2844
1985	2172
2937	3320
1135	1761
1112	1367
1983	2123
1084	1605
1279	1459
1265	1528
2118	2131
1917	2059
2124	2623
2716	3313
1420	1665
1358	1844
2104	2266
1097	1371
978	1730
2052	2343
1912	1956
9	342
933	1850
1685	1722
2409	2553
1931	2225
2331	2506
107	1620
2244	2460
2890	3226
2289	2629
1473	1703
1079	1491
359	555
946	1833
3791	3967
1467	1851
993	1420
412	417
2499	2506
1966	2233
1669	1835
3764	3821
2259	2598
107	1297
930	1801
2340	2551
3022	3294
2229	2601
1912	2110
1684	2780
2598	2616
977	1258
1279	1475
2077	2638
1920	2111
3813	3864
2359	2369
2040	2369
896	981
3608	3735
1086	1556
2002	2399
1352	1665
1361	1388
2755	3047
939	1545
493	494
1078	1707
1572	1688
440	456
3156	3187
3168	3412
41	326
3020	3412
3386	3406
3060	3280
21	108
3501	3525
1925	2190
2336	2461
1912	2068
2356	2446
107	1553
3493	3711
507	544
2090	2391
2061	2171
1440	1843
3742	3954
483	1706
1365	1689
2302	2333
2800	2960
1524	1572
1173	1639
1302	1622
3478	3776
1488	1542
3038	3299
2525	2603
982	1269
1990	2397
960	1272
1983	2590
2078	2433
1832	1868
1962	2484
3620	3648
1285	1457
3557	3627
3479	3481
745	853
2005	2352
1051	1152
1333	1880
2839	2967
1242	1375
1684	3158
2069	2300
1076	1375
2139	2329
1107	1789
376	610
1590	1736
947	1377
1520	1752
2943	3078
617	680
1349	1743
348	364
2206	2326
2537	2652
3101	3397
3082	3416
2730	3019
618	680
2757	3174
1551	1608
2243	2280
2369	2430
1207	1516
2284	2365
2698	3078
2139	2229
2226	2642
3118	3353
3087	3369
2793	3288
1963	2500
1963	2542
2810	2943
2078	2542
1004	1717
2492	2546
1978	2049
1199	1509
2276	2307
2423	2433
2111	2144
3782	3810
2007	2592
2063	2624
2597	2642
1589	1902
687	764
2539	2654
2244	2307
1684	2676
2241	2377
2956	3000
2073	2521
1938	2482
1984	1985
1377	1399
1993	2278
2877	3098
3051	3291
2474	2497
1517	1663
2142	2311
1205	1605
1269	1580
1015	1120
2913	3064
1066	1893
755	781
2059	2352
2088	2428
2196	2589
1589	1689
2543	2619
67	69
2120	2260
2785	3345
1021	1231
978	1399
2945	3435
2877	2967
1024	1863
952	1156
2254	2279
2359	2464
967	1524
2828	3332
2821	3135
1116	1835
395	506
3735	3753
2839	3163
1367	1665
1172	1689
1480	1858
862	3779
3590	3862
1912	2528
2867	3195
483	671
2064	2139
1173	1867
3026	3400
1063	1809
930	1881
1226	1507
3437	3726
1269	1754
3523	3695
2151	2319
2201	2253
967	1092
2104	2386
1447	1535
1338	1435
353	394
1217	1575
1540	1618
2351	2543
2354	2602
1361	1402
1750	1761
2257	2602
1684	2988
2188	2615
3437	3767
2010	2047
2244	2407
3458	3711
1308	1703
3162	3233
1076	1509
1750	1793
2959	3318
906	1209
3007	3420
2749	3417
2176	2425
3341	3369
1480	1600
925	1551
2309	2477
678	682
2880	3098
1088	1178
3206	3280
2777	3096
1714	1846
1209	1717
3542	3966
503	567
2043	2122
2279	2597
2069	2121
2183	2582
976	1692
1153	1888
1036	1715
3140	3161
1973	2337
2353	2495
2005	2590
2108	2619
2332	2336
1577	2543
1146	1659
1553	1555
2125	2344
109	303
3540	3962
910	1776
2221	2438
2002	2052
456	563
2828	3261
2046	2218
1989	2229
1390	1604
366	395
1912	2457
2229	2499
1256	1619
1361	1669
432	483
3437	3529
2889	3155
760	805
3145	3172
2224	2419
2223	2398
1574	1692
1214	1376
2196	2510
465	557
1130	1399
107	1478
1813	1827
432	471
654	672
1204	1227
1257	1459
2191	2328
1289	1491
2458	2592
2072	2081
2779	2829
952	967
948	1766
1942	2201
1305	1612
2122	2477
3437	3574
2054	2174
1148	1279
2098	2359
64	150
1296	1496
400	515
1458	1774
2423	2575
2150	2172
1465	1959
2189	2597
1303	1396
513	646
366	484
1680	1728
3778	3876
526	1110
3593	3634
1351	1827
1912	2496
1225	1299
1014	1875
2073	2131
1962	2602
1941	2508
2956	2981
3	85
1431	1600
1916	2054
62	133
2266	2485
1040	1391
2369	2542
1538	1707
2243	2333
3684	3962
2543	2560
1684	2955
3599	3629
1259	1504
2229	2630
2755	3195
367	504
1107	1163
56	63
497	567
1945	1954
2578	2606
800	856
1267	1623
3530	3723
2191	2351
0	51
2258	2504
2318	2419
1684	2721
2381	2546
1358	1766
696	845
1431	1735
3234	3315
2604	2624
2916	3195
1765	1846
1352	1610
1137	1468
966	1813
561	566
2853	3070
641	1882
2327	2396
1833	1867
2931	3435
1684	3001
771	806
1125	1501
2010	2282
1525	1634
1567	1719
2343	2344
1192	1479
1052	1408
3981	3997
703	820
1956	2245
2443	2635
3488	3913
967	1047
1343	1525
952	1341
2144	2398
977	1703
2542	2586
787	793
2943	3073
107	913
1190	1596
3693	3838
2131	2307
2201	2600
1612	1750
2729	2874
1114	1300
973	1461
2928	3243
2201	2550
1947	2151
2057	2572
3980	4021
1954	2475
1390	1603
3596	3797
2103	2586
2063	2600
873	885
2423	2619
0	3
1684	2821
1941	2052
3437	3868
1971	2423
1979	2376
1927	2000
1390	1471
2074	2376
3442	3907
0	165
3772	3779
2143	2151
1067	1426
2763	2839
1291	1390
2542	2601
1714	1886
1955	2289
915	1155
1684	3278
107	1528
2005	2395
2778	3265
512	536
2855	3272
2494	2645
1823	1888
2169	2344
1446	1549
2738	2873
2122	2275
2778	3132
2077	2446
2084	2391
1184	1563
1577	2102
1369	1608
1159	1781
325	342
1185	1735
0	331
2253	2308
0	125
1324	1824
897	1458
916	1255
2326	2654
417	523
538	1763
2477	2500
2136	2206
2862	2927
2936	3267
1277	1282
1361	1604
1211	1516
1312	1467
2183	2344
2169	2198
1205	1509
1930	2047
221	303
2665	2791
815	819
517	556
2102	2302
688	756
2348	2559
1310	1366
1945	2419
2866	2994
2620	2626
1006	1793
2432	2438
2674	3247
1086	1250
2088	2578
2307	2376
1283	1891
2718	3402
2047	2468
3157	3342
1590	1879
1160	1238
2495	2542
107	959
1166	1241
2187	2241
369	516
2233	2395
1993	2108
2550	2602
903	1363
1715	1841
107	1572
1920	2127
1947	2436
1191	1835
1070	1536
1352	1688
391	567
187	266
2338	2372
773	780
513	566
3156	3255
513	563
2716	3287
2059	2395
2094	2281
2033	2229
3682	3814
396	422
2334	2354
2304	2608
1912	2211
1199	1399
1389	1804
2815	3033
2370	2386
1983	2646
1940	2463
1612	1810
1376	1467
2153	2176
2068	2367
280	304
2071	2111
2887	3135
3701	3759
2313	2380
1612	1796
2132	2328
2676	3193
2082	2371
1189	1244
1953	2489
1376	1516
2743	2943
1504	1876
1528	1612
2348	2430
2215	2547
946	1199
1912	2039
2038	2322
1989	2356
1912	2357
3377	3396
2873	3362
2674	3201
2689	2916
504	555
391	669
1123	1125
3022	3117
916	1230
2716	3267
3203	3313
2240	2306
3142	3387
980	1124
913	1222
2347	2554
967	1813
3224	3421
1076	1741
1659	1750
2687	2785
3172	3185
3162	3273
1211	1849
1471	1789
2735	3259
1684	2848
1508	1871
2743	3135
2156	2231
3513	3952
3540	3971
1309	1783
2554	2590
1420	1796
2763	2800
2224	2598
2300	2414
1793	1835
1550	1691
2770	3330
3534	3705
3076	3136
422	579
1946	2409
2708	2796
1158	1857
2150	2464
1049	1724
718	787
2213	2271
2328	2394
972	1069
1433	1567
1932	2555
1075	1175
3299	3360
1691	1884
1281	1396
75	188
461	567
2890	2910
434	496
1334	1473
993	1377
3466	3784
56	277
1238	1250
1107	1849
2733	3060
3437	3469
3714	3906
1610	1809
2509	2597
2661	3396
2035	2228
1551	1639
3033	3174
726	781
2233	2428
2063	2122
136	2143
107	1578
1052	1247
2987	3104
2279	2445
2815	3226
1945	2330
1175	1513
924	1310
3753	3850
2172	2468
2909	3078
3450	3930
1912	2198
921	1835
1175	1668
1684	3315
1122	1645
3087	3136
781	783
2064	2229
2068	2398
1195	1639
1940	2039
1059	1391
1577	2292
1124	1230
2944	3339
2289	2543
2026	2414
2189	2594
483	1142
2339	2386
2138	2592
906	1367
1340	1620
2985	3284
3603	3672
983	1868
2191	2555
527	561
2921	3214
1358	1882
9	277
2049	2612
507	565
1269	1456
2240	2615
1997	2615
969	1871
960	1800
1209	1250
2188	2574
2377	2451
2465	2510
2833	3101
3590	3666
2679	3025
1078	1753
1007	1661
115	137
3106	3391
412	455
2757	2827
645	671
2477	2564
2240	2631
2239	2338
862	3501
2212	2299
2233	2600
2414	2476
2617	2652
2779	3177
698	864
2078	2308
1570	1608
2071	2246
651	1574
2040	2489
1950	1991
1962	2334
1104	1635
3015	3373
1994	2283
916	1823
2081	2643
2468	2601
1993	2037
2839	2880
1230	1911
2446	2586
1642	2693
2202	2365
2098	2506
3302	3350
1126	1551
917	1066
1036	1227
1912	2234
2032	2511
392	456
2039	2609
2573	2601
488	512
1597	1746
391	460
1945	2187
1182	1757
2848	2881
1584	1800
1074	1393
1049	1557
3838	3884
2742	3316
359	403
1003	1523
414	592
1920	2007
1639	1779
1955	2026
2504	2619
2489	2601
2369	2586
2029	2313
2896	3054
2471	2643
2176	2582
2111	2333
1431	1589
1986	2593
1718	2344
2063	2564
2719	2992
2131	2220
1117	1323
445	492
915	1897
1945	2133
1399	1619
2278	2526
617	666
2118	2121
2698	2909
1957	2585
0	40
589	625
2827	2890
2140	2591
391	559
2347	2468
2121	2575
1302	1669
1341	1471
2604	2625
1288	1809
916	1040
719	842
2781	3027
1459	1875
412	414
1302	1768
2843	3402
2299	2615
3464	3738
1962	2613
1534	3385
2988	3433
2509	2544
940	1504
2045	2059
3824	3884
2009	2297
2828	2970
3437	3960
1419	1684
439	500
3291	3360
2090	2340
1984	2213
1918	1941
696	747
3501	3830
2869	3320
2058	2206
2054	2434
9	304
1941	2280
507	561
23	267
1113	1766
2271	2347
2172	2430
0	195
1986	2611
1929	1963
2005	2200
3553	3644
1339	1688
1941	2223
1179	1574
964	1415
1340	1810
348	434
1926	2032
107	1910
2726	2837
1310	1703
1993	2218
3605	3804
1912	2507
465	544
1209	1754
1993	2276
2810	3123
122	284
1610	1849
948	1574
2419	2518
1118	1787
1074	1577
2356	2408
2482	2631
3220	3433
1986	2201
1912	2102
2797	3179
3611	3635
3309	3382
1750	1879
1979	2043
3578	3731
1953	2564
153	280
936	1001
3507	3554
1946	2430
1943	2140
984	1871
1109	1189
1509	1888
3024	3051
1331	1736
1986	2164
1132	1668
1459	1475
1107	1584
2154	2601
941	1729
1260	1338
2833	3079
908	1567
3604	3721
2028	2042
3005	3039
1231	1592
2909	3324
1720	1808
1926	1954
3032	3385
651	1692
925	1420
21	332
1102	1893
350	528
1951	2494
3438	3522
2716	3107
2138	2333
2717	2839
2741	3026
1724	1861
1684	3141
3538	3857
2072	2653
1341	1391
2712	3224
1063	1083
1577	2642
1313	1320
107	1602
2188	2600
3136	3395
2363	2549
2509	2555
2590	2613
1009	1381
1380	1600
1943	2619
1211	1604
1131	1310
1255	1390
2996	3201
2537	2617
3154	3412
2670	3423
2110	2328
1399	1457
1465	2338
1335	1833
1912	2036
2229	2308
2118	2352
1126	1191
1559	1810
2859	3002
1918	2308
1102	1848
2049	2534
391	614
3742	3849
2873	3149
1971	2559
391	497
13	67
1256	1551
2260	2397
0	317
1766	1773
2038	2302
2224	2254
3089	3332
3449	3737
1377	1470
706	719
2047	2268
1007	1104
954	1751
815	823
1188	1308
1053	1183
1918	2323
3528	3838
1954	2224
1199	1287
2859	3291
373	465
2123	2460
3060	3320
414	680
1985	2188
695	752
107	1078
107	1323
2033	2428
2047	2567
2446	2546
724	821
1684	3394
2869	3252
2124	2433
2069	2190
3443	3645
1026	1185
2102	2555
376	461
1413	1475
2040	2098
1984	2563
913	1561
1948	2295
2374	2549
2334	2467
1912	2059
1009	1324
2758	3087
92	94
353	1320
1128	1557
2975	3105
947	1603
3035	3397
1017	1471
107	1663
2275	2532
186	272
2339	2604
1997	2190
2433	2591
452	559
1456	1580
2679	2757
1929	2520
2664	3304
1912	2260
2833	3330
2131	2200
944	965
2142	2454
2278	2359
1334	1551
1059	1242
2127	2458
107	1105
2212	2428
2676	2994
2226	2566
2030	2290
488	517
686	848
586	646
2081	2649
1727	1808
2543	2604
2773	3174
2703	2972
2489	2521
1026	1675
2433	2590
2086	2418
2552	2630
1167	1355
475	545
2154	2395
2339	2347
423	553
973	1597
2905	3324
13	109
1117	1470
1993	2213
1409	1483
9	105
3136	3259
2000	2202
982	1668
1095	1487
2960	3056
1456	1849
1984	2506
1272	1467
408	538
2978	3045
3056	3184
940	1541
107	1261
2154	2266
2434	2512
1391	1816
107	1399
1925	2329
2001	2009
576	681
1516	1623
1580	1849
2713	3224
2121	2374
3828	3838
917	965
2121	2257
2001	2284
1964	2540
926	997
896	1850
2542	2625
2883	3385
1516	1675
1513	1852
2156	2455
3022	3025
1597	1688
1243	1609
1786	1857
1165	1178
959	1078
9	232
637	1313
2077	2520
2778	3148
3471	3484
3437	3614
2102	2294
417	520
158	232
2694	3004
135	184
996	1087
1467	1621
3146	3419
3144	3328
2275	2579
714	771
905	1001
578	595
3611	3860
1024	1083
1983	2112
3439	3647
2073	2308
1936	2335
2074	2386
1483	1826
2910	3174
1209	1688
1059	1380
1963	2088
458	496
1273	1373
2118	2607
978	1222
353	400
1929	2500
981	1060
69	121
3344	3391
107	1195
2127	2510
1577	2032
2376	2546
3033	3117
1205	1891
2028	2330
927	1367
1123	1911
3636	3921
1146	1185
2078	2395
1325	1360
993	1632
2125	2511
2000	2494
1912	2492
3203	3421
938	1216
2123	2387
3013	3041
1345	1347
1158	1596
2368	2399
3150	3272
1456	1605
85	258
1256	1714
1004	1431
1069	1900
2546	2600
916	1750
352	394
1913	2127
1367	1813
2038	2241
2991	3101
2331	2578
1993	2655
1680	1691
2045	2340
198	364
2354	2489
1431	1888
2542	2602
2849	2991
1275	1876
580	1318
2047	2325
2121	2542
2750	2866
2292	2458
1235	1550
2802	3154
1995	2583
2983	3128
950	1555
1300	1744
1192	1204
0	93
886	889
1918	2386
2788	3271
1153	1621
1522	1864
2025	2364
2682	3100
996	1505
1283	1301
1471	1551
3824	3873
2188	2549
1912	2640
713	719
2363	2395
2986	3056
2031	2517
370	460
2880	3339
916	999
363	525
2520	2579
1917	1962
2036	2406
1287	1293
2315	2338
3019	3133
2345	2555
2087	2491
2102	2332
2901	3411
2756	3433
2428	2489
1115	1221
1963	2306
1331	1551
1528	1723
1644	1689
2176	2351
1054	1761
906	1520
2904	3027
1981	2479
3561	3825
513	517
172	232
2763	2777
2039	2282
1009	1044
1978	2534
1684	2669
2290	2404
2056	2086
1688	1813
1925	2073
686	856
1718	2451
2161	2555
2446	2607
2666	3022
2661	2765
2863	3172
2846	3175
1684	3076
1571	1662
2925	3387
2866	2877
3643	3976
3707	3785
1958	2006
966	1804
2294	2475
1921	1935
2052	2087
2131	2140
1250	1800
3283	3423
1619	1668
1376	1675
3454	3673
2307	2428
1557	1559
2030	2404
1917	1925
2451	2594
2045	2123
2757	3108
2962	3077
1146	1491
2793	2939
3459	3534
107	1860
1198	1867
1941	2478
1078	1580
3559	3573
107	1354
3641	3960
414	661
2047	2644
322	345
1643	1723
1336	1547
107	1493
1293	1746
97	182
3576	3800
3980	4014
1282	1515
963	1232
2720	3397
605	654
3527	3604
25	277
3793	3822
2430	2578
916	1598
2059	2468
2224	2617
2063	2216
967	1675
2072	2138
2031	2425
3986	4030
2913	2925
2374	2619
2257	2646
465	538
412	438
2392	2408
2154	2430
2418	2546
3437	3742
2189	2250
2002	2319
948	1446
1303	1764
1563	1810
1991	2022
3010	3026
2234	2311
966	1707
2363	2446
3501	3948
2468	2553
1993	2374
2890	3229
2949	3310
1938	2206
2793	3206
3005	3151
238	313
136	2502
2054	2384
2369	2553
2033	2619
1912	2235
1421	1687
2073	2504
2785	3212
402	500
2169	2377
2135	2592
978	1622
999	1538
1259	1624
3154	3277
98	103
1378	1798
1107	1809
3506	3646
2190	2430
2866	3090
3584	3620
484	637
388	566
1312	1398
1480	1614
1126	1809
2417	2447
1718	2336
2246	2555
2343	2436
2504	2551
3593	3768
3617	3869
3038	3291
1491	1793
2446	2560
1962	2064
1148	1899
2443	2527
483	604
1082	1591
1204	1841
1612	1736
2404	2576
2819	3313
475	561
1587	1636
1373	1686
107	1847
2284	2647
921	1557
915	1192
1459	1682
2798	3303
2877	2956
3107	3323
1787	1895
820	828
812	837
50	334
2184	2449
999	1532
0	100
2939	2970
1376	1768
1167	1630
2118	2165
1156	1665
107	1508
1272	1835
897	1449
1639	1819
2064	2088
1056	1377
2047	2445
1985	2499
993	1888
3540	3677
3568	3782
1684	3319
362	495
2201	2630
993	1683
2416	2557
2676	3085
915	1565
1047	1689
2188	2306
1488	1827
2164	2575
3057	3222
1393	1702
1935	2633
2567	2597
1066	1396
2440	2628
3214	3342
3097	3107
2939	3206
1339	1589
1370	1849
1117	1289
423	444
1437	1662
2409	2615
2039	2567
1340	1644
747	773
1514	1574
2045	2506
3902	3930
1201	1447
395	512
1339	1352
1132	1589
1335	1813
2223	2259
3148	3298
1107	1199
1344	1737
1991	2626
2174	2653
2078	2578
1598	1849
1943	2093
363	542
2381	2395
1917	2331
1995	2225
2810	3163
2962	3373
2191	2292
198	393
2755	3174
1633	1634
3264	3404
618	636
1730	1864
1589	1750
2194	2567
3139	3430
3320	3355
107	1085
3505	3553
1923	2328
2007	2169
2924	3184
3478	3607
2266	2369
1006	1191
3140	3393
3185	3201
1117	1201
1083	1238
2348	2539
1107	1409
1730	1761
2352	2369
3002	3186
2149	2176
2142	2464
40	304
1164	1584
1040	1598
2561	2625
2689	2927
1021	1720
1447	1637
2010	2399
1079	1471
353	430
2395	2482
1570	1584
203	272
2500	2593
688	726
2308	2462
3563	3667
417	553
3449	3693
1273	1830
1059	1334
1256	1367
1041	1246
978	1909
2206	2520
2077	2369
1146	1214
1269	1879
3022	3096
3495	3938
1617	1826
921	925
935	1781
3007	3191
434	478
1598	1619
2991	3419
1984	2500
1622	1741
2213	2374
2095	2624
2754	3400
2906	2920
1021	1060
974	1127
1420	1886
2404	2607
651	1318
3210	3415
1320	1545
465	471
1361	1753
1225	1633
400	488
3106	3332
1061	1325
2110	2390
1102	1508
1211	1551
1524	1689
2072	2144
977	1189
2350	2615
2359	2554
2996	3351
3259	3330
760	784
2112	2324
1107	1800
2484	2654
1483	1619
3633	3741
1361	1619
517	1512
2071	2241
2347	2348
2425	2557
1577	2588
3680	3869
1037	1541
1491	1622
1229	1345
366	1300
1912	2271
870	881
2244	2433
2088	2552
484	566
524	527
1684	3326
1366	1699
969	1099
2078	2098
143	177
698	892
3062	3100
1242	1367
1912	2142
2028	2224
2555	2582
2043	2638
934	980
2340	2578
113	200
1006	1707
2255	2466
2973	3355
2489	2593
828	829
1390	1712
1235	1824
995	1201
2460	2559
1993	2258
1707	1730
2756	3000
990	1450
1912	2103
975	1345
729	861
2793	3191
1332	1565
2134	2264
2030	2266
897	1083
475	482
2043	2188
2867	3073
1684	2999
1211	1662
2069	2553
1912	2465
2073	2492
2929	2956
1158	1636
2179	2539
2104	2253
1427	1660
2369	2554
1298	1596
2112	2300
1345	1583
3437	3911
2333	2582
2796	3419
3573	3625
2121	2654
503	557
2300	2564
1083	1746
1079	1375
1102	1316
2103	2300
1158	1591
2103	2347
1122	1320
107	1605
2083	2323
2133	2637
2029	2642
1199	1668
2010	2125
1931	2633
2738	3098
2130	2197
2210	2567
2741	2931
1942	2443
3116	3397
1026	1409
1139	1904
107	964
1716	1862
2244	2601
2485	2604
2184	2240
1003	1539
431	507
1589	1845
477	485
1456	1483
954	1273
3191	3233
1271	1330
2710	3090
1960	2286
1389	1621
1509	1795
1068	1280
2602	2631
1227	1229
2928	3080
2780	3247
3240	3247
1305	1480
3557	3687
2932	3219
1684	3113
2064	2404
1303	1729
916	1554
2549	2578
2339	2563
1912	2502
1929	2122
686	689
2128	2529
2863	3416
1959	2315
2233	2261
1962	2359
1017	1886
3642	3930
2615	2655
2175	2642
2125	2451
2329	2536
2679	2763
3209	3212
2150	2460
3225	3422
705	829
1048	1329
2207	2320
67	72
1104	1192
397	432
2906	3174
1583	1841
1380	1598
946	1902
1012	1886
1323	1352
1528	1768
1958	2050
3126	3322
1230	1516
947	1604
2026	2394
1156	1449
2716	3106
3637	3756
1302	1752
1390	1612
2414	2492
376	423
741	835
3021	3101
2206	2554
1177	1641
2029	2540
1028	1888
993	1849
1391	1736
324	329
3255	3256
921	1864
2020	2121
1397	1536
2324	2611
1329	1864
1160	1409
3577	3780
1983	2446
1238	1609
687	783
2300	2423
2127	2512
1284	1636
2943	3023
997	1730
2396	2479
483	506
3584	3643
1970	2222
2115	2307
402	493
1413	1716
2039	2134
2761	3362
1177	1424
404	542
1367	1835
1086	1117
1947	2132
2143	2598
2557	2642
107	1637
409	462
2676	2920
1158	1347
395	574
964	1664
3140	3194
1269	1835
3437	3642
2674	2781
496	506
1230	1622
2324	2646
1589	1737
3476	3837
1051	1366
3042	3417
2785	3302
2030	2354
2944	3257
3611	3877
2045	2323
2229	2370
1269	1329
1912	2285
1166	1503
1012	1692
3690	3803
2150	2556
1962	2055
1305	1420
2347	2646
2561	2654
1435	1600
1186	1733
1339	1612
436	669
1835	1845
2793	3416
3156	3369
3636	3753
1491	1621
1222	1377
1188	1310
2901	3049
2049	2089
2058	2482
2028	2592
1979	2131
1971	2190
404	440
2742	2970
1330	1352
1938	2069
517	1320
2028	2250
1185	1879
2915	2977
1330	1768
1086	1539
2939	3373
2875	3185
1563	1836
2087	2643
1473	1901
2468	2511
2299	2578
39	141
378	423
1107	1723
2306	2560
1501	1639
982	1537
1331	1339
2335	2497
2716	3320
1554	1811
1588	1676
1684	3209
995	1722
2678	3164
1049	1746
3557	3790
2661	3335
2072	2333
2123	2578
1379	1862
1302	1833
370	527
2895	3027
1256	1598
2005	2261
2161	2617
9	188
1912	2138
2667	3329
2887	3399
2059	2554
2679	2756
1230	1391
3533	3830
2071	2135
348	542
1109	1311
2107	2228
1612	1613
2244	2423
355	557
2234	2303
2679	2931
993	1359
152	339
3107	3117
2152	2405
2751	3043
1185	1198
2872	3362
2550	2619
2282	2649
2043	2586
1918	1925
2664	3426
479	520
2309	2460
1199	1609
2627	2647
582	583
1126	1793
2309	2418
2149	2169
2254	2372
1296	1770
3179	3265
995	1219
2768	3002
2103	2340
2372	2597
2273	2282
3602	3869
1054	1344
402	542
1577	2465
357	563
1993	2409
2244	2499
2250	2519
953	1391
2271	2654
1505	2764
1582	1812
1994	2279
2036	2133
1162	1696
3101	3302
1301	1518
2040	2354
1568	1648
2315	2347
2832	3214
2091	2440
348	356
1985	2090
2043	2430
387	517
2155	2642
1352	1485
1662	1839
2223	2243
1449	1603
2746	3056
2786	2985
1359	1663
1550	1591
107	1021
2108	2550
1066	1204
13	82
1184	1351
842	853
2302	2429
2278	2556
1322	1414
3060	3272
2125	2223
3584	3782
1577	2509
2196	2294
2906	3119
1098	1317
2117	2384
2755	3119
3056	3195
1045	1111
2363	2564
2084	2103
2053	2283
1584	1809
1540	1630
921	1376
2176	2289
3737	3860
1006	1605
348	501
2620	2640
1184	1572
1091	1804
2676	2757
1051	1275
26	79
1946	2469
3749	3751
1929	2392
2910	2956
2308	2484
3590	3615
1121	1259
957	1381
1110	1813
3033	3348
1570	1637
2069	2240
0	130
1199	1398
1026	1028
366	412
2142	2575
129	347
376	1179
2101	2222
2200	2331
1522	1530
556	563
1120	1273
1939	2280
2323	2339
1330	1483
2199	2385
25	186
2172	2543
2131	2354
3362	3364
1171	2677
2936	2937
1132	1793
2029	2501
1966	2033
3496	3831
1511	1806
1360	1708
1986	2059
360	543
478	534
2139	2549
1684	3179
1101	1219
1083	1898
1014	1655
3448	3577
2436	2543
380	389
2202	2225
2050	2337
107	1400
1610	1736
3547	3747
2108	2363
2244	2506
4014	4021
2362	2642
1192	1893
2257	2477
698	840
1277	1462
3211	3431
1235	1284
2187	2516
3665	3825
268	325
389	1109
2970	3049
2081	2496
2772	2785
3252	3299
1793	1868
982	1078
3791	3809
1192	1715
2307	2601
3614	3758
1370	1746
1173	1553
1525	1783
2449	2602
1617	1750
1951	2225
2576	2590
3470	3876
2681	2800
2873	3078
2044	2410
2078	2409
1265	1513
2033	2623
1610	1652
1222	1280
1571	1864
693	713
1085	3948
2294	2608
1250	1902
573	636
1616	1677
2121	2467
949	1472
3169	3252
2307	2619
1563	1570
457	469
2052	2169
2928	3435
107	1585
924	1472
1345	1691
348	556
2877	3000
1464	1878
1604	1879
2506	2520
3437	3696
953	1078
1966	2550
2745	3284
2863	3335
2253	2489
1100	1550
2715	2863
2333	2420
2738	3090
115	226
2368	2642
2683	2807
2237	2500
2348	2469
993	1902
2930	3180
2720	3215
1015	1229
917	1396
1535	1843
1341	1799
58	2885
2525	2540
1465	2028
1845	1902
1730	1799
1324	1582
1983	2391
13	211
1339	1653
3687	3804
2123	2410
2199	2432
2742	3101
2915	3158
2904	3146
122	325
2188	2469
1153	1663
952	1291
2905	2994
1496	1630
934	1597
1491	1678
2040	2090
3035	3113
3670	3702
3205	3242
2567	2643
1040	1163
1192	1857
2206	2348
2169	2598
2045	2408
3758	3924
1278	1827
1473	1738
934	1750
1021	1229
2095	2381
3580	3585
687	780
2071	2273
3620	3810
1329	1730
2973	3089
1912	2288
2218	2485
1144	1676
2005	2468
1663	1839
1583	1638
1188	1228
978	1184
3150	3179
1932	2144
2121	2428
402	425
2117	2153
1544	1822
2275	2369
2935	3274
1110	1352
2795	2813
2135	2194
2715	2832
1129	1229
3702	3800
2146	2455
2058	2266
1272	1730
1538	1665
2863	3204
1917	1984
3146	3330
2410	2495
2827	3054
1250	1712
2033	2188
348	401
2337	2647
2906	3065
2028	2608
4021	4030
2302	2597
1879	1888
1718	1945
946	1242
3697	3938
1211	1491
2240	2579
2754	2800
1912	2459
2344	2603
2201	2218
2196	2199
579	636
698	729
500	547
2054	2075
2778	3347
942	1812
2088	2136
923	1317
2334	2471
1684	2849
1953	2077
2746	2839
2463	2544
2030	2407
686	850
2326	2615
78	218
1532	1810
1921	2022
1293	1632
2032	2273
3526	3684
1078	1612
3116	3258
4	273
2115	2201
38	117
2307	2340
2040	2055
2228	2317
931	1829
2241	2509
1677	1744
2063	2090
1577	1916
3534	3770
164	285
1015	1192
1172	1230
348	514
3631	3648
1369	1769
1001	1673
1269	1559
2271	2460
3604	3756
1222	1351
2675	2955
2149	2347
1520	1589
579	597
3587	3766
3082	3396
376	414
1116	1344
1049	1623
2279	2510
925	1416
1215	1273
1114	1408
136	1995
1515	1591
2088	2624
3146	3397
1947	2555
188	334
2081	2463
1107	1437
1463	1804
1912	2529
925	1267
2724	3069
2063	2446
1159	1246
1912	2137
2419	2588
2030	2395
1554	1609
2662	3198
1215	1661
2043	2549
2078	2554
1946	2139
2300	2476
2662	3366
2090	2504
2742	3116
2323	2575
2684	3182
3188	3247
3193	3414
2681	2931
2476	2576
2919	3085
1078	1813
1514	1744
446	515
1716	1841
2510	2522
3247	3381
2018	2364
3486	3593
373	520
2131	2446
3484	3633
2078	2369
3681	3707
2758	3412
2135	2512
2190	2532
1182	1522
1684	3134
1923	2038
1912	2514
1917	2433
1153	1488
348	390
1067	1322
2781	3101
810	842
2135	2264
2758	3198
1199	1750
79	188
2325	2502
2233	2638
2253	2602
1310	1536
98	199
997	1861
2854	2953
2354	2492
920	1376
1291	1663
2341	2412
1563	1683
1361	1440
1074	1754
2390	2537
3221	3383
3116	3201
1520	1523
2414	2560
2818	3350
2306	2381
1135	1559
2901	3431
26	104
1352	1471
576	600
2332	2582
3046	3352
2155	2603
3112	3378
2243	2384
2833	3319
107	1350
1126	1376
1230	1267
2398	2420
1359	1570
1255	1528
1305	1877
1156	1238
990	1534
3038	3140
1593	1705
2944	3129
2669	3047
107	1435
1079	1367
1199	1723
2485	2624
0	245
2664	2800
361	405
3038	3177
1181	1339
1330	1608
2299	2369
2703	3325
2064	2638
2082	2440
2785	3138
2418	2489
2377	2518
1272	1391
932	1074
1172	1665
588	592
2103	2212
819	828
1059	1620
1557	1879
3464	3583
2931	2960
397	543
1199	1530
0	57
879	881
1941	2319
1752	1868
2043	2363
444	570
197	329
3521	3778
2376	2460
1912	2614
2213	2433
2060	2088
2815	2917
957	1573
2139	2409
1078	1721
981	1502
2733	3262
999	1810
2068	2345
2061	2633
369	380
1325	1433
2112	2179
3122	3141
1211	1721
2275	2590
1842	1868
3772	3847
2062	2537
2028	2472
1304	1785
2059	2370
903	992
2773	3026
2218	2482
910	912
1085	3741
207	322
107	1554
2775	3062
1185	1752
1993	2329
2189	2232
2184	2395
2850	2910
630	678
2957	3263
921	1563
946	1700
2190	2579
1273	1489
953	1793
993	1335
2410	2449
980	1768
2719	3185
3101	3116
3542	3926
1028	1523
1741	1746
1242	1644
423	556
694	738
819	856
3468	3758
2087	2589
984	1893
1243	1621
1229	1764
1257	1857
2246	2475
1970	2531
2266	2449
2159	2225
2246	2463
1971	2552
3239	3316
1132	1267
2213	2604
482	553
928	1328
1047	1239
3185	3434
2189	2394
2220	2550
3101	3110
2070	2091
1376	1623
1554	1675
2220	2430
2315	2372
2187	2635
747	880
1199	1826
1554	1879
2272	2480
1123	1851
1265	1460
3442	3802
2832	3312
2215	2385
445	535
59	238
348	453
2020	2329
2254	2343
3154	3321
2069	2590
1086	1370
1926	2223
2956	3090
980	1048
2306	2543
2001	2022
1970	2511
3493	3648
1554	1795
2084	2216
2253	2630
1153	1868
363	444
1267	1707
1946	2136
774	824
1496	1624
0	269
1222	1768
917	1481
1663	1689
1099	1751
1178	1461
1437	1605
2322	2610
1605	1665
3035	3120
2200	2240
1983	2086
1311	1366
1167	1876
1080	1881
62	261
195	306
927	1639
986	1304
1986	2363
1389	1888
1329	1761
828	849
1684	2842
2369	2552
2074	2131
2231	2474
2765	2863
757	775
1574	1695
3160	3298
1665	1793
3437	3695
2910	2919
2127	2367
2489	2646
2511	2516
2229	2611
1653	1717
952	1230
2576	2611
1277	1848
1998	2009
1030	1043
1938	2551
1393	1753
2250	2533
1932	2194
2124	2299
1173	1377
1377	1861
1941	2475
3187	3264
1800	1813
2780	3297
378	394
1242	1603
2111	2127
2043	2543
1402	1598
3492	3521
2055	2590
2716	3017
1278	1724
2323	2326
1434	1666
3365	3429
2730	3420
3089	3209
1330	1551
58	1912
1551	1888
2674	3021
1539	1835
2766	3413
3593	3706
366	517
2899	3392
1622	1835
2179	2311
2290	2386
1126	1623
999	1746
2266	2409
917	1418
3081	3398
1086	1665
2036	2566
1099	1309
693	697
3026	3090
2010	2133
977	1428
2117	2294
2363	2492
966	1238
1380	1621
2003	2394
1718	2003
2026	2607
698	860
847	853
2031	2232
1662	1714
2738	3004
1076	1605
2787	3072
1613	1849
862	868
1945	2232
686	778
1603	1804
2848	3405
2045	2244
2863	2980
3615	3705
1124	1626
3609	3750
2026	2289
2165	2624
2003	2509
3100	3350
3456	3514
2087	2135
1912	2175
185	274
2033	2154
3116	3344
1001	1352
3535	3866
2335	2440
59	98
1202	1253
2451	2511
2056	2625
3501	3851
291	315
3608	3615
3559	3930
2925	3036
3618	3750
2339	2485
1912	2060
3841	3948
1938	1962
2049	2448
2919	2925
107	1465
3652	3676
2706	2945
1684	3099
2638	2655
2970	3150
1405	3168
2038	2384
1174	1433
661	665
3521	3827
2213	2624
3736	3968
2670	3325
2069	2469
376	525
2326	2655
966	1652
3461	3934
1489	1783
1963	2060
249	315
946	1689
1828	1907
2749	2905
2347	2381
9	341
1371	1536
1993	2271
3047	3232
1076	1717
2869	2992
2299	2307
3023	3414
1359	1675
517	561
1971	2499
1115	1322
1912	1974
1112	1340
2993	3026
3335	3351
2724	3356
2131	2506
976	1374
3069	3366
1985	2278
2194	2472
2278	2561
348	515
2495	2586
1718	2174
2844	2951
1820	1859
2585	2659
1060	1899
2283	2445
2386	2560
2721	2824
3345	3434
1540	1813
3073	3119
2726	3090
1173	1698
2679	3029
1972	2025
2877	3052
2793	3355
2713	3106
188	323
2780	3299
2261	2392
780	824
1959	2183
705	762
2869	3351
1311	1541
2229	2606
2428	2559
2123	2240
397	510
2912	2919
348	511
896	1893
2199	2567
2266	2602
694	834
2046	2233
2233	2613
2348	2586
1066	1582
1470	1669
698	865
2853	3247
1943	2606
107	1440
379	532
1191	1610
2157	2171
2202	2284
2124	2363
1985	2546
526	1250
1425	1478
3287	3406
2063	2376
107	1383
637	1830
953	1517
1655	1682
1166	1273
1973	1980
1282	1406
946	1182
414	609
2046	2275
1707	1888
687	765
2516	2555
1093	1366
1972	1991
787	849
1172	1800
2778	2796
2125	2629
436	497
2283	2629
2118	2201
3087	3107
2000	2645
3437	3943
1173	1811
1331	1804
2575	2607
1994	2417
3711	3719
1993	2586
591	637
587	634
2724	2957
2289	2319
1966	2139
2849	3206
978	1793
2927	2945
2194	2196
2083	2560
2370	2542
1639	1670
359	491
2266	2552
1868	1900
2203	2643
2064	2348
921	1753
2738	3025
2250	2588
2376	2539
1941	2093
1416	1528
1540	1689
2266	2549
1451	1729
739	780
2308	2554
2352	2615
2865	3253
1945	2081
2914	3072
917	1086
1317	1369
2575	2630
2276	2586
3032	3365
2960	3348
107	1088
694	756
1989	2500
1945	1947
2354	2504
917	1371
973	1702
107	1556
2028	2336
3458	3792
1912	2543
980	1891
23	83
3331	3405
2304	2512
2827	3226
965	1225
2730	2844
1948	2087
2739	3366
1572	1877
3926	3938
2059	2275
1716	1872
2850	2906
2131	2201
2742	2991
2026	2338
917	1382
2473	2649
729	856
2875	3302
2877	3104
921	1516
2409	2520
1059	1689
2046	2184
2133	2377
2664	2738
3219	3409
2676	2919
1032	1706
3571	3579
988	1279
2936	3397
2474	2580
2875	3350
1088	1098
2037	2108
1813	1868
1912	2215
995	1171
1926	1945
2074	2404
3624	3679
1258	1658
2818	3353
1942	2429
2077	2410
366	497
1456	1471
1343	1699
3702	3891
3469	3726
1026	1305
2172	2482
2103	2606
1611	1647
2819	3221
2001	2538
2103	2573
3716	3799
2189	2241
1997	2271
2374	2392
422	620
1927	2459
1112	1800
2098	2507
1951	2009
2030	2469
2054	2399
1921	2648
1943	2271
2669	2910
2063	2340
2974	3362
2150	2323
1182	1603
2095	2586
1953	2340
2866	3064
2030	2220
3553	3802
1079	1662
2846	3321
2043	2086
1647	1715
378	488
363	1332
1400	1692
815	845
1451	1786
194	242
1352	1467
1391	1520
1971	2172
2765	3297
432	507
1975	2126
3009	3204
2077	2253
2074	2206
538	1122
2224	2319
1017	1563
2754	3065
2053	2398
1376	1724
4011	4031
3099	3242
3396	3422
2977	3084
2532	2553
1101	1665
1984	2549
1021	1596
1609	1620
876	882
1966	2140
2323	2485
3460	3726
1610	1639
1185	1509
1060	1100
2331	2559
1962	2005
724	731
1927	1958
3705	3907
1584	1736
2157	2192
1945	2241
2131	2290
3120	3146
1269	1547
1923	2557
2698	2988
1068	1823
2813	2979
1250	1612
1014	1324
1029	1256
1684	3387
2489	2542
56	185
1014	1215
1980	2018
1926	2608
925	1617
1279	1462
917	1725
1932	2246
1746	1768
2962	3001
1245	1661
2751	3035
902	1190
1684	2977
733	795
2433	2615
374	431
200	248
2575	2593
1175	1484
1335	1804
3075	3313
1076	1861
2122	2308
3646	3758
1054	1110
1278	1750
1950	2159
3120	3350
2046	2560
1343	1831
2777	2945
2030	2188
1577	2417
0	136
3553	3710
747	819
1684	3348
1476	1642
2043	2103
374	465
2897	2946
2887	3004
2818	3067
2868	2936
56	122
1007	1303
412	436
1447	1669
2950	3258
2138	2491
3213	3417
2333	2530
2218	2381
2062	2347
2121	2468
594	4011
1981	2294
2279	2372
2687	3345
496	565
1024	1800
2970	3280
2033	2257
1329	1559
2870	2934
3456	3545
2749	2940
2668	3117
2698	3090
2030	2103
1684	3214
2403	2534
2236	2580
908	1203
1730	1741
1019	1345
1917	2601
1076	1222
2133	2224
3590	3815
3545	3674
1917	2033
2819	3328
1467	1761
1238	1377
3553	3840
1017	1668
1912	2038
2992	3297
3054	3084
2329	2467
1331	1399
3585	3949
1939	2096
1912	2487
2200	2552
2485	2495
1943	2331
2374	2623
178	345
3148	3360
1047	1160
2122	2578
1201	1888
1491	1572
1226	1541
2140	2188
2750	3232
726	754
944	1051
2313	2534
3758	3906
1048	1334
1465	2191
1456	1524
990	1684
3981	4019
1470	1826
3106	3116
2386	2467
3719	3895
144	312
1211	1538
2037	2574
484	503
3002	3233
2810	3135
705	828
1938	2579
2773	3040
2277	2335
3619	3970
617	685
1973	2364
2753	3344
1688	1811
2150	2655
1184	1617
2117	2419
823	828
3090	3362
933	1503
1926	2282
2520	2573
1939	2475
2719	3120
1488	1668
2892	3154
5	204
752	805
1966	2386
2451	2543
2111	2512
1388	1402
2040	2142
2266	2615
2102	2529
2705	2815
3627	3635
3035	3049
1211	1813
2244	2352
1049	1128
394	511
1311	1496
2037	2088
3542	3817
2282	2390
1684	3098
2071	2372
1991	2011
9	148
2940	2966
2936	3154
2306	2526
1718	2547
2119	2129
1146	1302
3047	3348
456	524
3830	3880
376	473
348	355
1335	1816
2242	2395
415	445
2864	2919
2078	2550
1994	2332
2961	3294
1947	2183
1684	3380
3220	3324
359	470
1447	1632
2729	2773
3163	3226
1124	1702
2777	2925
1078	1181
2121	2326
2529	2531
1114	1179
2849	3185
2202	2378
2347	2563
3187	3365
3437	3763
1557	1757
2862	3363
2220	2369
2029	2637
578	582
1198	1242
1918	2423
2680	3022
2500	2552
2188	2553
107	1396
2550	2575
3705	3867
925	1539
707	746
2620	2657
436	566
389	1348
1409	1431
2863	3082
924	1366
3069	3191
3486	3826
1945	2319
2184	2430
2879	3423
942	1871
1101	1746
1570	1621
635	681
487	525
2601	2607
1390	1741
24	101
1079	1329
1912	2403
1457	1584
355	402
2005	2504
3758	3969
629	1400
2201	2369
3078	3195
118	313
3416	3434
3739	3874
2117	2394
1989	2033
180	302
2840	3225
1983	2504
2123	2139
1199	1211
1149	1810
1327	1800
353	446
2043	2165
2053	2347
2190	2329
2172	2339
1912	2377
2086	2593
2945	3158
1205	1714
2347	2427
8	193
588	633
1125	1516
2139	2184
2201	2619
1399	1741
2086	2179
1419	1594
2078	2240
2331	2549
1024	1809
2875	3261
3104	3426
2043	2359
1250	1431
1947	2347
2203	2491
2275	2460
1185	1799
2088	2625
2754	2863
421	500
348	493
708	824
460	479
2492	2619
1048	1075
2100	2558
1675	1891
1104	1857
3466	3945
1081	1573
1941	2108
2664	3174
136	2292
2150	2549
2702	3395
1912	2360
1997	2561
1121	1496
2828	3038
1661	1812
2502	2544
1604	1811
2189	2330
389	949
1006	1480
1020	1786
2761	3426
925	1750
1059	1823
3459	3614
1250	1724
866	881
1331	1522
3638	3848
1282	1347
2215	2239
1593	1825
3437	3518
1948	2028
2395	2556
3849	3904
1063	1431
2309	2374
2960	3129
1600	1879
3437	3544
2954	3221
2268	2491
1334	1730
1273	1432
1238	1791
3060	3258
2072	2598
980	1632
473	560
2029	2294
3052	3202
2996	3321
2054	2652
150	324
1054	1092
2086	2543
1352	1535
2719	3115
458	497
2243	2509
1467	1623
408	556
504	531
1135	1522
1351	1668
3229	3392
2181	2587
3285	3410
1373	1481
3078	3284
3150	3277
1110	1724
2081	2247
3117	3431
2741	3234
1102	1286
2484	2619
1059	1570
538	1543
2002	2304
3020	3083
1158	1322
3084	3400
1427	1625
1536	1876
1684	3342
2793	3316
3506	3895
526	637
1632	1736
2194	2465
2775	3273
1551	1612
1124	1799
1479	1661
2188	2495
1431	1612
954	1649
2574	2625
1737	1752
2071	2283
395	559
2324	2619
2086	2093
1102	1309
107	1288
1004	1683
2317	2448
2674	3288
1132	1288
1135	1663
2161	2379
1134	1474
3132	3335
176	271
1060	1432
2081	2176
1006	1800
2084	2276
3696	3933
1204	1462
2124	2150
2199	2280
578	635
2047	2246
3559	3891
3640	3730
2756	2786
2110	2415
2073	2220
3101	3381
1970	2415
2129	2402
2004	2660
1199	1886
1605	1757
2174	2338
1080	1427
1471	1886
1146	1879
1969	2302
2223	2345
3098	3195
592	598
1723	1864
1067	1115
637	1628
3722	3921
984	1273
136	2451
2072	2328
3788	3841
2951	3007
3437	3677
3633	3851
1684	2716
2757	2867
2985	3301
1537	1806
1089	1168
1991	2159
637	1574
2083	2655
432	553
2827	3390
2751	2878
2782	3348
1783	1894
1995	2024
2212	2370
388	475
3584	3690
2279	2330
1079	1340
119	176
2944	3394
1684	2686
3132	3288
3022	3426
917	1057
2945	3098
3242	3329
3622	3719
420	471
1468	1648
348	412
469	563
1126	1431
1004	1757
1234	1443
932	1620
2042	2516
3924	3969
9	186
2007	2616
856	869
2133	2557
1947	2196
3990	4007
3459	3945
1946	2485
3437	3973
2213	2290
2244	2526
1926	2537
1964	2362
902	1019
2352	2359
2240	2258
2124	2165
980	1643
1199	1597
2719	2742
304	334
1942	2556
3019	3233
2523	2612
107	1371
1966	2165
2234	2478
1912	2566
2500	2591
1160	1723
2793	2875
107	1811
2662	3397
2418	2477
1098	1187
2553	2590
2097	2657
2083	2275
1302	1604
2247	2498
3064	3195
1066	1820
1962	2179
395	561
1222	1717
3115	3434
2141	2211
2428	2593
2890	3052
1991	2636
1098	1140
2689	2966
2953	3238
2708	2875
1352	1683
423	436
1945	2509
1424	1548
2040	2573
2601	2625
1211	1746
1928	1976
1985	2521
2103	2370
348	362
1953	2586
2784	2979
1146	1269
297	323
2042	2436
1622	1849
705	719
1684	2772
2413	2529
971	1247
2109	2414
412	517
781	834
1182	1608
1344	1644
107	1042
2133	2588
2157	2378
2127	2592
1722	1805
2302	2512
2037	2131
2093	2278
2752	2812
2151	2273
2053	2302
2191	2475
1199	1658
947	1612
2867	3433
1912	2009
2264	2267
475	491
980	1683
3604	3966
3064	3142
762	842
1413	1591
2009	2011
566	676
3026	3123
1006	1388
1281	1720
1665	1816
2946	3117
2742	3150
957	1479
1957	2025
2700	3431
2927	3119
3040	3226
1984	2261
2216	2244
493	557
1347	1872
3115	3179
1932	2372
917	1536
2793	3132
107	1644
2035	2361
2220	2611
3623	3786
2374	2578
2040	2600
1912	2200
2257	2564
2326	2356
3208	3411
3521	3962
698	747
2257	2520
2684	3011
947	978
2165	2190
2666	3232
997	1608
1966	2484
2372	2491
2489	2625
526	1487
966	1621
1577	2010
1291	1437
1396	1893
705	761
1079	1390
2869	3239
1938	2200
2854	3394
3060	3082
1125	1620
2111	2652
1261	1751
1385	1770
436	673
2333	2597
1369	1780
3507	3754
967	1467
1987	2038
1199	1712
1265	1861
2746	3363
1953	2363
2182	2610
1315	1423
2233	2446
934	1612
2950	3075
1809	1826
1959	2232
1604	1685
2031	2480
1148	1426
2216	2655
3437	3532
2218	2549
1467	1768
2315	2533
3089	3403
395	419
1204	1454
2797	2845
2240	2559
2028	2138
2699	3283
1261	1495
2939	3101
2081	2319
2059	2591
1146	1877
2716	3299
2212	2560
2093	2356
2716	2992
2744	3256
4006	4027
417	492
3232	3426
113	252
936	1223
2055	2201
40	212
2730	3302
2356	2624
1735	1769
1912	2545
1173	1329
2666	2773
414	667
947	1813
1040	1668
1938	2619
1955	2436
188	280
2324	2347
1189	1226
3449	3962
9	252
637	1645
186	331
107	1268
3761	3915
2499	2631
1144	1174
3023	3056
1364	1794
2673	2777
2901	3418
422	682
1912	2118
606	1897
1047	1352
2229	2464
2592	2597
1376	1663
2840	3039
2410	2500
2054	2117
2045	2060
2590	2646
2082	2152
1985	2083
2250	2555
1912	1933
1173	1330
2064	2590
3330	3419
376	446
2894	3331
966	1547
2253	2324
3491	3962
2244	2404
1173	1902
1175	1352
1291	1804
2243	2518
2232	2417
2717	3056
1927	1935
2056	2578
3398	3405
1166	1282
1528	1675
2305	2385
1205	1796
2224	2502
993	1851
1097	1880
1132	1789
2009	2435
2071	2330
2877	3238
2955	3403
2009	2018
1644	1823
3079	3411
1012	1075
2064	2482
3070	3397
2104	2374
1917	2520
1222	1849
907	980
773	781
1573	1862
3049	3252
1300	1645
372	429
3098	3387
2314	2397
1341	1750
974	1703
1663	1796
1871	1894
2478	2624
2334	2430
2356	2625
1918	2604
3712	3838
13	277
2302	2472
1003	1637
353	471
1336	1668
3464	3602
1328	1825
1912	2149
2365	2659
2052	2319
1052	1541
3064	3163
165	334
1912	2366
1583	1862
2206	2407
2601	2654
1431	1520
1004	1516
1078	1376
1513	1535
2104	2624
637	1853
2237	2607
1945	2052
1345	1873
1946	2306
2160	2341
3135	3417
2081	2543
917	1108
1614	1800
1447	1608
2247	2594
1551	1570
2757	3195
1416	1612
2927	3033
1945	2498
1603	1608
1675	1888
1361	1791
2753	3434
367	547
1589	1799
1153	1256
2742	3082
484	1512
421	545
2040	2619
974	1134
2742	3182
2730	2932
2290	2543
2102	2547
1242	1819
1681	1727
1954	2292
2153	2616
2676	2897
1199	1214
54	119
1938	2046
437	463
3051	3185
1117	1608
2446	2655
3610	3660
3158	3417
2143	2169
917	1281
2906	3078
409	456
1730	1775
3117	3174
1181	1250
978	1537
2278	2495
1472	1725
1059	1557
2138	2589
2793	3214
1341	1707
21	281
2043	2489
161	252
1984	2115
107	944
2127	2148
2268	2616
1060	1459
1509	1559
3594	3883
1041	1831
2088	2103
2754	3137
2206	2391
2989	3335
1966	2387
2222	2438
68	263
1580	1741
1014	1235
3599	3666
1935	2538
2730	3289
2255	2320
2117	2226
1943	2122
1791	1827
1184	1199
688	724
2299	2352
1385	1778
1067	1448
1938	2381
107	1210
752	853
2266	2484
3256	3425
3627	3681
1334	1535
901	1137
3078	3108
2109	2395
1181	1554
3671	3821
2246	2643
1929	2040
3345	3406
1684	2961
3640	3832
2873	3364
2951	3421
2557	2603
1578	1638
739	754
1267	1590
3437	3821
372	410
1029	1580
224	236
654	677
1547	1789
1698	1806
1101	1612
1014	1129
2196	2417
1335	1621
3002	3113
2218	2500
1331	1685
3488	3830
1107	1603
2150	2564
1563	1707
2125	2603
1590	1643
989	1462
1440	1865
1981	2235
3513	3932
2897	3098
2347	2491
1230	1554
2374	2615
2184	2630
1056	1805
2526	2631
1102	1245
3514	3635
2103	2323
2855	3280
107	1859
3596	3692
2118	2552
2033	2323
363	517
2377	2511
2040	2184
2777	3054
2144	2589
2030	2040
3721	3877
1336	1399
2781	3221
1154	1785
2059	2326
3821	3906
2775	2947
2507	2575
1227	1841
1043	1197
1201	1329
90	179
2730	2812
696	711
1289	1707
1520	1800
199	203
2664	2754
2666	2988
1006	1604
1479	1515
2243	2328
1078	1833
2846	3109
2071	2377
1139	1308
2086	2363
773	842
2673	2877
966	1370
1932	2135
2038	2289
1714	1867
1204	1298
3150	3406
2679	2953
2040	2546
2104	2546
460	560
2352	2410
1902	1911
2367	2566
2032	2280
2662	3316
1432	1824
753	769
2059	2093
946	1799
1268	1814
3098	3226
1472	1536
2394	2543
966	1556
2881	3124
1149	1643
412	593
2179	2504
3513	3616
2052	2247
2743	3293
2717	3033
921	1128
897	1447
1752	1819
2068	2223
1488	1662
3082	3116
3437	3854
2283	2344
1946	2037
2748	3070
3475	3484
2235	2344
2169	2642
3140	3277
2327	2589
2058	2526
2419	2589
1663	1868
3629	3840
1149	1305
1399	1757
980	1242
2306	2410
1562	1886
3114	3426
1039	1107
2085	2566
2836	3421
2071	2336
107	517
3049	3335
1663	1675
1369	1405
2429	2624
414	480
580	1881
2148	2592
2734	3340
1302	1799
2839	3149
588	617
2058	2564
1078	1124
2901	3214
1296	1529
1132	1184
647	650
1283	1523
2268	2530
2763	2806
2937	3115
2756	3362
930	1766
432	513
1246	1749
559	567
0	71
1684	3150
3454	3642
2464	2499
1605	1663
1688	1816
2904	3116
722	820
1045	1337
758	808
2140	2229
2849	3152
2145	2659
2999	3072
1181	1888
2554	2593
1107	1617
1567	1806
0	246
698	772
2201	2504
2991	3185
2450	2632
3076	3434
2908	2911
1376	1420
1214	1804
2372	2445
107	999
980	1516
2064	2551
2866	3339
2446	2550
2081	2385
2118	2638
2069	2150
2112	2464
1076	1804
1434	1544
973	1656
1017	1610
1684	2813
766	828
400	641
2191	2436
1563	1845
1727	1881
2446	2492
1076	1467
3437	3744
2189	2588
2430	2553
2206	2606
2294	2463
1578	1862
2302	2471
2308	2492
2784	2856
2127	2187
104	239
0	153
1391	1843
2464	2586
82	268
1277	1379
2939	2992
2200	2218
376	491
1082	1120
916	1746
971	1706
423	586
2278	2507
2290	2539
2757	2919
3360	3431
3566	3662
3344	3386
3185	3360
3287	3332
110	264
3179	3258
1715	1720
2030	2619
1684	2771
1793	1879
1028	1718
1944	2133
1470	1509
2207	2259
64	189
348	436
2074	2139
1538	1799
2190	2391
2271	2553
2243	2537
3526	3553
1184	1700
2074	2200
3501	3545
3545	3913
2395	2625
1687	1825
1032	1235
709	739
2803	2813
2398	2401
3118	3233
107	1895
1927	2585
1185	1643
2468	2597
1989	2331
3542	3940
2083	2347
736	850
2069	2098
1160	1487
1935	1995
2200	2623
3035	3252
2927	2988
972	1256
366	1374
2093	2542
1191	1675
925	1334
1040	1589
1359	1826
239	277
3093	3154
3437	3502
366	408
366	538
963	1568
1991	2538
1028	1663
1282	1786
1557	1799
1547	1707
0	109
3524	3584
3741	3852
2153	2187
3017	3224
107	1666
2867	2920
376	556
1377	1388
1271	1471
1509	1804
2913	3224
992	1837
414	434
483	535
388	503
3437	3855
2081	2304
483	1374
1388	1707
2125	2319
1973	2620
1662	1774
1684	2964
107	1382
1009	1786
2767	3314
2003	2072
370	395
3033	3098
0	339
75	170
353	497
2044	2478
980	1049
107	1447
1235	1475
2007	2509
2913	3250
2730	3215
196	266
3182	3386
932	1191
3437	3533
2676	3195
1246	1630
2289	2474
1330	1420
3019	3068
2292	2567
1074	1460
1352	1860
2340	2539
1986	2033
1962	2112
993	1750
1291	1888
2872	3098
1945	1959
2134	2616
2338	2468
3166	3174
1114	1263
1457	1746
1222	1447
2174	2296
2707	2719
1839	1888
3497	3518
2374	2414
2324	2433
3551	3925
2043	2140
2020	2573
34	428
2244	2353
538	580
1818	1885
1917	2112
2120	2523
2233	2543
2127	2629
686	785
2694	2754
3115	3252
2880	2946
1467	1597
2271	2446
1940	2555
2165	2271
2782	2815
3529	3554
2135	2384
983	1849
85	274
3518	3730
3101	3265
3486	3900
1370	1589
1020	1732
3700	3911
594	3980
1347	1755
2331	2607
1336	1632
414	634
541	563
896	1611
1327	1352
2904	3406
2778	3111
1824	1894
1205	1898
2309	2575
1060	1086
1912	2191
2749	2786
954	1281
2213	2275
2212	2266
1288	1380
991	1590
1211	1736
2135	2502
2372	2510
107	1194
1626	1813
1204	1680
2720	2932
2239	2436
2793	3406
603	611
2960	3004
902	1347
3206	3320
2133	2594
2059	2484
2324	2500
1420	1637
225	227
3737	3838
1099	1373
2352	2526
1123	1467
2874	3433
4007	4016
2287	2428
2069	2549
2210	2495
2121	2329
2423	2482
2060	2139
1798	1880
492	591
1912	2252
2469	2600
107	1395
2122	2165
2143	2159
1949	2152
1935	2022
2037	2578
2681	3301
2211	2419
2734	3186
3038	3203
1129	1158
1070	1525
2745	2789
2046	2492
2561	2602
1993	2521
2053	2273
107	1360
946	1836
930	1844
2164	2369
1179	1778
2800	2913
1596	1841
698	882
2881	3199
1684	3293
2741	2924
1149	1196
370	559
1267	1712
1993	2579
2334	2559
2338	2344
85	156
1302	1736
355	382
2300	2326
1663	1823
1684	2958
2335	2523
1939	2603
2675	3189
2377	2582
1024	1449
759	828
2323	2462
2916	2969
1963	2601
1079	1833
1041	1052
2423	2601
1467	1509
107	1848
2176	2610
2390	2438
2460	2504
2662	3191
1754	1864
2200	2408
1322	1841
2206	2579
2007	2414
3132	3206
1959	2243
2253	2359
389	497
3769	3778
3657	3743
428	1545
1100	1292
3098	3119
2780	2785
1945	2194
30	48
2664	3149
3120	3434
566	1574
1416	1835
3713	3907
1416	1597
4016	4025
463	489
2090	2381
2937	3378
1615	1708
194	346
698	798
1948	2617
2717	3022
3577	3656
2184	2482
1954	2629
1136	1806
2124	2542
2266	2467
2430	2460
2025	2365
451	561
921	1520
3667	3736
1257	1591
2663	2731
2092	2526
57	320
1435	1827
2847	3144
1559	1809
1195	1891
1212	1234
3070	3239
2190	2654
3722	3862
2247	2333
3145	3280
1917	2329
2387	2410
861	878
1271	1605
2679	2800
1240	1642
1229	1591
1377	1868
3437	3513
2511	2603
1017	1289
2425	2581
1663	1842
3169	3416
2223	2589
2009	2027
2244	2347
2472	2592
2329	2500
3154	3295
3291	3313
1684	3257
1132	1712
925	1339
2045	2376
1943	2323
21	297
596	1129
2706	3293
2673	2754
2921	3198
1501	1909
2250	2436
2133	2617
1927	2447
2188	2625
2915	3435
3167	3365
2839	3363
1554	1557
2578	2654
1337	1860
1018	1729
2873	2905
3564	3803
1312	1570
914	1807
2756	2915
29	40
2121	2578
1375	1721
436	523
3351	3416
2810	3084
2088	2591
694	815
2224	2451
592	617
1375	1623
982	1456
1912	2183
2330	2597
2090	2257
122	236
2290	2324
3320	3397
2200	2216
3631	3711
1984	2623
1962	2543
3082	3411
1281	1309
2118	2303
1912	2046
2786	3435
1172	1598
348	422
1758	2764
3051	3162
2030	2108
1091	1271
2122	2376
2002	2241
2590	2604
2905	2912
3118	3403
1718	2254
577	615
2090	2542
1614	1772
1205	1804
2098	2323
2056	2376
1241	1373
2112	2353
1704	1729
1973	2127
1045	1197
1059	1621
773	836
1993	2630
2533	2635
2309	2410
2087	2445
1493	1895
922	1123
1214	1793
107	1531
1684	2857
2199	2228
1277	1550
1456	1712
2680	3363
1530	1813
134	277
2408	2655
1384	1505
1983	2189
1076	1344
1684	2693
2142	2611
2383	2646
1100	1229
1916	2128
1595	1820
2157	2538
116	343
1337	1702
467	572
3124	3215
2000	2636
745	762
1076	1877
1399	1809
2258	2408
1985	2056
1619	1849
136	2117
2867	3078
1416	1714
1238	1551
107	1252
1059	1714
1938	2376
1258	1703
1235	1742
486	554
2469	2549
1666	3222
3152	3297
2482	2607
2509	2649
2279	2643
1078	1761
1080	1543
708	840
2102	2463
2864	3387
1341	1608
483	1357
2418	2607
2047	2066
1943	2074
2880	2897
1204	1729
2428	2485
2244	2646
1765	1842
1047	1902
2906	3149
2053	2509
1128	1894
2347	2428
3177	3241
1104	1691
3078	3426
1869	1904
2076	2486
1960	2089
113	239
2027	2626
2143	2289
3625	3797
719	845
3825	3931
3111	3240
3411	3434
1962	2290
1912	2473
2067	2200
1835	1888
2206	2308
2396	2594
1192	1661
765	792
2134	2191
2112	2495
2698	3387
2683	2887
457	516
483	1742
1746	1888
2459	2529
3571	3701
934	1804
2472	2599
2111	2203
2376	2477
1984	2103
2068	2302
1352	1609
2058	2139
2910	3056
760	842
1960	2659
1946	1984
1405	1509
2462	2601
2111	2222
3040	3284
2125	2368
2071	2471
3829	3843
1367	1551
1684	3087
1437	1736
1079	1612
2032	2463
2109	2324
2124	2374
1056	1280
3623	3768
2347	2609
2280	2394
1171	1534
2283	2461
1312	1563
2352	2586
1129	1628
2707	2964
72	199
80	300
2125	2283
2464	2484
1155	1574
2035	2488
1962	2093
1940	2138
1671	1831
787	803
2904	3291
2247	2491
80	330
1114	1692
3499	3881
2789	3130
139	284
2122	2218
3722	3835
3886	3971
3997	3998
1375	1888
1912	2073
483	1080
3240	3330
1559	1800
951	1540
1166	1261
984	1261
1322	1448
2538	2640
2045	2098
2090	2240
1324	1783
2738	3364
2123	2309
1261	1742
2462	2602
3793	3896
3605	3672
2989	3198
417	538
1523	1863
188	322
1684	3010
3625	3677
1070	1531
387	513
3477	3637
2143	2475
2340	2418
333	343
2482	2593
1935	2494
997	1359
579	619
1099	1894
1078	1149
1605	1675
2210	2354
1075	1827
2743	3220
1003	1652
1427	1773
1621	1819
1171	2826
2268	2544
9	170
2083	2381
2950	3246
3279	3395
2283	2396
133	232
1985	2216
1376	1491
1021	1345
1146	1663
2928	3387
2098	2290
226	312
2743	2994
1068	1207
1310	1876
1015	1044
1948	2143
2720	3051
1684	2701
1277	1859
2299	2359
2343	2629
2294	2368
1932	2032
2123	2462
745	790
3515	3566
1717	1757
2867	3399
2028	2475
3363	3394
3510	3668
3437	3678
1158	1448
3300	3426
3915	3972
3039	3076
1659	1819
542	561
1920	2461
1550	1841
1684	2928
56	231
3145	3185
1421	1719
1382	1751
1189	1338
2123	2556
1912	2547
942	1820
964	1041
2	116
2083	2124
2810	3056
2122	2489
3353	3355
412	504
2045	2489
796	818
1817	1858
136	2027
2305	2572
1156	1470
2694	3301
2088	2300
2318	2362
1190	1231
1943	2165
2173	2412
1367	1509
2754	2974
2328	2643
2125	2176
431	432
1942	2084
417	431
2331	2613
1925	2340
2680	3426
2511	2653
2820	3190
2220	2353
431	517
2088	2363
2846	2914
2460	2526
3730	3737
1408	1602
1613	1823
83	84
2073	2331
1242	1250
2030	2532
1369	1644
1274	1698
1920	2259
2686	2932
3471	3852
1028	1471
1628	1715
107	1163
1267	1597
2237	2331
188	341
1036	1322
107	1352
113	271
1142	1332
2188	2329
1636	1786
107	1612
2084	2271
1684	3399
925	1590
3158	3238
1079	1791
1939	1948
545	559
3193	3234
500	527
2257	2409
3526	3850
909	1788
1959	2533
1006	1132
1011	1541
2742	3206
3080	3390
1211	1843
1941	1945
747	754
2045	2056
2275	2539
1606	1695
3005	3172
925	1399
2805	2806
1963	2331
1954	2347
1099	1893
1809	1888
3155	3368
2133	2582
2542	2546
573	672
2118	2467
422	678
2672	3320
1235	1591
0	67
2102	2461
271	315
2033	2287
2237	2551
412	683
933	941
1684	2847
3980	4004
2875	2894
1931	1991
2181	2373
669	671
967	1377
2430	2623
2081	2471
2547	2555
2674	3115
2068	2189
1963	2507
463	570
3577	3721
2087	2293
2506	2574
3291	3337
1628	1636
3017	3299
49	241
1642	1674
2519	2598
713	722
2392	2446
3437	3915
313	315
417	570
1587	1728
23	124
637	1526
2043	2546
2391	2625
1198	1532
3705	3763
1082	1235
1021	1495
1019	1862
1580	1614
983	1125
1935	1980
366	483
1083	1091
1912	2505
2200	2348
1465	1883
2753	3106
1235	1404
2207	2393
2045	2469
1204	1887
0	326
2741	3000
1006	1126
917	1245
3813	3830
920	1860
2989	3378
1981	2075
2681	2786
3169	3381
2098	2218
3084	3149
1943	2485
2901	3344
1305	1509
1984	2121
916	978
1522	1768
2763	3023
2306	2578
1918	2115
0	23
2093	2414
936	1645
1951	2171
2210	2607
2865	2979
2030	2546
1006	1086
2793	3115
107	1729
2984	2992
1917	2299
1440	1911
1920	2399
1684	2940
1063	1288
1983	2560
2276	2591
2155	2425
2749	3022
3148	3331
2828	3344
2977	3129
1221	1709
2002	2509
966	1800
2661	3049
2793	3297
2188	2630
3163	3435
1945	2315
3049	3419
2386	2464
2478	2550
1006	1219
1985	2578
1431	1643
1312	1793
984	1706
1600	1621
2043	2591
2125	2588
107	965
2144	2401
2755	2909
3508	3607
1316	1661
1014	1871
2879	2959
997	1480
686	738
3437	3508
2828	3391
2977	3014
1335	1888
1941	2462
2404	2468
3076	3152
983	1390
971	1489
1079	1730
1737	1816
1005	1504
2996	3224
1014	1166
1979	2257
350	397
3821	3933
1255	1609
3052	3234
651	1223
700	784
1037	1904
2753	3280
1165	1719
2800	3417
199	298
3241	3371
107	1393
1124	1160
1459	1515
3986	4017
2109	2611
1630	1727
1938	2429
1047	1146
2304	2432
2706	3362
2201	2430
2754	3026
2964	3038
2782	3399
1048	1365
703	831
1986	2140
1075	1752
1068	1181
170	315
1099	1166
978	1199
730	763
1250	1659
2833	3297
2661	3330
3574	3635
1912	2158
2073	2563
2220	2638
2680	3284
1610	1804
2729	2993
1912	2622
458	469
1175	1214
772	827
2839	3096
2279	2649
2229	2391
1153	1816
3169	3316
1376	1608
1912	2447
942	1309
1925	2638
1479	1502
2198	2419
1685	1861
2010	2294
149	312
2958	3261
1950	1980
2348	2369
2165	2404
3577	3944
107	961
2966	3047
1048	1559
366	482
1086	1571
3174	3195
2915	3303
1619	1665
2125	2512
588	644
1465	2530
3471	3971
580	1616
1985	2340
2719	3351
1688	1845
459	516
1250	1689
1261	1282
2031	2036
1215	1429
946	1683
374	556
2933	3363
2155	2325
2932	2938
1997	2550
713	805
2675	3187
1805	1852
3166	3232
975	988
3995	4004
2253	2536
2111	2642
2059	2631
1312	1329
1089	1354
2994	3400
1971	2030
2339	2573
2284	2636
1984	2430
1267	1750
2027	2435
1717	1768
1214	1722
2782	3025
1927	2192
3103	3371
3601	3881
2551	2615
2418	2539
2699	3382
2142	2212
1361	1614
2928	3394
2915	2927
1920	2420
136	2111
777	780
3520	3625
2081	2609
981	1322
2024	2659
3734	3830
1459	1706
2022	2585
1517	1741
2924	3384
53	130
1101	1559
474	546
580	1853
927	1520
21	284
2093	2654
1170	1296
0	223
1026	1352
2142	2190
3830	3898
2680	2705
2171	2365
2172	2485
1402	1722
874	885
2582	2588
1718	2198
2384	2498
3437	3833
1993	2069
1998	2626
1274	1445
1331	1589
1181	1199
1402	1714
3596	3926
1920	1987
1054	1644
2005	2556
2199	2555
1313	1543
1215	1790
2112	2579
1377	1864
2085	2232
1352	1559
1205	1868
360	510
3766	3776
2786	3363
2087	2246
1691	1716
3486	3572
1132	1619
3514	3824
2870	3275
2267	2592
999	1551
2926	3402
2011	2660
391	548
68	177
1725	1729
2123	2591
1459	1489
606	1692
932	1440
2112	2561
1077	1642
1217	1794
1941	2526
3064	3096
3051	3287
2108	2631
2410	2553
2030	2482
716	820
2778	3201
2436	2629
2761	3193
1004	1522
203	268
2010	2325
627	632
1684	2971
3197	3345
2250	2491
1246	1699
1185	1219
2140	2468
2187	2589
2187	2471
2160	2405
1198	1789
2111	2519
2072	2075
2101	2509
1370	1898
2887	3029
1929	2115
3099	3329
2124	2154
2306	2602
3609	3618
2063	2154
483	520
1327	1911
1398	1449
492	544
1665	1813
2754	3105
1238	1714
1702	1806
1538	1556
95	147
632	662
1141	1304
2559	2602
2706	2940
1214	1669
2386	2552
2781	3288
2327	2343
2679	2915
398	517
1925	2172
1514	1801
1948	2471
1390	1584
2559	2564
3452	3611
1962	2257
2725	3302
2218	2467
2976	3060
484	538
2104	2646
456	495
643	658
589	611
1917	2576
3111	3279
1124	1813
2498	2588
412	430
1684	3017
161	213
1601	1629
2002	2081
460	535
3528	3860
2376	2646
1006	1600
2124	2408
932	1571
3982	4026
3054	3348
2665	3214
3578	3830
1089	1672
1984	2131
2162	2313
3437	3903
2359	2428
2266	2370
2283	2567
107	1902
2502	2605
3252	3406
1580	1898
373	425
2261	2611
2022	2202
2324	2638
1447	1721
1912	2649
1411	1523
2060	2233
1665	1800
2075	2282
1912	2584
2927	2981
3576	3930
1520	1603
1456	1888
629	1679
1272	1305
993	1205
1966	2348
2494	2538
697	835
0	26
933	1215
1110	1864
2145	2637
107	1664
3044	3119
1984	2188
946	1405
1491	1721
1280	1598
1066	1459
1932	2283
2205	2211
2706	2754
1605	1619
1182	1761
1554	1559
1552	1858
2944	3232
936	1237
1060	1893
10	277
3734	3962
897	947
1921	1968
1920	2062
903	1880
902	1591
1001	1237
107	1646
1025	1536
1017	1370
1184	1665
1076	1523
2140	2485
1966	2307
2669	2940
1912	1959
3188	3277
1036	1550
2206	2233
1059	1750
2043	2408
1543	1692
2326	2586
3896	3951
1078	1842
3437	3670
1914	2022
1597	1823
2306	2446
2233	2539
2672	3113
2039	2328
407	426
2009	2157
1600	1659
2919	2927
1437	1909
2983	2999
3612	3937
2474	2577
1289	1551
2191	2372
1142	1464
1684	3334
2259	2443
1992	2320
2556	2655
2084	2266
1198	1827
159	172
2054	2325
1947	2153
2915	3092
1085	3797
1120	1781
1912	2574
916	1456
2543	2615
3224	3267
1985	2324
2151	2468
637	1148
7	31
1012	1358
1352	1390
1155	1645
3038	3395
1059	1180
1423	1426
2901	3035
107	1719
2162	2238
515	559
3868	3892
3596	3966
2257	2507
232	291
3011	3398
2283	2616
3508	3747
436	559
1338	1699
563	1574
1082	1129
1598	1898
1993	2593
2003	2222
1987	2047
3206	3240
2956	2960
3980	4029
2669	3065
1328	1511
1684	3393
2212	2604
1075	1768
2218	2309
2675	3404
2338	2458
1329	1683
2398	2642
1584	1843
2266	2638
2711	2714
2206	2526
2073	2359
1355	1500
2938	3062
1079	1819
2754	3324
1281	1742
1380	1447
2004	2268
2958	3001
2869	3330
2196	2247
348	524
3102	3330
171	189
412	523
1020	1261
1943	2374
2395	2504
1912	2152
992	1371
1324	1751
1954	2268
3072	3097
2331	2574
3830	3911
1311	1681
2263	2528
236	322
2674	3204
2194	2333
2053	2384
1782	1886
2683	2689
1160	1608
2645	2659
2715	3050
2937	3291
348	423
1583	1591
1947	2509
632	675
1726	2678
1060	1158
2374	2606
2674	3017
2233	2469
2119	2313
368	500
2292	2629
2199	2491
1912	2203
2668	3134
475	563
2966	2986
2073	2611
9	200
376	555
1156	1707
2028	2183
2793	3046
366	936
3185	3411
2144	2183
2053	2496
1375	1538
2093	2347
1603	1833
2778	3150
1433	1615
1006	1101
1746	1757
3465	3476
1434	1441
1141	1634
339	340
2233	2546
2364	2435
1388	1637
1078	1603
2679	3363
2730	3395
2233	2655
1333	1787
2240	2630
1006	1336
2574	2631
1953	2408
1746	1823
1523	1768
1684	2665
1257	1432
1345	1573
1538	1793
2188	2244
3038	3093
566	651
1509	1799
1623	1662
9	224
1668	1757
600	681
2777	3304
2763	3000
2046	2611
2290	2381
2559	2646
1981	2026
161	314
428	570
2173	2286
1075	1637
1127	1759
2758	2816
1941	2617
3577	3873
2069	2561
1059	1128
1211	1597
1148	1413
2676	2745
2266	2433
3573	3797
1993	2150
517	1616
2074	2347
2109	2625
1011	1259
3900	3924
977	1482
1979	2489
1146	1238
1036	1432
1102	1495
1407	1864
2118	2136
3814	3949
1449	1804
2064	2240
25	239
1990	2248
2040	2124
1966	2103
2112	2429
732	802
1566	1831
2872	2966
1031	1098
3347	3403
2206	2484
1953	2278
2770	3049
202	329
1563	1730
432	504
3519	3759
2290	2428
2032	2241
2040	2065
3116	3170
2666	3339
1004	1689
2154	2469
2705	2924
2750	2927
1619	1741
2016	2116
2216	2646
1376	1662
2772	2831
1912	2611
1819	1835
2103	2334
2103	2404
1340	1653
2266	2348
1914	2116
2138	2239
2683	2873
2155	2557
857	3437
2271	2607
921	1845
1112	1278
265	271
3642	3828
2102	2203
1470	1483
959	1447
1465	2332
1250	1572
2010	2199
1684	3050
2690	2844
2200	2495
2775	3019
2108	2414
2803	2996
3874	3892
1964	2085
1554	1622
2790	2848
2793	3342
1236	1304
1357	1794
3645	3843
94	194
2768	3263
2460	2575
1962	2347
2940	3417
2395	2462
14	226
495	558
2312	2616
2951	3240
3437	3485
2806	2867
3545	3734
2786	2919
2127	2174
2782	2924
2148	2472
1128	1341
482	483
418	568
3045	3300
1929	2638
1427	1645
1914	1935
2331	2418
1227	1583
3468	3866
396	489
2093	2374
2784	3342
2187	2567
2841	3248
2716	3345
107	1499
2072	2232
2741	2754
2846	3352
2863	3049
2706	3237
1718	2031
960	1078
3065	3108
0	174
2397	2644
3442	3876
2679	3014
465	513
926	1608
2289	2347
3078	3117
442	563
2180	2472
2084	2606
2283	2588
2880	3073
13	239
2118	2142
3064	3426
3605	3611
1684	2986
1572	1730
2183	2224
2537	2543
2047	2319
3994	4030
524	637
2843	3136
484	1677
1945	2597
2179	2356
947	1637
1947	2292
1009	1903
2073	2542
2376	2550
1984	2575
3651	3851
2946	3304
1214	1589
2190	2404
2072	2555
376	1897
2339	2559
1126	1163
960	1302
2989	3291
2086	2489
1998	2001
2786	2912
2845	3261
3567	3868
2688	3328
1746	1804
967	1721
1267	1377
1534	1666
3277	3416
2627	2633
2108	2229
2495	2507
2088	2290
2200	2275
3035	3381
3097	3124
3562	3883
2753	3082
1517	1722
1551	1867
148	176
773	821
3980	3997
2895	3274
2750	2911
2030	2575
2384	2400
907	1464
543	563
2069	2482
107	1748
2498	2649
1059	1669
2172	2300
954	1277
3274	3396
1126	1175
1207	1271
430	451
1195	1594
2881	3377
2308	2446
2731	2981
2063	2324
728	773
2111	2151
1966	2212
2414	2604
65	261
2300	2619
2853	3145
1302	1663
1413	1578
2083	2348
1041	1770
483	930
738	805
348	517
1126	1485
2754	2915
2666	2717
3320	3321
2484	2613
1858	1908
1987	2057
924	954
2068	2543
2477	2578
1049	1123
3089	3406
1929	2140
1205	1741
1597	1879
724	834
2190	2552
1221	1691
1449	1863
1209	1352
2047	2292
3146	3383
1239	1644
1122	1882
2154	2428
1241	1536
2782	2866
1912	2250
2665	2675
2757	2877
2164	2206
1689	1800
107	1662
1332	1645
2719	3344
2308	2539
1312	1622
1605	1839
1483	1551
2698	2974
1086	1431
1983	2352
2793	3330
1559	1753
3692	3962
1789	1877
2115	2485
1132	1516
2509	2616
1375	1735
2355	2531
1082	1432
475	521
1032	1316
1985	2229
2762	2787
1121	1226
2150	2500
1367	1752
2440	2577
1984	2324
2433	2464
2253	2521
2051	2450
2385	2572
412	431
2124	2604
3132	3347
1946	2098
2137	2319
3558	3945
2201	2278
2133	2510
1136	1719
1230	1868
402	444
2073	2299
713	782
2840	3082
1786	1848
2872	3026
3437	3457
2328	2372
3437	3481
2504	2586
2093	2520
1106	1770
3683	3692
2702	3027
2089	2313
637	1679
2708	3182
128	271
2147	2300
2482	2520
1036	1426
3132	3381
1085	1193
2408	2504
2047	2491
1028	1613
1447	1675
2253	2386
2329	2586
1195	1377
2308	2590
2334	2482
2201	2625
1102	1732
2422	2558
1393	1902
1929	2552
3776	3783
39	105
1350	1635
2199	2617
2915	3304
2706	2967
1940	2598
3475	3485
2492	2550
2787	2825
1497	1731
2929	3324
1996	2581
1413	1680
787	823
2283	2592
484	494
1269	1471
3584	3893
449	480
375	538
925	1265
1456	1663
2374	2520
3445	3628
1216	1468
1431	1590
2074	2464
1551	1610
1985	2037
1522	1584
2370	2611
965	1304
2033	2069
1347	1786
1997	2088
1012	1074
694	737
2138	2174
1004	1617
1243	1688
2344	2512
1231	1573
1248	1749
1689	1737
2200	2478
2108	2124
1120	1573
1017	1375
1916	2384
1149	1800
2107	2412
2718	3167
3149	3435
961	1283
3618	3625
1634	1807
2054	2588
2815	2872
65	314
3200	3354
2936	3198
2149	2241
1931	1995
3021	3152
1554	1617
3538	3871
2667	3313
2243	2458
2787	3087
2780	3279
1040	1898
930	1514
1390	1796
2047	2653
2766	2924
1923	2254
2986	3078
2032	2344
3238	3293
380	509
1945	2333
1317	1505
1997	2563
2647	2648
2213	2561
1684	2796
2028	2384
2220	2311
2141	2362
1684	3157
2663	3428
2088	2201
2298	2502
1115	1655
2103	2477
141	276
2992	3145
2037	2201
2189	2476
2772	3357
513	601
949	1121
1004	1603
2830	3233
1074	1230
2969	3056
503	556
2719	3206
1028	1376
824	849
2104	2184
2332	2567
1547	1712
3265	3419
1943	2624
1289	1668
1009	1060
1290	1352
713	746
959	1370
404	536
0	194
1666	1726
2950	3087
2969	3000
2715	2831
2266	2575
999	1757
2913	3339
2356	2381
1440	1718
1925	2409
1534	2979
1621	1659
1964	2608
1951	2022
2172	2409
2112	2600
2124	2323
2059	2074
3692	3851
1971	2037
1374	1599
1912	2559
2266	2306
2026	2247
1211	1835
1141	1703
2312	2319
412	529
2669	2680
2661	2674
1284	1475
3456	3604
2841	3389
2189	2472
2218	2646
1935	2657
3611	3804
1522	1800
2664	3339
1423	1728
107	1176
2038	2144
896	957
2495	2625
2072	2127
3577	3596
1663	1898
1097	1118
2308	2615
3219	3342
1173	1898
1684	3187
2754	3250
2414	2611
916	1330
1148	1423
1132	1467
1021	1715
1577	1954
2339	2468
1307	1325
2140	2200
1925	2536
2187	2294
436	652
2088	2340
1769	1845
1522	1612
1573	1682
2068	2134
2091	2126
1305	1341
1332	1446
1829	1910
1391	1789
3001	3295
2086	2600
2053	2394
3239	3391
2991	3396
376	580
2001	2447
1509	1835
2533	2555
475	489
999	1612
1948	2273
2275	2309
2090	2646
1207	1380
107	363
2150	2495
2047	2169
1172	1604
3032	3187
1247	1807
2138	2203
186	303
3437	3913
1322	1392
463	547
2268	2384
2805	3121
2187	2273
2764	2822
2757	2940
2546	2575
2063	2339
1912	2619
1684	3195
2093	2172
1207	1826
1684	2919
3482	3832
1358	1473
946	1344
2039	2315
2543	2629
94	330
2852	3096
3783	3791
2065	2536
2543	2564
1230	1768
3714	3829
2626	2648
2140	2625
394	438
922	1199
1758	2813
2793	3351
1712	1839
2361	2523
165	169
1444	1738
1730	1839
1282	1630
3833	3896
2027	2364
737	805
2409	2586
2433	2467
62	223
2947	3162
2385	2543
1352	1813
2292	2368
2552	2619
1321	1561
1912	2481
465	511
2034	2421
55	203
107	896
1192	1315
1361	1605
2112	2206
1684	2671
376	456
107	1701
1398	1668
999	1721
1625	1801
1122	1155
2142	2593
107	1351
1963	2340
2750	2945
1995	2009
1985	2179
1955	2279
959	1619
2127	2419
2694	2946
107	954
2383	2482
3004	3362
3097	3275
63	313
1489	1850
3360	3415
1072	1847
1269	1816
2500	2631
1707	1768
3053	3200
1986	2108
366	1549
2086	2601
2233	2611
1052	1436
373	524
1684	2806
2313	2342
3458	3506
3506	3794
3225	3281
3034	3043
444	523
84	304
1787	1880
3612	3895
2039	2241
2920	2940
553	570
2363	2604
1622	1827
2287	2386
1137	1493
743	833
1028	1800
2323	2563
2078	2137
1230	1329
2282	2313
2045	2369
2194	2232
1809	1879
987	1758
2093	2206
2142	2532
2028	2111
952	1833
2782	3363
3119	3257
1620	1823
3353	3385
2276	2469
544	676
2333	2472
1456	1761
2324	2359
1156	1898
2782	2906
2277	2474
1941	2088
1146	1390
980	1367
3210	3366
2250	2344
2706	3234
2220	2462
1110	1175
1959	2279
2561	2591
1017	1842
3630	3829
2026	2398
1953	2369
2304	2333
742	759
469	497
2063	2088
3497	3576
2069	2606
538	1114
2044	2387
1519	1553
951	1337
916	1250
3000	3096
2144	2174
2276	2370
372	547
2268	2589
1923	2211
2005	2233
1459	1862
1086	1112
2712	3357
1979	1997
3705	3924
1966	2088
1912	2071
1979	2040
729	804
1605	1888
1277	1871
1535	1570
1915	2114
3611	3966
1269	1810
3542	3635
2148	2465
3027	3152
2148	2174
1130	1868
3277	3419
1718	2223
1359	1796
2408	2462
3523	3581
2936	3355
1367	1600
3151	3431
1173	1238
1078	1092
3437	3705
1086	1727
0	108
388	513
776	885
1028	1610
1184	1683
3555	3604
2676	2872
2875	3313
2164	2638
2328	2533
1287	1826
1103	1794
2712	2780
2347	2592
1280	1736
2966	3065
369	469
1018	1102
1983	1993
1314	1837
997	1083
142	315
1467	1669
2468	2521
2073	2381
1092	1768
1205	1772
2138	2533
2086	2625
2717	2966
2730	3369
1211	1863
2765	3391
1659	1737
25	141
2609	2629
2154	2307
2103	2121
728	759
606	1183
2028	2032
932	1843
2734	3319
641	1778
1735	1877
1549	1801
2176	2642
500	546
3078	3098
1123	1707
3701	3757
1082	1573
776	867
2777	2910
982	983
724	830
1964	2371
408	461
2042	2250
2056	2084
2763	3324
2810	2974
719	762
1978	2474
2331	2423
2866	2890
2064	2253
107	1638
1367	1683
697	705
2687	3038
2224	2458
2133	2214
1983	2578
414	524
1199	1238
2103	2407
2875	3335
2428	2575
2080	2656
2543	2546
1951	1980
2546	2654
0	179
2993	3149
2121	2536
1959	2132
999	1707
799	813
2720	3201
1465	2512
2879	3309
1040	1107
3132	3316
1645	1844
3556	3688
2306	2623
2048	2292
483	1155
1261	1406
2088	2334
2051	2113
1401	1823
1245	1683
1027	1627
2408	2556
703	718
2080	2277
2951	3017
3725	3857
2839	3174
3136	3379
731	827
1032	1273
26	72
1986	2244
2165	2300
355	531
2352	2593
2863	3016
1184	1724
107	1480
2337	2378
1497	1683
2038	2616
2970	3330
982	1017
1004	1663
1596	1862
3025	3137
1941	2408
2815	3304
2717	2782
3156	3365
2890	2956
1163	1879
2473	2598
2053	2282
2890	3084
1107	1643
1222	1471
1288	1391
1229	1583
1483	1598
1103	1725
107	1225
1419	3178
1171	1883
1590	1902
2184	2376
107	1230
2676	3040
3692	3948
2095	2339
1180	1879
2911	3232
2103	2354
2877	2916
1439	1589
953	1637
3075	3198
1184	1668
2340	2543
56	261
2184	2275
3707	3838
1485	1846
1959	2396
641	1763
1962	2468
3609	3886
1669	1685
2200	2507
2223	2332
2117	2557
2906	3417
556	676
2500	2646
1604	1730
369	486
913	1453
1284	1454
2139	2188
2729	2810
3752	3764
2229	2495
2004	2647
3449	3495
2053	2247
2749	2754
3039	3403
2495	2624
2379	2608
107	1543
1269	1612
2993	3339
2047	2193
2414	2556
1727	1738
2430	2492
376	524
2045	2083
2706	2880
2142	2550
3236	3359
1959	2282
930	1408
2521	2655
3527	3785
686	747
1117	1456
3803	3906
432	570
2165	2499
915	1446
2355	2594
82	118
2262	2545
2138	2241
1305	1833
3980	4022
2056	2092
1609	1688
363	436
1036	1783
3035	3235
1128	1833
2741	3078
419	565
2271	2408
1155	1878
1953	2550
1487	1881
2409	2601
1036	1583
2122	2206
1955	2330
1947	2198
2218	2615
1503	1729
1657	1808
389	1041
3256	3376
517	1374
1124	1542
2112	2601
2224	2241
2895	3217
963	1798
2833	3152
1059	1643
2410	2469
2972	3318
2201	2655
1502	1848
1645	1766
2719	2796
1912	2641
2081	2279
2064	2506
2495	2607
3154	3415
1083	1551
1191	1879
2723	3009
1986	2354
3437	3443
4	218
2140	2602
2869	2936
145	179
2008	2232
2196	2471
1376	1632
1209	1242
1684	2844
1928	1998
2053	2153
2278	2326
2153	2191
2037	2300
2070	2156
1991	2157
2377	2510
2124	2370
67	169
2006	2639
1951	2538
1078	1163
1209	1612
3796	3851
3458	3969
1318	1844
2526	2591
1146	1823
2356	2564
2184	2607
828	834
965	1703
942	1894
2124	2602
107	1229
2030	2115
3495	3697
1122	1878
2328	2642
2140	2492
1282	1894
1941	2030
2867	2907
2127	2144
954	969
3437	3657
2999	3361
2973	2989
2085	2211
2007	2372
603	623
1941	2064
438	517
2414	2601
1361	1674
3456	3858
3467	3830
2078	2492
2078	2213
1684	2786
1172	1791
2104	2121
3419	3434
822	850
2151	2292
2670	3314
2242	2501
1318	1602
724	794
2300	2468
3902	3940
506	527
2309	2611
1160	1535
1086	1211
2138	2191
1718	2246
2730	3187
2040	2501
1352	1791
3070	3302
2153	2328
2250	2498
2730	3087
98	280
3116	3347
2859	3263
1113	1744
867	873
475	547
2909	3213
136	2417
1126	1849
1086	1312
2069	2404
925	1768
355	543
1450	1726
1044	1221
1511	1705
2054	2087
1352	1376
2563	2624
2154	2240
2894	2937
1972	2585
2661	2937
2081	2327
2061	2658
3437	3535
2148	2372
1642	2999
3437	3975
1075	1620
1975	2173
1984	2108
2143	2620
1086	1339
896	1706
1955	2608
2053	2609
2286	2497
1962	2607
3980	3999
2915	2956
2894	3116
1129	1862
997	1160
2139	2433
119	329
1684	3252
1076	1185
2189	2393
1943	2352
2258	2311
239	295
1217	1338
3096	3163
0	204
2467	2615
2847	2965
107	1160
2190	2244
2109	2630
1029	1620
353	462
3053	3141
2862	2944
2661	2914
1399	1689
1932	2347
2143	2512
2450	2548
3604	3734
1017	1761
1547	1589
993	1076
3756	3886
1530	1589
999	1737
3090	3139
1105	1208
1072	1121
1125	1849
2117	2315
3899	3957
2215	2283
3810	3896
654	664
2103	2386
2053	2138
1006	1842
1126	1804
3790	3938
989	1899
2074	2423
2224	2332
1577	2026
1684	2722
993	1513
2672	3179
1929	2064
2033	2233
1917	2136
1577	2169
1450	2968
1413	1423
2833	3201
2850	2966
3148	3411
2766	2786
917	1569
2309	2408
2104	2606
1569	1611
107	1756
2368	2594
107	1675
2028	2134
2370	2551
2123	2526
1261	1454
2866	2872
3204	3419
1141	1310
2140	2253
1912	2010
2750	2985
1140	1505
936	1374
2040	2069
122	156
1737	1833
953	1559
1608	1621
1078	1547
1919	1951
1799	1835
2867	2931
2333	2511
1706	1893
2059	2201
2206	2340
1929	2095
7	38
2966	3417
599	659
2307	2410
3568	3758
1215	1502
257	272
2090	2334
107	1696
2368	2463
2520	2602
1040	1288
1083	1757
2319	2643
1923	2416
3549	3905
2356	2482
2028	2241
2155	2310
2478	2482
31	83
3545	3677
2157	2459
107	1259
1086	1243
400	412
107	1100
475	1237
2233	2290
2500	2546
2468	2624
1081	1783
2546	2602
3626	3847
1355	1703
500	503
1946	2122
1912	2446
2901	3277
2657	2660
1298	1899
3633	3693
1926	2241
1130	1863
3136	3282
1966	1984
1489	1729
1389	1768
186	271
3860	3930
2474	2523
1479	1611
1963	2307
1621	1734
1535	1813
1138	1889
2735	3075
2083	2190
2662	3002
1225	1686
0	43
980	1467
3646	3719
1530	1793
2579	2630
2742	3280
2381	2590
964	1667
2463	2471
2190	2359
2183	2196
2742	3089
1288	1888
2467	2590
866	895
1912	2261
1345	1479
1330	1361
2292	2592
3601	3782
1684	3428
1108	1281
2004	2417
2261	2331
451	514
2189	2285
1100	1812
2910	2943
924	1127
1993	2210
3536	3662
2033	2218
3303	3426
1565	1671
1570	1795
2009	2116
3324	3417
3240	3355
3643	3718
2554	2602
538	637
1919	2006
1684	2743
3833	3951
916	1619
249	266
2064	2611
1959	2394
2128	2642
2003	2243
1985	2334
2715	3347
2107	2562
1784	1798
2816	3187
1222	1736
1118	1232
3981	3998
107	1893
2932	3264
2162	2173
925	1538
2001	2027
2109	2521
1983	2142
438	503
395	556
2266	2331
3082	3381
107	1161
107	1048
2309	2532
3818	3896
2282	2327
2062	2398
1628	1875
3024	3233
1919	1958
3610	3764
1078	1214
2275	2578
2686	3337
579	633
3196	3403
1917	2154
1948	2052
1153	1652
2200	2418
2112	2646
2022	2657
1661	1893
2111	2436
2224	2589
2750	2909
2348	2543
2108	2607
686	750
1688	1885
2201	2553
1201	1331
1968	2001
3437	3714
1972	2013
1082	1611
107	1894
2242	2637
483	601
947	1683
484	1357
2047	2598
2728	3168
1083	1488
1753	1827
1920	2250
2683	2944
2977	3293
915	1763
2918	3264
2894	3381
1279	1576
982	1522
1699	1807
2072	2243
814	834
3437	3761
2056	2600
1408	1673
433	533
2188	2395
2750	2867
1303	1573
3584	3763
2309	2499
2093	2549
2440	2488
2090	2278
2203	2292
2832	3330
354	396
2103	2276
2464	2526
637	968
2086	2142
1026	1793
1520	1643
239	338
2822	3361
3437	3539
962	1064
1389	1730
2839	3117
625	633
2509	2617
2289	2608
2125	2518
1940	1948
1010	1725
2332	2385
1314	1747
1462	1583
2180	2187
3210	3233
966	1024
1939	2054
1918	2352
927	1195
952	1554
641	1881
1929	2462
3256	3312
425	434
1020	1742
2221	2652
2005	2625
1522	1839
1554	1839
2170	2401
994	1258
2958	3313
2104	2229
2418	2500
526	1528
1649	1790
1998	2004
418	475
1584	1879
596	616
1158	1284
2038	2250
1173	1554
2253	2631
3082	3206
2939	3291
2346	2657
2150	2278
107	1816
2033	2559
1199	1675
107	1071
2363	2374
1158	1392
1211	1471
2264	2385
946	1782
1167	1783
1551	1843
1613	1842
1997	2601
1234	1566
1684	3193
3437	3926
2712	3411
1005	1725
2394	2592
3162	3295
2708	2828
1491	1849
1931	2001
2585	2640
423	431
2339	2556
2738	3232
1966	2607
1092	1447
2765	3206
2916	3250
1923	2155
2889	3423
1584	1868
2904	3148
3156	3264
1514	1882
2232	2614
2367	2598
3226	3284
1280	1330
2083	2556
2290	2339
251	309
2395	2492
1975	2114
1250	1888
3185	3225
2063	2579
2206	2478
1743	1829
3874	3917
2981	3042
1139	1709
360	402
2233	2347
2753	2992
2078	2507
1966	2266
1750	1827
1123	1185
2095	2326
507	517
2773	2929
2702	3107
461	520
817	827
2333	2643
1329	1800
2038	2054
1242	1717
1172	1191
2765	3344
20	111
2960	3040
2786	3090
2082	2120
769	774
999	1439
1149	1323
1954	2294
132	134
2056	2118
2915	3213
2956	3339
3569	3793
414	589
2396	2491
1819	1888
1523	1867
2095	2359
2746	2910
2087	2347
1013	1574
2078	2276
1124	1689
1912	2245
483	1464
2329	2340
2218	2446
2492	2623
2127	2537
2308	2323
1269	1886
419	540
2063	2428
428	500
2742	3115
1482	1634
1684	3318
2670	2767
2363	2428
1366	1876
2482	2602
2783	3341
107	1373
2906	3362
2328	2588
747	807
2717	2777
2109	2115
589	605
3872	3950
2087	2420
2043	2261
2410	2607
1929	2615
986	1536
2447	2620
1110	1688
1126	1668
2766	2821
1577	2189
2049	2503
2647	2659
2016	2494
2324	2563
2136	2374
1577	2511
450	557
2056	2520
1107	1172
2775	3002
1238	1288
2869	3397
1925	2043
932	1388
3089	3397
363	1671
1132	1600
2149	2325
1409	1470
395	438
1184	1269
2073	2240
1971	2073
1185	1669
2010	2169
1589	1598
1413	1462
2409	2460
1086	1344
2890	2913
1059	1849
483	1508
1028	1491
2554	2630
2944	3324
439	563
107	1337
428	667
107	1904
2800	2956
1192	1591
1971	2462
45	122
967	1484
1976	2159
1966	2093
1238	1757
2513	2650
1329	1669
896	1859
2299	2363
2266	2604
2939	3116
2278	2575
740	831
3140	3379
361	450
2088	2164
2557	2610
466	504
1290	1753
1577	2338
1993	2433
2123	2446
188	285
823	834
2324	2329
353	492
367	396
2384	2598
2343	2461
978	1717
1938	2347
1185	1886
1399	1547
3747	3967
1984	2646
107	389
2059	2630
1070	1228
87	322
2057	2332
862	3797
1367	1621
2240	2536
3106	3239
1184	1623
1519	1900
2142	2579
917	1738
2890	2994
1350	1583
3617	3690
2771	3383
2073	2184
2787	2793
14	312
1962	1986
2266	2590
992	1747
1049	1416
2196	2292
1925	2500
942	1824
2374	2521
1190	1227
3212	3345
2304	2510
2038	2047
1182	1617
946	1735
3483	3690
1988	2490
1182	1352
2090	2218
2893	3432
1665	1799
2274	2438
389	505
896	1204
1943	2369
2694	2910
1164	1334
1236	1529
3440	3703
1555	1678
2726	3392
2020	2543
2665	2951
1352	1721
1912	2224
2991	3102
2488	2523
1086	1688
2266	2340
107	1257
2005	2104
1935	2159
1736	1810
2593	2615
2010	2471
946	1557
2815	2839
2135	2292
991	1641
2347	2429
2315	2609
2681	2773
906	1528
995	1074
393	399
2027	2633
3584	3810
553	566
1305	1589
1328	1676
1370	1712
1989	1993
2793	2937
1620	1724
2690	2723
2176	2616
1439	1804
2250	2597
1214	1879
388	412
2064	2142
1081	1794
2833	2863
3077	3361
1918	2329
3201	3291
2124	2271
686	809
3129	3226
1001	1095
500	591
1985	2118
3107	3246
2723	2787
2279	2458
1037	1529
2232	2471
2247	2254
2062	2333
1684	2738
1076	1819
1957	2627
2841	3422
3460	3634
1475	1893
2038	2183
107	1256
2837	3010
2533	2642
1985	2611
1	322
827	849
2615	2619
3992	4000
1047	1243
1653	1799
925	1717
3311	3382
2426	2650
3655	3747
1778	1882
2052	2292
1261	1345
1765	1768
1149	1707
445	560
2053	2328
734	770
2815	2920
1006	1431
1966	2549
615	627
840	856
2101	2338
1914	2583
2266	2418
2828	3350
2102	2519
2986	3166
2071	2180
2108	2495
2363	2600
475	514
2695	3023
417	503
67	109
3068	3176
2336	2510
2862	2966
2430	2482
1684	3414
1946	2630
352	456
1985	2165
726	845
2410	2467
3039	3287
2067	2092
2841	3081
1049	1721
370	553
1938	2410
2849	3319
1037	1052
615	635
422	483
395	436
1554	1714
3005	3198
3847	3916
1211	1291
1472	1686
1352	1604
687	779
1377	1717
993	1391
3758	3818
3115	3198
1985	2430
2209	2232
925	1752
1341	1879
2911	3149
1943	2112
1277	1636
1985	2253
1684	2688
2095	2311
1986	2376
2884	2909
2163	2582
1108	1277
1304	1473
2174	2617
980	993
3437	3730
2150	2638
1578	1628
1475	1862
1334	1891
3576	3605
2211	2296
1622	1791
1332	1625
1043	1384
1622	1819
953	1409
1180	1483
1291	1370
1132	1832
2060	2501
1632	1768
2109	2601
353	1358
2032	2394
2299	2484
1214	1757
2518	2594
2268	2660
1983	2059
1931	1954
966	1219
1997	2154
1684	3433
2738	3257
1343	1492
2806	2925
370	431
1238	1335
2009	2024
993	1793
2122	2604
2686	3189
1444	1540
2770	3265
2102	2343
2154	2190
2046	2210
107	1110
1004	1539
982	1491
2374	2586
1917	2077
1129	1322
2153	2343
2196	2555
698	885
921	1522
686	854
352	412
1941	2472
1979	2423
353	601
2925	2966
3796	3797
2708	2823
373	431
0	82
946	1370
1979	2469
2176	2592
1979	2140
1255	1520
2701	3179
2831	3050
2846	3345
1107	1238
1580	1613
1101	1271
1540	1669
3219	3259
3651	3948
1603	1888
1381	1591
3858	3938
373	463
2296	2425
2404	2630
353	503
927	1153
697	820
2010	2592
3296	3321
1172	1547
2879	3283
1923	2493
1971	2237
199	315
1945	2571
3823	3946
2172	2410
3540	3851
2029	2362
3545	3681
2938	3182
2886	3083
1315	1857
1570	1600
107	366
363	414
2526	2536
1718	2491
1017	1330
2871	3253
354	531
2078	2604
1040	1849
1584	1894
2116	2538
2246	2567
3356	3366
2863	3239
1622	1746
364	399
196	330
3082	3106
483	1850
1082	1857
3117	3364
3468	3623
964	1062
2356	2521
3625	3633
2020	2210
1789	1819
1352	1613
1431	1449
2486	2513
1125	1530
1998	2116
1391	1730
3066	3322
1621	1793
2657	2658
71	307
402	563
2292	2543
1428	1904
1214	1823
1255	1554
1917	1993
2050	2171
1137	1629
957	1732
1943	2460
2583	2620
2359	2615
2339	2354
1577	2215
2112	2655
2916	3426
1198	1757
107	1477
2154	2600
1048	1622
999	1376
2140	2624
1184	1598
2165	2507
1175	1614
3070	3277
2665	2711
1563	1584
993	1877
446	487
2136	2467
901	1880
526	559
2146	2361
2748	3252
807	856
1684	3062
1112	1710
561	683
947	1352
2717	2877
1925	2140
1943	2489
3199	3320
3146	3434
2389	2413
1037	1072
1684	3182
2063	2142
2772	2803
482	515
688	845
2468	2469
1662	1891
3826	3890
1928	2171
2284	2659
136	146
3140	3386
3462	3926
3437	3962
1504	1507
710	853
3092	3237
1352	1540
3980	3995
1966	2172
1986	2564
3291	3345
118	238
594	667
1583	1716
3243	3384
2165	2290
1673	1878
2435	2538
2815	2827
1367	1804
1970	2226
1219	1610
1250	1771
1983	2604
1117	1547
513	544
1275	1770
805	834
2282	2294
1292	1392
2311	2500
2109	2164
2822	3263
133	236
470	519
2140	2376
3559	3902
2290	2607
1277	1729
1525	1703
2053	2643
967	1833
391	513
1009	1680
495	544
2739	3326
392	431
1938	2124
104	142
2338	2609
39	121
3272	3320
3259	3276
2150	2369
2095	2200
1048	1367
1341	1542
3577	3609
1175	1598
1068	1163
2777	2974
0	21
2278	2500
1393	1407
2273	2516
2339	2615
1939	2479
3220	3232
2433	2630
1003	1367
3512	3517
1979	2206
2241	2319
2057	2068
484	527
2890	2977
810	823
897	1530
437	453
1288	1839
1983	2489
1291	1668
1390	1809
1291	1608
1107	1509
2062	2415
2111	2434
1117	1380
993	1761
1944	2209
1238	1391
2418	2551
686	853
398	430
25	332
107	1389
2060	2433
2867	2915
958	1787
1925	2278
2068	2224
828	838
719	759
2007	2547
2748	3106
2420	2509
1940	2475
3234	3237
2873	2966
2750	2910
2446	2638
2154	2253
1124	1754
1205	1619
374	521
546	557
107	1746
2795	3048
1392	1479
2761	3286
3070	3351
3693	3734
1718	2148
1211	1269
2578	2607
2142	2602
1279	1596
1536	1709
3793	3900
3437	3555
2309	2578
1912	2364
1215	1732
2224	2555
1237	1374
2127	2328
1714	1752
1331	1393
2047	2425
1358	1446
1605	1622
1686	1876
1983	2033
2504	2553
1130	1370
1917	1929
2412	2577
2053	2598
2313	2411
2931	3073
2909	3426
1946	2542
1467	1589
1539	1608
1078	1352
1300	1514
619	653
957	1899
2160	2313
3997	4009
2147	2576
1948	2246
1603	1800
1070	1760
107	1445
1378	1629
609	617
2927	2928
1404	1462
1006	1827
2724	3233
1192	1298
1380	1714
2329	2369
1795	1833
2820	2962
1017	1902
1230	1291
2719	3204
1128	1211
2086	2184
1158	1871
1221	1350
3011	3396
2111	2458
805	807
0	292
1284	1576
2353	2606
590	644
1101	1879
992	1533
40	334
2103	2408
686	717
1993	2287
181	218
1079	1613
484	580
1938	2552
2033	2064
1529	1785
2876	3280
3154	3334
2077	2600
2056	2553
2087	2327
997	1056
2125	2133
274	323
1076	1092
1242	1390
1554	1757
0	13
1102	1661
969	1396
1435	1800
1199	1256
1144	1410
1125	1736
2550	2611
1219	1879
3684	3756
1469	1876
1557	1795
946	1267
764	843
107	1096
2131	2500
2111	2537
2179	2601
2198	2511
959	1006
2508	2555
2247	2463
3783	3809
1126	1361
1175	1201
637	1332
1329	1612
719	787
1078	1730
1340	1789
2661	3353
1689	1816
764	807
980	1554
3010	3390
2871	3087
2047	2141
2369	2549
2090	2115
2833	3265
1018	1716
2694	2755
2267	2351
3761	3972
3830	3831
2289	2448
1810	1839
3280	3344
3116	3298
2742	3169
1436	1686
1431	1721
3437	3929
1348	1815
2334	2469
1184	1538
2086	2188
2073	2495
2853	3391
1920	2125
897	1470
378	400
3604	3674
1912	1950
3328	3343
367	553
1075	1278
595	650
2344	2511
40	77
764	805
3376	3401
2289	2372
1993	2098
3016	3154
366	1080
2309	2326
2384	2508
3437	3672
968	1364
2174	2512
1375	1810
2201	2309
1399	1589
1000	1127
1714	1722
2684	2701
1484	1874
556	673
3437	3813
2054	2241
2347	2376
414	660
2142	2266
1160	1205
2934	3186
1250	1271
2153	2194
2084	2409
1191	1804
1320	1425
1074	1617
1291	1761
578	662
1912	2238
1577	2384
1542	1898
1684	2867
1529	1667
715	814
107	1670
3495	3824
1184	1584
2674	3330
413	473
750	770
1423	1591
1181	1833
1269	1557
2136	2504
1271	1668
738	813
2187	2571
194	299
988	1515
3197	3342
2174	2330
1684	3034
924	1308
2005	2381
577	661
56	170
1126	1737
3086	3366
2730	3100
2739	2951
2213	2559
3437	3461
1279	1404
1768	1835
2151	2642
3545	3943
2986	3226
2118	2347
1485	1891
2011	2494
1723	1888
1471	1827
2461	2463
2043	2590
966	1172
2059	2619
715	842
1963	2124
1525	1569
2111	2196
3505	3773
1399	1617
1044	1392
1993	2556
2507	2551
712	742
2000	2050
475	507
1351	1849
2484	2554
2850	2877
1237	1833
1405	3019
3596	3930
2679	3174
2910	2945
1919	2459
1912	2636
1817	1909
397	418
2028	2187
3149	3193
2200	2352
2741	2953
964	1213
3617	3878
2509	2588
2030	2309
3672	3940
1979	2123
3248	3431
2201	2257
1188	1482
2093	2290
680	685
2232	2241
2084	2393
2482	2542
2370	2646
2196	2351
1954	2585
1516	1598
2553	2607
169	315
2694	2897
1377	1730
1932	2351
1998	2284
2054	2465
1925	2520
3479	3898
1994	2609
1611	1628
997	1517
2244	2334
2150	2579
2052	2463
1330	1722
2892	3002
480	593
1379	1903
127	346
2812	3256
1986	2410
2047	2642
3110	3178
1235	1611
3172	3411
3665	3931
1130	1612
59	118
3495	3667
2782	2988
1219	1351
1367	1391
1198	1598
926	1151
1092	1795
1918	2574
1563	1861
2020	2240
1600	1622
2122	2131
2668	3291
1135	1212
1010	1308
713	840
720	774
3168	3233
1275	1504
2787	3395
1273	1725
1324	1894
3029	3084
2021	2030
1040	1613
1126	1554
1101	1604
1036	1841
1628	1635
1966	2506
1567	1803
2046	2124
1131	1756
3056	3220
366	1673
3100	3320
1272	1761
2428	2623
2943	3301
3345	3352
1132	1344
3351	3360
2276	2352
1227	1680
2674	2939
107	1211
1948	2169
1340	1376
28	312
2681	2945
3261	3280
2028	2533
2904	3049
727	848
492	637
2271	2410
1379	1583
2705	3054
1340	1652
1209	1331
2059	2381
2043	2579
363	483
2071	2223
2032	2543
1256	1722
1547	1619
1207	1839
2921	3107
0	151
2188	2602
1267	1799
1142	1766
1241	1273
703	819
579	598
1577	2101
1918	2261
3586	3765
2237	2369
3475	3845
2520	2526
513	614
1291	1376
3051	3397
1637	1804
2118	2179
376	676
1617	1816
727	847
2081	2267
1146	1653
3204	3351
2061	2202
1983	2460
1487	1574
3057	3061
3442	3599
2024	2640
2218	2428
2665	3263
2977	3238
1936	2023
2492	2521
2812	3140
973	1321
1966	2520
3584	3818
1984	2037
993	1643
2955	3256
2037	2060
1036	1859
950	1445
2056	2311
1238	1431
1456	1752
1299	1472
2088	2574
2124	2324
1945	2445
2030	2467
2062	2603
1993	2121
1963	2638
2144	2653
67	104
1222	1551
1028	1700
927	1563
1609	1800
1500	1633
2073	2339
2363	2593
800	845
2894	3396
2452	2498
2333	2491
2206	2220
1504	1815
3438	3456
121	206
3123	3135
2138	2315
1116	1617
2516	2649
580	1870
1118	1548
1522	1735
107	1906
1380	1431
2266	2339
3101	3391
3920	3967
1609	1864
3172	3396
3033	3163
3070	3240
2188	2240
2043	2266
1946	2323
1584	1835
2164	2306
2150	2654
3236	3256
1964	2637
2069	2443
3076	3132
1173	1470
3022	3362
412	547
1039	1868
1146	1539
1059	1724
463	560
2093	2233
953	1609
1979	2150
2108	2423
1542	1717
1204	1715
3826	3951
3120	3201
107	1430
2161	2537
2669	2897
1199	1796
2201	2506
1677	1870
1980	2297
989	1158
1211	1665
1976	2013
2058	2233
1997	2625
2105	2360
1205	1675
0	55
1971	2409
719	849
2336	2582
1986	2331
1280	1707
2188	2213
2223	2232
3069	3154
2143	2648
959	1207
2833	3345
1993	2554
2363	2561
1933	2488
2043	2326
1632	1707
1017	1291
3204	3280
2118	2606
2308	2430
2690	3383
1438	1583
2142	2646
1980	2009
2326	2575
1993	2064
2675	2686
2871	3327
3263	3308
1047	1675
1925	1971
594	4031
1846	1851
0	248
2724	3285
107	1564
2967	3303
952	1211
1315	1655
1985	2597
1928	1972
1669	1730
2912	3232
2171	2268
2408	2623
3457	3830
1971	2290
1645	1743
2793	3391
543	558
2190	2206
2869	3340
3578	3938
1941	2276
2040	2147
2180	2629
1465	2111
2065	2208
1452	1802
1317	1656
2901	3288
2083	2500
2494	2626
2719	3320
2993	3384
1471	1554
3019	3118
3072	3403
1952	2003
3378	3397
1315	1680
2291	2624
1955	2133
915	1110
3224	3342
2381	2460
3858	3926
3521	3740
2090	2103
231	239
909	1384
2308	2560
2010	2071
1971	2005
1979	2500
2227	2534
1287	1823
2326	2552
1215	1649
2067	2084
2005	2142
1279	1716
1685	1835
2123	2559
1175	1774
1017	1401
1163	1331
1622	1712
2040	2374
952	1059
2552	2611
2115	2607
1380	1516
943	1189
3456	3461
107	1291
1367	1491
1986	2655
814	853
1120	1716
107	976
432	444
2925	3096
107	1896
2705	2925
1966	2095
2201	2409
1753	1768
1454	1503
2064	2602
2911	2920
1405	1467
2504	2507
1377	1488
1963	2468
1409	1863
1020	1373
2029	2282
1107	1156
2018	2657
2319	2594
2484	2539
1962	2539
1962	2564
2118	2240
724	742
2399	2603
417	495
1396	1824
2072	2592
1940	2199
3518	3635
3475	3926
2232	2643
2212	2495
2307	2482
2073	2257
2156	2173
1718	2072
1136	1567
3506	3558
713	745
1529	1828
1125	1730
951	1656
3215	3307
107	1802
2271	2526
1242	1839
2093	2482
1603	1810
1943	2179
1961	2301
1966	2043
2276	2602
2188	2550
3518	3902
1279	1611
2850	2905
461	669
1916	2519
2951	3103
2896	3056
1966	2611
2936	3260
3267	3291
2308	2549
3029	3104
2518	2642
2012	2157
107	1593
1927	2583
2583	2640
1718	1817
1133	1471
1327	1626
2251	2644
946	1243
2303	2339
1926	2273
2394	2445
0	288
188	315
1110	1663
2218	2429
1028	1823
1577	1948
2332	2533
2216	2564
1097	1314
2766	3119
2250	2475
2308	2339
705	784
1583	1715
1204	1649
1684	2934
3115	3280
2905	2986
983	1063
1289	1736
2201	2363
2122	2600
3330	3411
3448	3734
702	789
1656	1726
1030	1254
705	827
0	275
2781	3267
1129	1279
2266	2462
1271	1390
1997	2484
3228	3426
1163	1471
355	373
2102	2174
2218	2601
924	1709
2187	2368
107	1785
1658	1818
2223	2501
2103	2392
1734	1833
436	517
3437	3450
3696	3920
3837	3975
2210	2423
1347	1691
2890	3014
107	1873
465	614
1570	1813
1196	1753
1597	1833
1156	1520
1925	2507
2074	2109
2268	2436
1684	2895
1192	1282
2925	2986
2640	2648
3136	3256
2329	2462
2119	2412
2932	3256
971	1732
2244	2276
1975	2197
143	321
2896	2969
2322	2566
1322	1715
2090	2539
1993	2118
1525	1807
2756	3257
1059	1888
2445	2533
1471	1809
1380	1605
412	513
2064	2179
2661	3350
3849	3861
1330	1821
2783	2955
1230	1736
942	1515
3462	3576
428	451
1136	1687
2696	3275
3087	3255
2428	2586
2062	2501
2040	2560
3291	3332
1989	2220
2112	2499
2059	2418
1603	1663
1970	2389
1983	2063
3487	3530
2880	2927
1959	2652
2272	2525
2765	3201
2706	3193
3518	3640
3086	3379
0	271
1163	1399
380	486
1966	2347
2680	2800
2309	2625
2679	2928
1962	2638
480	543
967	1312
1376	1685
1955	2315
2951	3321
745	781
0	189
2074	2077
1006	1598
730	787
1047	1126
3569	3705
3545	3828
1971	2386
400	456
2339	2430
3038	3051
1707	1746
2032	2264
326	343
2086	2339
1941	2629
414	617
1621	1623
1916	2343
1955	2117
2043	2370
1028	1799
3041	3345
2224	2246
934	1827
903	1371
2495	2601
789	839
0	80
3115	3201
3454	3605
1003	1622
1127	1703
3437	3713
1267	1291
2000	2472
1916	2509
481	539
925	1613
920	1334
2179	2324
422	593
2573	2625
2147	2350
2069	2210
1684	3263
2040	2299
3633	3756
3102	3252
1683	1752
1375	1597
3640	3785
930	1574
3027	3097
2285	2351
1943	2109
2191	2592
1359	1813
2387	2478
1132	1737
2436	2649
1980	2645
1992	2622
2131	2547
2103	2108
983	1809
3605	3635
119	324
423	634
2342	2488
2110	2327
3437	3904
3052	3362
3320	3344
1835	1861
1473	1786
1912	2253
2913	3078
1125	1256
1288	1804
1049	1737
979	1562
271	277
2136	2489
2218	2575
1198	1516
1460	1842
713	817
402	524
1943	2414
3780	3842
2284	2459
13	265
1920	2068
1946	2257
2016	2364
2377	2516
1941	2543
2056	2579
2042	2653
2805	3028
3113	3366
1912	2217
2993	3158
1971	2500
2282	2328
1153	1712
107	1583
1101	1132
2323	2590
1684	3109
2121	2299
2560	2607
1345	1413
3410	3420
2118	2300
622	623
2111	2169
1267	1663
2026	2138
1471	1735
2142	2409
2911	3226
2058	2409
1059	1707
1960	2342
1227	1636
14	41
2248	2286
2398	2419
1175	1570
1126	1146
2492	2507
1227	1550
637	1673
1963	2604
2322	2612
2368	2608
2158	2488
592	678
1153	1399
2829	3233
2154	2244
1334	1563
2783	3383
2664	2974
1371	1733
2117	2198
2056	2476
1324	1454
185	285
2280	2283
2207	2349
2233	2329
2075	2509
1683	1746
1006	1821
2111	2292
1255	1730
2026	2555
2093	2433
1053	1062
916	1610
2823	3262
3648	3903
2369	2574
1718	2087
2072	2268
2328	2543
2306	2334
1976	2620
2243	2479
17	116
456	566
2763	3220
1291	1420
1391	1457
1185	1809
3437	3809
2909	2915
3521	3850
414	492
1984	2020
107	1813
1137	1895
374	451
1674	1860
2843	3196
2326	2363
2497	2644
1929	2601
180	196
2257	2414
2047	2372
413	448
972	1488
1503	1649
2128	2594
1373	1459
1341	1683
3116	3411
1960	2540
259	264
1256	1707
1685	1845
2712	3296
1282	1495
2336	2592
2243	2451
1714	1795
2058	2218
2508	2594
3223	3241
3714	3833
1951	2626
1620	1730
1279	1786
3295	3356
2787	3034
2025	2583
2033	2150
2052	2138
2366	2406
1471	1668
1255	1608
452	547
2149	2302
1287	1712
3284	3426
1370	1826
3117	3228
1015	1315
3213	3234
1358	1679
978	1685
1068	1238
1986	2118
1483	1685
3252	3411
3710	3753
1929	1971
1997	2575
1375	1617
781	810
2553	2624
2110	2511
917	1436
2233	2359
2183	2592
2108	2329
492	517
2778	3239
513	645
2302	2502
2679	2738
977	1011
637	679
1555	1825
2426	2486
118	199
1185	1267
2150	2386
1199	1833
1970	2325
1281	1515
713	800
958	1137
1953	1979
2188	2631
2410	2462
3710	3728
2158	2228
1367	1877
2344	2415
999	1059
3132	3247
395	479
395	425
1209	1644
2275	2560
2275	2307
2149	2445
2156	2251
3107	3341
1555	1567
3070	3355
2068	2436
2261	2575
2018	2268
906	1689
2738	2924
2738	3092
3449	3873
1303	1495
3596	3693
2053	2533
691	822
1772	1793
1939	2399
2529	2555
2275	2276
926	1056
2090	2551
2043	2604
2072	2280
686	742
391	553
1242	1622
2334	2500
0	304
1024	1617
2102	2629
2072	2537
2221	2415
1006	1530
3642	3938
1001	1422
1916	2434
2170	2399
2006	2494
2762	3329
3137	3387
2353	2423
3101	3155
1918	2591
2943	2945
2108	2655
1467	1480
2308	2381
2465	2629
2491	2617
896	1636
927	1352
604	676
2150	2206
3104	3243
917	1894
1125	1456
213	242
3635	3686
1984	2543
3064	3363
1006	1898
2102	2292
107	1504
3442	3698
107	1335
1282	1382
1312	1717
2845	3118
1539	1816
1973	2435
1648	1787
2086	2229
2993	2994
1298	1379
1047	1407
1238	1376
1768	1888
1953	2271
3329	3431
951	1161
348	552
1954	2571
2521	2601
952	1491
1066	1451
1402	1823
2136	2233
2786	2966
1966	2108
1199	1608
2115	2552
2408	2464
2801	3167
2071	2588
3793	3810
204	277
1056	1580
2275	2464
3926	3968
2460	2654
2184	2520
1504	1906
2679	2755
947	999
3103	3410
3139	3426
1230	1335
396	510
458	553
1130	1199
1146	1209
2719	2778
2002	2183
378	506
1106	1189
1415	1783
3821	3947
1040	1083
1312	1663
2730	3154
1032	1595
2957	3254
2208	2462
3736	3830
1209	1867
1258	1338
3076	3274
1291	1789
2336	2436
1101	1613
107	1598
1337	1561
2031	2133
2045	2386
916	1754
1184	1736
824	828
582	632
2751	3017
2283	2336
3670	3687
2064	2261
696	805
2244	2271
13	172
3144	3346
2559	2638
2135	2247
25	67
1130	1610
1047	1420
3150	3169
1004	1879
0	276
2719	3350
728	805
2152	2231
0	140
993	1006
2829	3366
946	1092
1230	1399
2290	2504
1086	1509
3826	3833
1827	1845
1912	2127
2095	2407
1547	1613
2741	2928
2828	3027
1914	2647
4018	4023
3593	3855
1590	1639
970	1847
957	1036
1551	1584
2001	2583
978	1874
2064	2307
2140	2213
2046	2206
1554	1613
698	825
992	1798
2073	2460
1943	1953
2386	2430
2283	2617
2384	2603
1979	1986
3505	3644
1163	1305
1158	1345
2196	2496
1946	2462
0	279
3675	3774
752	774
3514	3672
2121	2131
2839	2985
1156	1542
1475	1576
107	1691
1318	1740
1136	1144
3693	3971
1985	2081
363	370
1667	1725
107	1109
2189	2387
1296	1630
2777	3348
1684	2735
2309	2369
107	1713
1188	1236
2881	3233
1598	1600
1126	1816
1699	1770
3442	3629
3026	3078
2078	2504
2334	2586
1330	1598
1781	1783
697	800
916	1809
2944	2945
1983	2478
2090	2593
1128	1230
1542	1845
2786	3257
2292	2420
2815	3363
2257	2386
2347	2631
1377	1483
2833	3179
2068	2510
932	1488
1128	1420
2828	2939
1079	1835
2376	2593
2273	2283
2694	2806
1684	3295
2815	2966
2257	2410
2074	2625
388	452
2354	2484
2123	2278
1271	1665
1984	2539
3520	3684
1927	1928
1655	1720
1140	1173
2910	2913
1029	1487
978	1330
1444	1703
981	1596
575	654
1426	1583
2010	2187
2026	2068
1684	1726
3706	3822
1008	1357
475	487
3151	3326
1049	1209
1082	1190
2077	2593
1352	1799
2717	3426
917	944
1547	1730
1231	1715
2960	3064
1335	1811
1407	1688
3201	3252
484	1408
2108	2370
2915	3073
2464	2560
348	395
1805	1858
1160	1255
3517	3586
946	993
1377	1879
1110	1710
2121	2201
735	819
925	999
2742	3017
3505	3629
402	463
2187	2343
966	1662
1271	1285
2765	3094
1025	1526
3011	3076
348	417
2254	2617
2991	3381
2830	3366
1124	1842
1516	1619
3174	3348
2199	2498
2465	2533
1097	1137
1984	2590
1146	1730
1062	1896
1088	1193
3514	3858
2159	2192
1945	2102
2719	3239
1938	2500
2754	2777
1684	2827
3367	3377
1662	1816
2546	2590
3402	3427
2674	3344
2711	3366
1963	2154
2958	3396
1938	2307
2810	2821
1423	1515
1289	1886
2758	3219
376	606
1669	1902
2674	2863
1261	1848
828	848
2139	2613
2128	2502
815	828
122	345
978	1811
2205	2473
3182	3297
1480	1513
2410	2536
2713	3120
2043	2124
1932	2196
874	887
2863	3347
414	651
2188	2623
2069	2104
2190	2520
3277	3280
1718	2368
2304	2384
1017	1449
1361	1833
408	456
2674	3169
3553	3769
1661	1732
185	272
935	1807
107	953
601	1645
1987	2111
353	409
2273	2351
7	65
1433	1511
1983	2467
2339	2586
686	818
2429	2561
1761	1823
3542	3559
1926	2205
2164	2560
2148	2191
2222	2432
2191	2223
2669	2920
3172	3199
3321	3422
2035	2049
2786	3426
1255	1765
3013	3345
1938	2063
1437	1663
3621	3684
1281	1894
1260	1525
1076	1156
2198	2384
2033	2363
1554	1864
3552	3625
2873	3054
2180	2203
1104	1706
1207	1712
3259	3395
2934	3001
862	3550
3082	3132
2954	3215
1374	1400
1912	1990
2871	3107
526	538
3540	3693
2765	3265
1603	1813
3567	3857
2289	2406
3475	3851
2770	2853
1396	1638
2307	2573
1269	1668
185	344
1389	1898
1289	1390
1954	2297
2040	2638
3830	3842
583	665
3101	3406
1684	3014
2088	2593
2873	3293
1284	1492
1582	1893
2089	2126
2410	2484
2081	2252
414	681
2370	2376
2369	2630
1985	2046
3495	3934
3038	3116
1712	1898
367	412
2500	2564
1938	2139
2201	2586
2271	2370
2370	2489
2354	2623
1399	1416
2060	2369
1938	2244
2186	2296
3150	3342
925	1352
1048	1409
2138	2643
2680	2917
1303	1661
2281	2487
3150	3344
1702	1863
1539	1689
1013	1713
1720	1899
211	304
1199	1898
934	1431
2730	2737
1986	2469
3229	3300
315	339
942	1215
2107	2628
1918	1938
1032	1812
1988	2426
576	627
1462	1728
2680	3228
3285	3371
2159	2538
450	497
2246	2344
1940	2351
2348	2600
662	681
431	515
3458	3593
1198	1250
1021	1221
694	760
2874	2924
2101	2199
2011	2157
348	481
2226	2493
1333	1837
431	525
3090	3220
941	1303
2348	2423
1789	1804
2142	2578
1236	1366
1026	1584
2271	2619
2846	3320
1391	1598
3625	3968
2117	2372
1028	1584
3596	3938
2319	2333
897	1420
2363	2619
2074	2122
916	1207
1329	1735
2703	3423
999	1172
3387	3417
1763	1844
1391	1522
1957	1991
1912	2281
938	1118
3177	3285
2184	2551
2484	2560
2542	2630
1912	2580
826	830
1483	1707
1251	1825
993	1842
1684	3355
2093	2188
3330	3344
1920	2512
734	842
2149	2592
1938	2409
2244	2550
2906	3220
2272	2416
1455	1654
2418	2553
1148	1345
1389	1675
1597	1888
30	236
0	91
1625	1766
2495	2654
107	1652
3032	3236
906	1390
1684	3423
1734	1888
3132	3297
465	561
1181	1610
754	780
1328	1705
136	1976
2369	2376
1926	2264
1470	1637
2711	3077
579	653
3559	3576
1256	1813
2123	2200
903	1733
2039	2144
977	1815
2064	2507
2593	2624
1059	1471
1994	2598
2864	2908
2028	2653
2261	2290
2073	2467
1172	1663
2221	2328
3437	3526
2098	2500
1156	1557
2212	2410
395	645
2840	2992
1612	1639
1112	1757
2232	2296
2359	2410
1565	1625
2994	3348
944	1709
1017	1132
1086	1715
2164	2600
3241	3410
376	652
954	1871
1449	1471
526	1616
142	322
810	834
231	280
2215	2223
1120	1596
925	1132
2773	2987
1373	1515
947	1287
1299	1634
1986	2381
1006	1559
2928	2956
2045	2624
1078	1791
3702	3731
1939	1981
2717	3064
2753	3038
687	828
2733	3350
3584	3924
1505	2725
1932	2511
3005	3118
3247	3280
542	606
3120	3169
687	823
1350	1764
1304	1703
1272	1644
770	783
1517	1730
1051	1686
3116	3418
1938	2554
2035	2107
3076	3258
0	147
2069	2409
1059	1799
2356	2619
1943	2306
2835	2960
1015	1857
1684	3289
2906	3324
2369	2619
916	1006
1052	1885
2339	2359
1238	1813
2163	2223
1344	1623
3089	3212
2331	2579
107	1596
423	497
3643	3896
2046	2118
2559	2590
252	332
1964	2618
2664	2905
1751	1824
2877	2940
2966	3149
423	484
1683	1768
2108	2559
102	227
2046	2309
1983	2340
3783	3933
2018	2459
378	475
2108	2410
2212	2520
2796	2936
27	119
1115	1462
2073	2601
1124	1898
3111	3189
2386	2543
1689	1888
402	545
912	1536
1563	1590
2806	2839
1209	1835
2024	2645
2138	2509
1348	1630
1107	1449
3442	3921
2065	2087
1211	1879
430	537
3944	3962
2060	2393
3140	3345
1361	1399
2278	2428
553	683
2093	2638
1948	2510
2188	2655
1987	2223
2052	2246
2500	2574
947	1101
2784	3179
2172	2407
2395	2464
475	606
2131	2216
1018	1742
2877	2913
3980	3992
2914	3038
1128	1467
397	507
1125	1551
1184	1376
0	180
2724	3412
1159	1876
596	639
1917	2324
1173	1717
2925	3250
526	1864
3657	3868
2133	2144
3776	3791
1216	1895
1068	1898
747	856
2781	3151
937	1264
1656	1806
3355	3406
2963	3036
1804	1863
2271	2631
1051	1473
927	1851
1522	1761
2189	2417
1343	1694
1322	1576
1551	1597
2093	2370
971	1495
1344	1746
2410	2468
906	1737
1938	2604
2074	2430
2030	2257
1986	2356
2376	2563
3623	3947
2683	3433
2121	2638
1180	1789
1189	1348
1086	1707
1054	1075
2233	2328
2005	2464
2110	2221
921	1290
2294	2582
1113	1773
706	853
3186	3350
2946	3263
2068	2571
2188	2258
1281	1729
1132	1730
1289	1864
1596	1859
368	416
1049	1689
3132	3419
993	1891
1128	1399
1912	2222
1165	1461
2334	2631
2526	2602
1211	1331
2902	2930
1374	1512
3485	3611
1985	2292
2047	2533
2850	2924
2719	3378
1059	1376
2705	3301
2923	3005
2672	2894
2676	2925
695	766
2154	2352
1516	1653
1205	1554
2985	2993
633	644
1594	1851
640	643
947	1049
1037	1650
2054	2336
3002	3273
2069	2353
797	827
2240	2477
770	820
1954	2151
1205	1637
770	849
2053	2054
793	808
2116	2447
1199	1222
2246	2642
2040	2078
898	1108
2355	2461
113	188
3335	3397
2082	2570
950	1410
584	631
2428	2552
408	439
1714	1750
1389	1467
830	844
2180	2330
1292	1841
1938	2121
1766	1870
2458	2598
1653	1714
1559	1621
2169	2509
1285	1399
1231	1261
3231	3400
2762	3140
1322	1635
185	315
925	1827
2037	2104
1017	1074
2326	2464
1912	2495
412	484
2063	2124
2213	2638
525	563
1946	2109
1920	2336
1950	2004
2072	2594
2376	2625
2521	2578
2047	2254
3469	3474
1948	2125
3585	3863
1960	2570
2084	2506
2916	3284
1533	1601
2299	2354
1554	1753
53	88
3313	3327
2173	2534
1211	1827
2040	2611
2925	3348
2302	2643
1912	2148
1684	2887
59	82
400	601
2150	2560
2662	3412
2369	2423
3151	3409
3437	3723
103	211
2309	2549
1132	1863
2218	2395
3280	3330
2993	3417
107	1874
1912	2012
1124	1835
1130	1800
2468	2484
2366	2642
1345	1550
2150	2526
917	1770
107	1143
1979	2477
1280	1409
88	178
2132	2462
2073	2619
2721	3077
1946	1993
3106	3201
1661	1828
2043	2611
107	1784
2292	2328
2124	2307
2947	3100
1757	1800
2203	2589
1236	1482
976	1801
1086	1285
3154	3240
1941	2542
1957	2018
2325	2351
2550	2630
2951	3366
3608	3740
748	849
3355	3396
2032	2143
1912	2214
2800	3026
1074	1861
2529	2592
2915	3390
1067	1284
1269	1420
2123	2482
1684	3139
44	343
3086	3176
2361	2488
2339	2601
1376	1902
421	493
1258	1709
2640	2645
2001	2378
2084	2347
2433	2539
372	545
1513	1639
3137	3229
2713	3240
1255	1431
2717	2905
2733	3320
1723	1793
1954	2241
2149	2224
3095	3392
2679	2896
1953	2005
483	1122
3096	3387
1125	1288
3578	3611
2374	2550
1622	1689
580	1574
948	1318
3273	3366
2297	2365
1509	1839
1149	1833
2135	2496
2209	2362
3252	3345
515	555
1048	1074
2591	2600
3718	3792
348	534
1283	1321
400	683
969	1303
1146	1619
989	1729
422	547
952	1149
2339	2414
2376	2484
752	828
475	519
2299	2326
2326	2560
2037	2326
1231	1257
1066	1661
978	1484
1004	1267
2334	2556
1110	1711
2865	2955
3437	3902
2833	3102
1024	1238
1153	1271
2966	3052
2196	2642
1580	1804
2684	3076
460	482
1125	1902
2118	2543
1998	2636
1246	1338
1938	2646
774	856
3506	3833
2064	2147
1201	1610
2664	3348
3800	3926
2338	2543
1109	1469
1943	2482
2038	2102
1387	1486
407	458
92	242
1841	1857
107	1609
1172	1361
815	834
2228	2371
1345	1783
1989	2083
1997	2033
1916	2151
2833	3272
1726	3057
2124	2601
2958	3262
1267	1800
1917	2359
2471	2511
2430	2607
27	329
2148	2543
1050	1328
2833	3011
2666	2782
1330	1730
2670	3382
941	1412
2064	2257
1172	1746
1465	2368
113	186
1584	1662
1358	1660
1347	1783
2329	2446
1465	2533
1918	2188
465	591
1029	1513
2972	3008
2778	3351
3459	3763
1393	1707
1078	1117
2055	2600
1310	1634
1146	1559
1571	1754
719	755
2897	2944
3454	3775
2875	3101
113	199
1541	1624
2675	3132
1453	1621
2117	2629
2084	2188
348	508
2672	3079
2748	3406
2086	2469
1006	1352
2200	2326
1676	1687
2152	2388
2134	2451
3690	3782
1092	1886
2053	2336
2754	2786
1404	1628
2831	2865
2806	2891
1053	1138
2124	2504
2047	2057
1948	2302
3056	3078
1130	1219
2346	2435
637	1606
953	1888
2220	2423
2237	2586
543	545
947	1509
1505	2968
921	1669
2285	2510
1271	1663
1571	1741
1570	1811
2091	2659
3096	3363
1212	1372
1281	1638
2840	3060
932	1205
2132	2241
513	524
2128	2372
1938	2033
1004	1435
924	1500
515	525
3007	3241
1391	1539
3011	3019
3822	3833
1379	1404
107	1779
2232	2571
2206	2374
1123	1256
1940	2289
1979	2418
2164	2423
1285	1793
1274	1866
2127	2196
2564	2654
2329	2354
2329	2374
2063	2551
3349	3360
1289	1833
2002	2332
2223	2384
2953	3026
2797	2937
1288	1289
989	1720
3132	3150
1919	1995
741	800
1912	2077
2913	3033
3448	3471
1172	1205
1184	1352
3195	3387
1505	2883
1427	1881
1335	1339
2719	3287
2674	2849
2509	2608
1714	1823
3455	3663
2415	2479
2347	2604
3182	3288
1335	1471
3022	3064
1705	1803
2010	2068
2730	3189
2370	2546
2183	2471
1540	1818
953	1826
3038	3297
107	1448
1941	2309
1317	1564
1612	1774
3625	3842
2005	2237
2084	2299
2936	3027
2339	2532
800	814
2030	2520
2081	2187
113	342
2756	3073
1947	2032
2345	2594
1369	1589
980	1613
2869	3204
2663	2726
2712	3351
1132	1330
186	221
2509	2629
2707	3133
1979	2046
1939	2328
2738	3168
2288	2391
2273	2649
738	781
2340	2404
3443	3630
1576	1872
988	1438
3838	3930
2754	3174
1054	1721
3590	3867
400	537
2047	2232
1012	1407
2400	2616
999	1181
2064	2350
2536	2542
1402	1900
2074	2520
395	637
3154	3288
1175	1559
3000	3056
2063	2363
1139	1672
488	497
748	787
2915	3090
2206	2561
68	225
2863	3280
2363	2423
2218	2271
58	3173
3047	3426
2300	2369
2923	3285
280	315
25	94
3456	3618
1707	1799
366	548
2073	2150
1289	1888
980	1272
1153	1336
2264	2473
119	269
2969	3339
1936	2286
916	1267
1683	1737
924	1355
3557	3838
2252	2304
1067	1229
2059	2433
2131	2233
719	840
1028	1291
2553	2655
2052	2111
3450	3545
1390	1620
3938	3962
2240	2543
1941	2616
3096	3142
1231	1783
254	299
2200	2233
1285	1610
1620	1885
1983	2606
2745	3033
2246	2588
1684	2777
2115	2206
1164	1329
1985	2575
1553	1688
2694	2800
2043	2623
2926	3256
3528	3640
2956	3195
0	63
3594	3695
1684	3226
988	1893
3049	3188
1079	1653
3756	3962
1985	2060
2179	2257
1324	1850
2241	2463
2139	2586
2698	2985
651	1358
2992	3113
1284	1583
1984	2638
3124	3365
2184	2478
3178	3307
2352	2433
3021	3277
1184	1662
1349	1408
1292	1462
1320	1694
2476	2611
1123	1156
3060	3291
913	1173
3019	3415
2039	2264
2170	2466
463	507
2661	2869
2064	2446
3048	3431
3442	3553
2839	2940
2128	2268
1925	2464
3332	3378
544	545
2869	3419
59	325
1257	1462
1149	1845
2279	2589
2229	2356
1048	1126
1185	1391
1277	1303
2035	2197
943	1236
597	633
1709	1815
1136	1325
1191	1868
1361	1805
1878	1882
2578	2579
3616	3647
3041	3058
934	1377
1912	2035
1076	1613
3532	3931
1971	2604
3140	3240
2987	3163
1399	1559
2833	3332
2845	3263
2108	2307
3100	3111
122	200
146	313
2451	2617
2806	3237
2508	2597
1059	1467
1970	2368
1684	2811
1236	1869
2362	2480
3490	3863
1361	1540
2324	2499
1141	1188
3054	3078
2434	2451
1352	1826
2201	2578
2736	2836
1410	1803
3466	3602
566	1358
1960	2231
1623	1804
3085	3363
1984	2059
2384	2413
2335	2361
986	1355
2057	2268
0	196
2327	2379
2300	2404
1083	1211
348	568
2993	3195
1469	1672
2266	2573
1003	1779
107	1584
3481	3830
2896	3085
2087	2194
107	1519
3234	3286
1539	1683
2994	3324
107	1186
252	325
3101	3152
1154	1356
348	476
2088	2098
2187	2344
1612	1737
79	119
3239	3355
438	596
2139	2630
1026	1290
2214	2302
1465	2007
966	1457
1948	2183
1311	1770
755	783
1250	1278
1345	1647
2681	2743
641	930
2716	3352
3471	3672
1364	1569
2194	2508
3072	3211
2278	2446
1600	1685
1609	1898
1189	1630
1192	1438
2040	2218
1341	1370
1663	1861
1266	1434
601	1512
1199	1341
2074	2290
1979	2392
1597	1736
1616	1631
1939	2052
2862	2874
1931	2657
2223	2594
1591	1611
2543	2586
3437	3956
402	422
2155	2501
2324	2469
1932	2598
1979	2212
2347	2629
2973	3115
2308	2347
2056	2331
3877	3971
1256	1336
118	331
1250	1352
2042	2102
1014	1592
0	323
113	169
3437	3817
1677	1763
2290	2655
1082	1859
3684	3697
583	675
1622	1683
3542	3543
3013	3352
2134	2588
399	441
2124	2489
2059	2549
2539	2623
1547	1813
3758	3761
2032	2473
2090	2165
2046	2200
2101	2327
2915	3029
914	1818
725	806
107	1587
1376	1669
3821	3834
2328	2491
213	345
1565	1882
3722	3907
1926	2451
1979	2369
1960	2488
2680	2916
2839	3029
3648	3810
1236	1308
3437	3505
1107	1827
355	418
989	1661
1926	2473
1534	3263
2199	2368
2408	2590
3079	3396
1948	2128
452	557
1454	1495
993	1291
428	1574
1107	1683
2783	3027
3035	3146
3538	3541
1462	1857
2331	2414
107	1294
1943	2020
946	1076
2289	2291
2498	2598
1929	2218
3553	3921
2063	2287
2921	3204
1267	1868
1231	1475
2708	3076
2176	2185
2708	3262
100	269
2372	2589
374	463
373	566
2873	3033
1528	1813
76	270
1549	1574
720	793
2084	2427
2302	2609
2696	3107
2124	2311
2771	3221
1935	2660
1539	1620
1211	1643
3145	3332
0	34
2206	2507
3611	3971
1559	1637
3022	3195
1197	1788
2030	2446
1929	2200
1120	1841
1524	1589
2068	2491
1074	1793
348	471
2010	2289
2374	2499
1993	2266
1316	1382
1004	1420
1941	2002
2123	2216
1946	2601
2127	2332
2095	2520
708	819
3824	3858
2161	2367
1308	1634
0	193
2504	2625
1019	1691
2243	2438
2742	3239
2509	2603
444	449
1475	1628
1173	1637
2290	2623
906	1795
2543	2643
390	475
1495	1907
433	510
2244	2356
983	1331
475	488
2666	3064
2240	2386
1021	1583
2997	3155
2109	2326
415	556
2710	3300
2460	2499
2477	2520
360	370
2047	2209
2997	3020
1504	1904
2404	2520
2776	3105
107	1455
1137	1892
3564	3568
2189	2234
1293	1608
3456	3577
2851	3392
1951	2647
2755	2866
2840	3267
2370	2615
3265	3351
3558	3866
3437	3806
2793	3027
2880	2919
1914	2645
2010	2081
579	622
2901	2932
2665	3249
2005	2184
1559	1827
1997	2506
376	548
1337	1480
964	1482
2464	2655
1684	2838
2124	2331
251	284
1819	1877
3022	3339
1684	3168
1441	1779
1159	1569
2929	2944
3649	3919
1491	1800
133	188
1229	1413
1684	3301
359	531
1006	1612
1167	1338
1211	1886
686	718
959	1809
2131	2309
1799	1804
1398	1513
584	592
1184	1491
3008	3309
993	1128
629	637
3073	3433
1684	3306
2716	3206
3036	3084
2896	2944
1557	1721
3580	3905
13	188
1059	1612
1250	1663
55	261
1184	1488
2240	2370
1409	1712
2914	3179
408	514
2863	2991
2254	2510
6	219
966	983
752	831
1010	1633
1075	1377
1583	1873
400	500
2932	3255
2190	2482
2074	2655
579	663
2532	2556
994	1426
654	684
1481	1783
1502	1573
3568	3617
2040	2109
2046	2140
1684	2817
3762	3934
2354	2386
2244	2410
2567	2609
2033	2600
2827	2866
2042	2282
3458	3719
1367	1589
2720	3344
3817	3971
1402	1663
2201	2551
4004	4023
2812	3393
417	507
107	1049
947	1471
1074	1437
2174	2368
1584	1721
1370	1447
1912	2282
1199	1685
2224	2282
362	413
2293	2351
2171	2647
3027	3116
1470	1717
2322	2577
2433	2600
999	1554
1076	1557
1468	1568
1017	1827
1946	2347
641	1237
2317	2618
1652	1712
2848	3178
3672	3852
2060	2115
914	1574
2155	2610
697	844
2354	2590
1912	2044
349	434
353	580
3438	3677
2679	3184
1137	1333
1078	1330
2947	3233
2973	3397
1925	2339
1985	2005
1920	2547
2781	2853
1256	1613
2359	2409
1966	2492
396	410
1148	1479
1147	1332
2354	2521
2927	3004
2057	2199
2216	2575
1438	1462
938	1568
706	828
2123	2520
2045	2446
1684	3435
1721	1741
1097	1787
1583	1587
2271	2482
424	518
2140	2201
1289	1352
1227	1573
3082	3240
1136	1615
1086	1125
2184	2369
2414	2423
2849	3070
1199	1230
2526	2590
2849	3115
2190	2611
3933	3960
1948	2292
1449	1800
1076	1644
1407	1614
1399	1668
2780	2863
3498	3615
3060	3287
2829	3334
567	3723
1197	1441
2266	2287
2054	2101
694	831
1684	3023
3599	3907
1415	1541
414	662
2150	2253
2108	2484
2543	2590
1393	1793
2083	2549
625	677
2927	2956
1979	2619
2214	2514
1246	1875
2205	2325
1998	2640
973	1863
1003	1272
3032	3397
1198	1714
2116	2645
2867	2910
2753	2989
1014	1786
1603	1823
2122	2624
2601	2655
107	997
1006	1471
1971	2564
2127	2302
2064	2188
2970	3185
2556	2615
1939	2509
1122	1427
2912	3226
348	533
2002	2029
1559	1861
136	2250
1185	1668
1940	2498
2819	3307
56	169
2959	3382
2698	2890
2026	2267
2934	3246
2073	2485
978	1431
2734	3077
2074	2433
686	784
1782	1835
107	1324
670	675
3132	3253
978	1491
2201	2484
2369	2559
64	171
3633	3804
136	2508
966	1823
979	1499
2991	3035
1791	1888
1932	1948
719	834
2081	2617
2781	3252
1003	1112
1132	1746
2677	2764
2033	2386
1070	1225
2011	2225
416	417
1997	2607
1366	1373
1129	1459
188	239
2943	3348
3265	3416
2625	2631
2573	2638
1304	1366
40	113
3437	3702
2863	3145
898	1396
107	1312
2500	2559
2010	2241
1156	1390
1181	1597
2087	2451
2077	2261
3054	3085
9	280
2674	2970
827	853
1985	2030
916	1293
2267	2529
3142	3363
538	1545
1199	1621
2285	2543
2142	2427
2717	3339
2026	2468
1980	2659
1017	1222
1524	1730
1067	1413
947	1590
1184	1622
1173	1222
1075	1717
2669	2683
2138	2653
2510	2649
713	751
3079	3332
1577	2273
2243	2387
368	404
107	1846
2273	2475
1452	1601
1347	1462
1078	1886
2169	2294
1189	1709
3062	3177
1405	1779
1718	1836
938	1424
107	930
483	962
1979	2184
97	230
1940	2250
2046	2083
2363	2638
1379	1872
376	637
2694	3065
600	658
2906	3096
2324	2624
2743	3073
2043	2575
431	614
2133	2296
1085	3830
1132	1480
1509	1570
1273	1502
1106	1131
1600	1737
1604	1734
1148	1235
1520	1819
632	650
3053	3354
2054	2537
694	784
4018	4030
537	560
2951	3034
428	1740
2550	2564
2909	3226
2237	2602
118	172
1222	1547
2745	2839
3437	3938
3672	3966
2233	2287
3047	3149
1231	1550
2395	2638
1926	2183
2037	2409
2292	2436
1979	2326
925	980
2689	2945
107	1253
2793	3120
396	531
2509	2652
1977	2256
1367	1689
1032	1067
2131	2418
2778	3051
2028	2372
1959	2054
2199	2465
1330	1772
1170	1273
1446	1694
3437	3784
2111	2582
3574	3877
180	242
2002	2512
1047	1222
2108	2123
25	203
1139	1815
2124	2561
2354	2376
3239	3252
2053	2203
1020	1277
3210	3313
921	967
2276	2409
2150	2468
1173	1580
53	194
2047	2250
1341	1351
2749	2873
3753	3867
709	754
2353	2543
122	224
3026	3096
2040	2559
2986	3029
3360	3397
2430	2469
2302	2385
107	1403
3342	3353
1110	1312
1237	1318
2039	2292
578	681
1217	1818
3437	3760
1377	1613
3100	3154
3524	3645
395	421
1363	1371
2122	2414
1938	2575
412	609
3488	3527
366	428
3486	3909
2071	2458
1715	1716
1265	1570
3590	3715
1809	1868
175	296
1287	1375
2501	2509
46	175
1450	1684
1293	1352
3191	3355
2433	2575
2680	2943
3086	3356
1182	1399
2742	3397
3851	3971
3255	3385
2560	2601
3078	3301
1230	1827
1255	1819
2521	2638
3596	3686
1294	1549
1980	2337
1199	1393
3116	3302
2043	2352
1092	1149
520	553
1912	2114
599	615
1460	1835
1941	2224
3587	3696
1488	1845
921	1793
3956	3972
2755	3040
1984	1986
2121	2352
3446	3863
2083	2374
949	1041
1243	1800
1739	1783
2589	2653
1184	1799
1028	1559
3980	4018
2292	2400
200	285
2504	2549
2259	2594
2247	2343
2276	2278
1001	1358
1416	1879
1938	2210
1583	1720
1938	2339
107	1436
2531	2557
2184	2500
1019	1583
1182	1753
2815	3022
2863	3391
3691	3830
3646	3951
2674	3179
2110	2432
2218	2408
2384	2530
23	99
583	628
262	312
1079	1600
3041	3089
1793	1827
1017	1663
2129	2342
2734	2836
3527	3545
2036	2366
2098	2188
2849	3299
1504	1785
1530	1879
1180	1888
3146	3198
2104	2573
1377	1768
1678	1847
1166	1729
2045	2115
2128	2153
1943	2410
1943	2073
2194	2259
1051	1166
1467	1799
3116	3296
1964	2366
578	599
906	1003
1985	2381
1243	1902
971	1503
1241	1850
1985	2215
2083	2579
1059	1644
2398	2491
2161	2338
984	1066
1230	1603
1117	1341
927	1334
506	525
2308	2369
2477	2646
423	591
2716	2844
703	709
1153	1898
1684	3430
3150	3397
2901	3299
1924	2259
1939	2294
492	567
3439	3616
3655	3933
367	490
2216	2467
2796	3076
1962	2404
1465	1941
2300	2545
2134	2543
496	637
1993	2078
1216	1798
2849	3351
2443	2490
2507	2630
1580	1637
2328	2531
1684	3126
2586	2602
2297	2447
2102	2183
747	848
2244	2554
2789	3231
993	1117
2196	2372
475	484
1516	1736
1330	1603
993	1734
2199	2246
2909	3184
2670	2972
2133	2310
2284	2639
1340	1622
3829	3900
2278	2586
55	277
946	1753
2944	3284
1294	1671
2061	2585
1625	1773
3542	3902
2835	2906
2078	2500
2750	3098
3707	3730
2037	2600
2103	2348
1985	2526
2032	2047
1076	1810
257	304
1912	1939
3169	3419
1918	2206
948	1677
1931	2626
2279	2336
2308	2578
2307	2324
396	555
1350	1550
2965	3107
1238	1900
2620	2658
1049	1059
1331	1839
140	312
1149	1804
1589	1675
2123	2324
3466	3972
1242	1597
2030	2124
2720	3321
2701	2797
2319	2436
2250	2302
2923	3296
3511	3900
2147	2376
2679	3238
2059	2140
2030	2485
2054	2511
2070	2644
3233	3302
3124	3380
2414	2446
2055	2559
1597	1610
2019	2334
1293	1488
3720	3749
2063	2201
1692	1808
2134	2496
2392	2476
2005	2446
2184	2586
2284	2657
1238	1285
481	522
2257	2276
3804	3913
432	555
21	26
2794	2907
213	332
3256	3274
3553	3827
404	537
2800	2839
2977	3257
2063	2237
2299	2347
3117	3237
1056	1124
107	1193
483	1820
686	796
1004	1835
2271	2329
1331	1598
1078	1821
1687	1705
1529	1745
3437	3757
3002	3263
1481	1503
805	814
1591	1893
3741	3797
3731	3804
1600	1652
1717	1827
3617	3834
2836	3383
2846	3013
1943	2229
988	1448
1243	1804
1351	1612
2033	2326
2418	2521
2331	2446
1925	2299
1207	1605
2138	2328
2738	3293
3348	3384
424	457
3590	3722
2683	2977
3596	3824
2852	3220
1052	1482
1936	2388
1392	1475
2589	2649
3299	3403
3026	3114
1196	1305
2040	2363
2810	2944
2078	2462
2139	2631
1369	1420
2909	3303
3437	3609
2363	2630
2123	2140
1014	1725
584	660
651	1179
1966	2370
2290	2602
2026	2547
2392	2428
2187	2394
348	548
1104	1322
2510	2629
2994	3033
378	553
960	1398
1303	1427
2280	2451
1160	1571
983	1086
1334	1675
1141	1228
319	327
1423	1841
484	1179
1947	2637
1437	1864
2672	2881
1940	2180
615	681
3471	3845
2720	3089
2200	2261
764	838
1992	2426
2468	2600
16	172
2906	2910
2318	2651
997	1712
2039	2543
2719	3298
1572	1597
1457	1663
107	982
3030	3084
1577	2268
0	333
1348	1847
2462	2600
2521	2530
2308	2348
3437	3680
2781	3113
2143	2509
2289	2642
1491	1516
2344	2384
2283	2643
733	768
363	976
1014	1281
2344	2399
2933	2997
1280	1902
1109	1681
1613	1663
2750	3284
563	1013
1243	1662
2856	2979
1082	1438
2060	2069
907	1047
1017	1804
2111	2302
1589	1819
2309	2446
2750	2920
1986	2300
119	339
3739	3871
2071	2567
3307	3341
1497	1885
2038	2372
3593	3646
2084	2275
1209	1752
1028	1612
1399	1826
2932	3189
1941	2590
3502	3813
2233	2567
1370	1457
724	726
1329	1799
3020	3263
1271	1712
1989	2275
2005	2188
2032	2169
724	734
2115	2654
1435	1492
1940	2169
1344	1810
2054	2289
2045	2086
2261	2423
2206	2623
3023	3184
2376	2395
2778	3035
2037	2607
2103	2552
3912	3917
1470	1791
917	1733
2201	2240
1169	1624
94	266
3063	3368
2192	2657
2900	3412
1013	1035
1250	1402
2090	2430
2521	2624
2328	2537
1948	2224
1305	1757
2275	2586
834	847
2199	2294
2102	2385
2135	2336
2308	2586
2782	3303
378	559
1718	1912
1610	1768
1918	2069
984	1783
963	1837
1222	1609
3004	3104
2369	2564
2187	2285
1267	1269
2131	2179
2110	2377
947	1757
2081	2472
1811	1839
2280	2345
3437	3591
1918	2469
960	1542
2993	3362
3177	3415
1983	2532
479	538
1431	1757
2892	3420
1684	2952
1943	2309
1236	1815
1044	1298
2864	3108
1143	1215
2383	2564
3605	3830
78	181
3057	3396
2482	2578
946	1163
2869	3049
2078	2220
2720	3198
2290	2376
1963	2278
2277	2488
1085	1803
1006	1207
2873	2890
2188	2326
2212	2593
484	1885
1684	2794
2684	3320
1199	1563
1195	1800
959	1551
2318	2416
2087	2465
2748	2765
2304	2396
1912	2272
2129	2587
2833	3188
107	1401
2719	3355
2970	3351
2237	2430
16	332
1945	2203
1156	1804
1971	2140
1912	2321
3437	3900
3437	3914
3488	3737
1997	2323
2324	2446
712	816
1202	1268
2293	2302
3019	3366
0	250
1184	1267
2794	2810
2052	2328
2172	2532
1718	2264
2984	3223
21	272
2369	2590
1181	1644
3584	3969
978	1377
398	511
2687	3397
1522	1823
2404	2563
2083	2229
2234	2410
1	54
107	1537
3472	3553
1827	1835
2849	3321
1573	1628
2153	2293
2060	2201
3581	3594
1687	1866
1078	1335
2004	2447
1225	1630
107	993
2428	2532
1951	2658
520	570
2702	3323
2117	2367
2244	2306
2718	2955
1986	2074
1959	2081
2176	2416
2037	2374
1236	1275
3721	3756
1986	2359
2264	2461
1563	1800
1449	1556
1117	1898
1214	1797
2176	2264
2339	2408
3002	3089
3226	3232
3192	3353
2241	2268
2271	2369
1460	1637
2257	2536
1917	2084
1182	1718
2092	2387
2718	3136
1940	2264
1917	1979
1539	1789
1551	1603
1946	2210
2189	2550
1964	2117
1284	1426
2184	2233
792	815
2289	2366
1207	1471
2064	2520
1921	2159
1327	1369
3097	3360
1062	1794
2232	2566
1360	1806
1261	1786
2063	2136
1730	1826
1520	1613
1086	1267
2266	2430
2125	2232
2944	3064
2340	2469
994	1235
2033	2266
2085	2296
107	1415
366	1408
25	169
2676	2815
1485	1618
3596	3971
1320	1616
2501	2603
1043	1788
2090	2630
1361	1551
19	41
2006	2022
916	1238
3029	3119
1941	2602
2539	2624
2927	2985
1970	2075
1750	1800
3677	3943
1970	2002
1684	2976
2093	2395
1090	1127
1068	1457
1922	2412
1	280
2174	2508
1412	1781
2306	2369
1620	1888
1309	1582
1048	1175
1943	2005
1456	1826
2729	2862
2828	3179
366	404
627	658
3072	3329
2914	3361
2718	3418
1291	1714
456	559
21	55
2305	2372
2142	2482
2800	2827
2213	2607
1393	1535
1946	2200
1348	1428
1468	1601
942	1828
2190	2536
2820	3275
1036	1680
2052	2471
1164	1603
2851	3090
1597	1867
2246	2641
524	591
2142	2328
1554	1746
1939	2327
2698	2873
1280	1662
960	1816
3456	3948
483	1878
2053	2111
2928	3119
3604	3790
1763	1882
2289	2336
2956	3384
2005	2088
484	1155
2111	2223
1399	1517
2912	3090
2384	2582
1287	1799
2006	2014
1775	1845
3571	3957
2879	3311
350	561
2184	2469
122	142
1943	2560
1402	1610
1551	1754
2098	2206
514	669
1946	2356
2127	2597
1017	1833
903	1798
1230	1669
2084	2164
1320	1374
1918	2506
952	1572
1604	1717
1230	1522
1983	2122
1966	2083
1390	1653
2268	2538
978	1750
2257	2278
2086	2340
1901	1910
2307	2556
3496	3722
2606	2615
3980	4036
3065	3362
380	505
2851	3137
373	506
2142	2615
3002	3385
2831	3326
946	1361
24	92
2048	2085
1684	3403
1172	1559
1420	1559
394	542
2779	3356
2414	2542
2495	2590
2492	2615
2139	2212
1520	1554
107	1406
915	1602
1920	2038
1684	3047
1617	1800
1191	1488
2381	2560
107	1762
2563	2654
1287	1471
2730	3110
986	1634
2028	2199
3437	3849
1277	1515
391	490
92	204
1284	1820
1985	2078
2078	2428
3207	3350
2117	2416
2924	2945
1095	1294
1014	1824
1985	2206
1153	1668
2446	2542
3038	3060
1309	1583
2880	3054
3656	3886
3485	3681
366	417
1339	1757
3437	3912
2037	2359
1149	1665
1597	1750
3066	3128
1940	2246
1003	1721
68	99
1391	1888
1205	1902
2719	2753
1287	1547
3132	3411
1086	1730
947	1827
815	824
2912	3384
2784	3150
981	1204
1721	1902
824	837
2127	2183
1622	1736
1570	1888
1230	1879
3554	3915
2697	2962
1338	1624
1461	1758
916	1799
2242	2425
2184	2654
1684	3283
2043	2309
2137	2347
494	526
107	1774
946	1617
1399	1683
1016	1499
2194	2420
3437	3893
2414	2460
3463	3593
774	830
136	2364
1146	1610
3199	3434
2352	2601
1082	1550
953	1685
1684	3048
1462	1873
2282	2598
2117	2292
639	678
2218	2552
2681	2738
1078	1361
1244	1781
409	512
2485	2560
2240	2266
946	1741
1582	1820
1920	2215
2240	2601
1742	1824
439	471
2661	3224
1174	1421
1390	1721
2218	2590
9	276
2419	2642
1658	1794
1323	1559
1318	1773
1508	1848
3508	3685
1993	2179
1201	1772
402	553
1113	1446
2154	2624
1456	1614
2719	3082
1941	2039
2030	2073
2142	2213
1912	2066
2045	2104
3489	3825
1101	1663
2446	2600
2791	2950
1029	1171
1012	1436
2202	2459
1350	1575
592	622
2869	2937
2327	2555
3	67
2339	2467
2180	2511
1941	2103
2129	2231
1557	1796
1946	2090
1184	1589
723	770
2747	2901
420	483
1216	1232
1613	1765
1296	1745
3005	3136
1312	1617
1959	1994
988	1227
3056	3073
2253	2410
2223	2328
2563	2630
3247	3265
2379	2508
2482	2625
2090	2347
2072	2153
107	1330
263	296
2134	2399
2428	2551
3344	3434
354	397
1247	1604
719	756
902	1576
2552	2602
3621	3797
2665	2753
1718	2512
382	531
107	1069
266	330
916	1730
2356	2492
993	1796
506	524
2098	2118
2078	2131
2189	2512
2069	2083
1662	1746
2078	2347
1984	2553
2174	2377
901	1798
2396	2438
1341	1816
525	561
2087	2543
2730	2801
2306	2309
1531	1831
2738	3000
1204	1429
2768	2813
2423	2500
2708	3434
1925	2564
1953	2095
2159	2583
2866	3426
1785	1828
3152	3313
214	230
1013	1549
136	1718
470	547
2968	3077
3079	3351
2211	2367
1502	1871
3021	3082
2543	2579
1619	1809
2282	2333
2484	2607
1117	1230
348	483
1577	2529
2728	3319
917	1275
2679	2986
2045	2374
1540	1717
2554	2586
1479	1578
106	169
2464	2482
1971	2563
404	496
30	304
2920	3078
900	1698
1243	1329
2293	2592
3852	3873
1226	1770
1235	1873
900	1615
1570	1753
2133	2313
1125	1604
1053	1808
425	523
1078	1843
2211	2525
2828	3381
1610	1757
392	473
2879	3382
2231	2236
0	123
514	548
1230	1793
3829	3956
2750	2913
695	780
1962	2356
385	483
483	1582
2325	2473
1153	1580
2813	3393
3584	3927
3100	3118
1946	2446
1684	3425
989	1583
366	492
3240	3335
2314	2335
460	508
1129	1475
3437	3851
1456	1613
1434	1590
1417	1899
1390	1835
2675	3253
388	537
1238	1772
376	390
1107	1370
3747	3776
2799	3354
1310	1686
2784	3409
2299	2607
526	1574
2068	2259
1107	1460
2211	2396
713	734
1971	2532
3437	3474
2336	2567
3152	3239
1329	1714
921	1269
1040	1125
2680	2925
1943	2578
1277	1691
586	587
2960	2986
1126	1271
96	323
1207	1285
2918	2932
2052	2294
1943	2363
3497	3902
1312	1431
2246	2629
2694	2912
2289	2296
2188	2311
1608	1772
3654	3697
2425	2468
107	910
1228	1304
2954	3279
2075	2128
1231	1235
2542	2654
2687	2742
1322	1502
2348	2495
597	644
1063	1370
705	781
1997	2188
400	432
925	1365
2302	2319
2211	2406
2742	3179
2134	2598
1959	2002
2465	2555
2344	2475
2690	3342
1688	1771
1192	1628
3437	3700
582	681
694	830
2944	3195
686	855
2742	3347
3557	3804
1038	1861
2140	2184
2142	2278
2024	2097
2693	3310
936	1512
3277	3330
1962	2559
1988	2349
1324	1495
1966	2560
2177	2252
2052	2555
1613	1643
1589	1721
1220	1498
934	1589
3456	3756
2686	3198
1304	1536
3516	3581
2720	3140
1718	2475
1946	2083
2815	3064
1041	1306
1557	1864
0	247
1431	1605
2232	2612
389	435
1523	1852
2765	3035
2241	2543
2754	3232
1059	1149
3437	3453
1384	1758
2309	2605
1912	1921
2220	2392
2507	2602
136	2133
3634	3829
2866	2911
2778	2991
1086	1547
2133	2145
1332	1660
1661	1848
2273	2289
1172	1605
3185	3385
958	1648
2179	2553
212	295
3082	3332
2060	2553
26	118
525	559
2661	2894
2072	2394
983	1006
3039	3261
483	1778
2945	2956
2916	3232
357	509
0	168
1904	1906
1006	1816
2090	2359
1714	1796
0	31
107	1607
366	376
1076	1563
2989	3087
361	489
3079	3160
2757	2944
3120	3277
3437	3682
1298	1438
515	553
1153	1380
1166	1871
3680	3958
2169	2434
1751	1828
1684	2749
2200	2549
1204	1682
2683	3026
1509	1901
2379	2617
2093	2460
2154	2370
3483	3524
2153	2223
1312	1827
1941	2511
2559	2623
966	1522
1187	1866
2354	2593
2716	3013
2059	2073
3581	3883
1912	2540
72	232
25	88
1960	2126
1028	1516
914	1217
1470	1811
53	191
780	840
526	1416
2078	2244
2352	2468
2359	2560
3171	3214
1447	1761
2135	2137
2040	2334
1507	1624
1196	1836
3161	3245
1979	2408
3455	3715
444	483
1746	1796
1718	2498
130	257
2849	3146
896	1448
3437	3819
1350	1794
2672	2796
2779	3077
930	1294
3541	3595
3034	3342
1458	1817
2122	2307
765	856
1993	2410
2920	2974
2665	3136
2775	3295
2333	2343
1946	2074
1198	1399
1260	1876
1271	1399
107	1095
1294	1427
2266	2350
906	1377
1100	1423
2957	3196
3830	3841
1986	2037
2196	2315
1646	1781
1341	1467
2748	3299
3437	3905
1684	2728
2093	2218
1684	2981
1059	1293
2250	2649
2573	2604
2392	2500
1126	1707
2863	3330
3154	3162
151	310
1535	1768
1753	1799
1718	2196
1086	1617
2754	2867
1471	1643
705	836
2095	2654
2758	3255
2351	2436
1684	2792
1175	1416
1570	1590
2332	2609
375	409
2139	2414
3018	3103
1129	1257
3113	3169
1684	3042
369	551
1376	1653
1014	1099
1416	1771
56	136
3472	3598
1405	3162
1101	1393
2043	2172
1321	1361
2404	2495
3458	3900
748	817
599	627
2093	2118
1048	1056
2564	2600
724	766
2211	2656
2780	3013
420	1237
1928	2018
2555	2642
2309	2324
1313	1565
1989	2077
3207	3273
2082	2412
2673	3436
1191	1399
1985	2542
1314	1548
1076	1181
2915	3010
2058	2229
1276	1791
1335	1772
141	291
2957	2964
2398	2617
3022	3348
3174	3399
1931	2011
2218	2261
35	143
3469	3529
2237	2655
425	520
378	426
2324	2489
942	1454
2333	2465
2154	2492
466	539
3698	3747
577	659
3101	3330
1912	2030
180	266
1312	1391
2828	3132
3617	3793
1979	2559
2278	2347
2748	3038
2111	2543
981	1587
2060	2064
3605	3800
1530	1827
748	793
1007	1426
967	1843
1238	1746
1399	1849
559	651
2110	2344
2352	2395
378	676
2117	2247
1667	1840
2989	3397
1339	1771
452	506
3437	3845
2212	2423
915	1671
0	298
686	833
420	484
2940	2943
3442	3791
1947	2399
3625	3962
430	563
1589	1735
2372	2508
107	1481
3562	3581
1947	2054
2069	2220
686	814
2492	2559
3051	3116
1926	2289
1104	1655
1135	1746
492	503
3980	3988
3256	3418
2121	2427
820	824
1918	2602
107	1269
2754	3339
1791	1851
2200	2404
917	1014
1296	1694
2753	3160
1043	1896
2127	2398
2905	3117
1010	1051
1813	1879
322	329
980	1239
414	608
824	838
1714	1809
909	1368
960	1652
105	280
1520	1597
1132	1185
1291	1598
1551	1768
2133	2440
2400	2610
1962	2083
116	162
1940	2343
1291	1401
1181	1547
2983	3028
1691	1862
2579	2593
2880	2910
422	654
2078	2363
2500	2655
1639	1835
1684	3095
3573	3930
2689	2763
1222	1688
1947	2028
3672	3872
452	497
600	661
2004	2626
1184	1735
619	630
2216	2271
2532	2539
2948	3023
107	1610
387	506
2202	2389
949	1259
1067	1227
2827	2905
2002	2198
2191	2305
1983	2218
2965	3274
3493	3506
170	332
2524	2526
3617	3895
2407	2559
414	623
1912	2190
452	489
3149	3348
1663	1909
540	560
1185	1570
792	838
1075	1250
1345	1720
3525	3721
2475	2598
2275	2543
993	1184
3612	3941
1951	2004
2086	2430
506	553
3776	3964
3136	3219
2150	2532
67	213
3151	3312
2102	2598
795	842
2055	2369
419	518
2833	3076
953	1086
2750	2906
2299	2392
0	17
2993	3166
2520	2604
1117	1768
2088	2520
1014	1303
2037	2442
2253	2552
1244	1591
713	766
2370	2418
1554	1737
1413	1611
975	1628
1165	1254
3069	3397
2347	2387
1153	1617
2712	3415
1339	1707
2030	2468
2247	2328
1958	2159
2229	2542
2323	2353
1962	2469
2369	2410
1926	2232
2047	2403
3075	3097
1329	1460
2069	2352
1482	1630
3612	3810
2164	2165
1935	2659
2451	2508
694	695
2211	2366
1684	3375
475	580
1199	1823
2932	3016
3437	3810
2733	2958
1302	1584
2064	2492
2184	2532
1709	1748
2116	2145
2112	2309
1662	1768
3192	3385
1209	1620
3596	3734
2460	2550
107	1467
2292	2471
1006	1547
25	73
3201	3272
1032	1396
1942	2499
3437	3560
1684	3219
309	320
3276	3340
1741	1879
3679	3894
2332	2608
1684	2704
119	297
1612	1833
2420	2598
2184	2210
2742	2793
2052	2420
2334	2356
1493	1568
1351	1799
2394	2510
1115	1120
2323	2554
967	1376
2766	2810
2327	2384
2104	2553
3033	3363
373	545
2315	2333
1620	1768
1153	1352
1290	1393
2151	2153
1037	1472
2148	2384
1117	1132
348	539
1507	1630
1926	2209
2096	2390
3035	3169
2669	2757
119	199
2966	3387
1612	1765
1684	2949
3101	3344
997	1006
2108	2630
3272	3306
1973	2616
1717	1721
119	208
1115	1235
2990	3412
3198	3422
2919	2969
2862	3014
1444	1620
107	1441
1986	2625
1329	1519
2992	3204
1205	1669
524	651
2353	2593
1077	1337
1398	1827
580	1743
3596	3913
1250	1653
2729	3080
766	815
526	561
1522	1643
2679	2911
1925	2142
1115	1345
1938	2154
1199	1255
2150	2507
805	823
1076	1211
2988	3339
2054	2516
430	541
2278	2624
1485	1845
3154	3397
2780	2795
1205	1839
1204	1859
2420	2543
2423	2526
3401	3402
2039	2194
1199	1559
2182	2642
2199	2475
1929	2139
2194	2351
2131	2353
1487	1692
2863	3349
753	823
2254	2398
1538	1810
2187	2283
1001	1740
1966	2044
1538	1621
422	630
2086	2356
1416	1800
1918	2095
2953	3364
2331	2381
434	523
2293	2461
2823	3182
1312	1835
1004	1290
2748	3107
1938	2591
2087	2111
122	252
1932	2543
1953	2521
1267	1833
1493	1837
3144	3431
2828	2991
84	276
1409	1665
99	225
2064	2095
374	565
2103	2142
2295	2582
3519	3571
2526	2578
2094	2301
107	563
2053	2180
2032	2343
107	1051
909	1043
1243	1827
2340	2542
1132	1285
1243	1754
2896	3129
1997	2468
2038	2512
1973	2202
2363	2590
2430	2604
2458	2516
2112	2381
3553	3936
1413	1576
3263	3405
1941	2257
2131	2352
3947	3951
2208	2530
1684	2877
3576	3830
1663	1902
1684	2699
475	566
2002	2283
1614	1621
3794	3869
980	1612
1339	1652
3626	3979
1941	2144
925	1524
1014	1502
2210	2410
40	325
1979	2084
993	1622
966	1416
1945	2417
2299	2381
3366	3403
378	484
1360	1719
1774	1835
2773	2969
2937	3182
3440	3596
1480	1774
3468	3601
1964	2219
2326	2507
1989	2550
2132	2603
1093	1646
3299	3353
26	315
2154	2363
1941	2058
925	1835
1056	1290
1545	1654
1214	1323
1117	1238
3483	3821
2088	2353
2111	2199
993	1289
1199	1589
1255	1539
1391	1750
1085	3851
2911	3195
2706	2782
1635	1857
938	1733
3094	3145
2266	2631
1941	2354
376	452
1577	2042
2142	2386
3862	3921
2023	2371
2055	2229
2022	2538
2853	3113
1093	1529
3274	3350
2190	2625
3568	3931
1932	2068
1993	2308
1790	1844
2754	2912
2323	2655
3926	3930
107	1616
1684	3332
1666	2883
2020	2109
2231	2440
994	1658
1590	1617
1989	2423
2030	2369
3841	3938
2118	2324
3005	3292
1009	1015
592	621
26	223
1589	1768
3844	3848
3599	3835
2188	2506
2154	2334
2313	2406
2326	2604
436	646
517	1268
690	713
2340	2507
107	1462
238	239
2373	2411
1707	1879
2334	2604
820	848
1192	1550
438	559
968	1699
2601	2615
2985	3054
419	492
1926	2054
2800	2919
942	971
0	155
3018	3233
512	556
2871	3415
2712	3240
2121	2619
1522	1888
2398	2649
1211	1689
1962	2308
1509	1516
2331	2624
3571	3759
1964	2525
2237	2253
605	653
797	809
1066	1303
1349	1882
1107	1861
1312	1513
917	1324
2989	3154
3437	3701
2683	3390
897	1483
2140	2500
3145	3291
1948	2196
2071	2081
1084	1470
3476	3701
1662	1712
2276	2564
1302	1377
1184	1237
2962	3273
1912	2410
2340	2556
3077	3103
819	834
1393	1768
1376	1782
2002	2434
2897	2986
1059	1663
2246	2616
391	580
1004	1101
1975	2314
3799	3932
2271	2324
1684	2840
1183	1794
80	213
348	506
3208	3214
2147	2590
2140	2244
2849	3277
760	781
2073	2604
538	1080
647	658
1238	1816
774	869
2135	2174
980	1334
3260	3298
1370	1542
1603	1750
1175	1879
1919	2016
2296	2416
2411	2412
2191	2516
967	1361
2108	2218
1255	1614
1717	1799
2854	3228
3239	3351
2088	2391
2780	2871
2664	2908
3545	3891
1305	1563
1080	1086
637	1790
2235	2511
2796	3145
2826	2979
1577	2472
375	525
1124	1447
1158	1462
3583	3825
1041	1504
1049	1730
934	1128
1059	1559
2276	2590
2372	2417
1062	1876
475	502
1332	1464
2022	2639
3437	3947
1370	1619
3624	3662
3918	3975
2564	2602
2681	2864
2911	3065
2472	2629
1438	1459
507	556
1487	1545
2553	2615
2914	3140
2088	2352
3106	3291
561	565
2015	2357
227	278
3514	3828
2254	2608
2043	2220
2020	2601
1464	1794
2394	2458
2981	3073
1001	1767
381	509
3137	3400
1608	1622
428	1313
2780	3178
416	494
2352	2464
1020	1661
1334	1391
1334	1669
2037	2393
2679	2777
3008	3314
694	853
1377	1603
2077	2604
1327	1718
3181	3372
1026	1902
1375	1737
2077	2590
3468	3782
111	137
2461	2511
3437	3863
2939	3150
2420	2617
2005	2064
1823	1839
367	422
2731	3084
1117	1826
495	520
1377	1570
2987	3025
2461	2582
1881	1897
3703	3938
3260	3345
1942	2303
829	842
2173	2260
722	745
2087	2509
1059	1516
2234	2429
925	1572
1136	1676
1912	2232
2294	2511
2128	2338
1291	1835
1329	1522
1600	1795
2218	2638
2585	2620
431	566
1481	1591
1717	1804
2897	3399
2124	2446
3536	3922
3052	3387
417	542
2045	2500
1306	1338
3526	3753
412	520
2050	2447
2102	2223
2061	2660
2297	2627
395	452
3138	3374
2831	2863
2973	3223
2188	2212
1369	1505
477	516
1530	1735
373	414
2897	2906
1040	1879
806	822
938	1895
2001	2012
1307	1360
2956	3417
2309	2347
3346	3421
2266	2521
2274	2344
1962	2095
2792	3037
1267	1336
1008	1505
997	1535
2201	2324
107	1444
1146	1833
2754	3362
3120	3240
2354	2482
1926	2235
1390	1509
2133	2344
1214	1609
1335	1488
1406	1786
2389	2531
980	1323
224	322
1112	1750
1985	2112
1148	1227
1918	2088
2253	2266
161	271
3034	3038
1235	1655
2844	3274
1172	1431
2468	2549
389	486
1966	2275
1026	1369
392	515
956	1548
3824	3831
1124	1377
2047	2087
1491	1589
2724	3273
1818	1897
1243	1669
1962	2331
1488	1898
2102	2132
1003	1644
897	1782
1198	1833
1932	2007
3342	3406
599	632
2390	2511
2071	2338
2278	2499
1932	2125
1291	1352
2495	2602
2102	2279
1912	2605
398	497
2369	2631
2122	2257
603	684
2154	2218
2032	2187
1018	1578
1653	1867
107	1651
2180	2555
2667	2784
2124	2306
1121	1472
3437	3732
3225	3320
1078	1230
2490	2513
3066	3072
3584	3866
1717	1877
2456	2541
1553	1908
107	1621
1221	1525
3995	4014
2111	2224
1454	1812
1261	1292
392	404
982	1589
1191	1621
2068	2203
2336	2502
2187	2224
3239	3345
3353	3403
1099	1732
896	1583
3649	3883
2743	2880
2290	2625
1269	1753
355	474
2994	3114
1009	1611
67	156
1523	1618
1668	1734
1577	2289
2283	2509
1984	2376
2951	3233
75	258
2716	3188
1942	2234
2753	2869
2122	2300
2063	2086
3620	3718
3596	3851
2037	2216
2754	2911
1175	1621
1589	1757
2023	2047
1196	1735
1243	1612
1979	2575
2543	2544
2903	3258
3605	3737
2154	2347
978	1554
1229	1261
2906	3303
1162	1814
1021	1578
394	492
452	566
2047	2223
3131	3180
3555	3754
2275	2526
1494	1555
1026	1377
1126	1826
2937	3145
960	1736
917	919
2730	3196
2825	3156
2150	2331
2104	2428
1126	1562
1274	1656
579	644
2925	2928
360	387
2912	3399
2504	2561
2046	2404
1935	2297
959	1063
1309	1661
515	519
2194	2330
3501	3677
2200	2607
2713	2728
905	1095
2032	2153
1116	1391
2071	2194
430	566
1238	1637
2133	2367
1006	1809
1351	1839
3020	3136
1709	1749
107	1525
2898	3424
921	1222
107	901
1789	1810
1557	1612
3277	3434
1604	1793
107	566
1004	1688
947	993
3488	3966
2194	2653
2354	2356
348	466
1238	1717
2409	2560
3833	3973
1048	1675
694	795
857	868
1431	1522
2049	2313
3040	3174
2020	2220
1152	1258
1024	1199
1432	1438
2840	2973
579	611
3455	3921
1974	2453
1912	2242
1621	1833
2200	2370
1230	1484
2666	2815
2839	2966
1612	1746
1155	1677
1199	1538
373	558
361	557
2668	3110
3041	3194
1347	1828
921	1135
829	853
2132	2187
1204	1894
2264	2327
1292	1583
1199	1359
1004	1833
2368	2519
2071	2292
2315	2543
686	806
2786	2906
2059	2446
2150	2340
2334	2546
1926	2246
3790	3824
2827	2910
1534	3245
1985	2631
2712	2853
2555	2598
2323	2410
1159	1785
1929	2423
1563	1675
1241	1502
2068	2117
2668	3276
3528	3557
2951	3264
163	249
2216	2309
271	322
3502	3830
2274	2333
2151	2582
2212	2563
2043	2121
1104	1628
1684	3316
2919	2943
932	1173
2340	2532
3235	3288
418	547
2064	2408
1684	2685
366	496
770	803
3719	3770
3847	3953
916	1791
936	1358
1004	1076
1718	2052
830	840
2369	2655
2142	2564
2464	2615
1963	2063
3019	3176
1621	1721
3120	3154
2005	2172
3203	3406
3938	3971
3628	3868
2880	2986
2348	2549
654	685
2229	2381
3806	3905
2081	2324
1199	1605
2781	3350
3	283
1589	1886
2553	2593
200	252
2802	3035
3538	3567
1926	2259
1971	2142
2081	2475
1645	1881
2149	2519
3166	3339
2199	2649
2081	2292
1399	1867
1587	1647
2693	3361
3498	3921
2091	2160
1226	1246
136	2336
1104	1227
1127	1472
1959	2134
896	1100
2746	2866
2012	2494
2905	3363
2052	2475
2469	2606
921	1765
2054	2327
2102	2194
2047	2608
3456	3501
2210	2381
2098	2150
2863	3297
975	1438
1299	1504
513	525
3548	3948
1620	1867
2623	2638
2074	2326
128	211
3386	3403
0	215
1149	1563
2057	2491
1126	1207
728	823
606	1876
517	580
1929	2104
1117	1804
1684	2773
1092	1551
2521	2646
1298	1857
3046	3345
1024	1153
2449	2561
963	992
599	635
2111	2653
605	677
2374	2607
2586	2590
1467	1522
2071	2599
2694	2717
1922	2317
1088	1421
1391	1589
1086	1600
1979	2308
738	853
3473	3868
1083	1331
524	525
1425	1633
933	1014
1075	1209
1555	1806
2750	2986
2836	3424
2800	3284
63	342
1163	1449
1473	1709
3503	3596
724	827
2145	2277
1117	1772
651	1744
2833	3154
1320	1358
2992	3320
2748	3124
1207	1619
2877	3426
2190	2229
3191	3320
2320	2622
2150	2244
0	311
2052	2241
1926	2267
2030	2499
2139	2607
2117	2317
3277	3316
123	239
3207	3295
2221	2226
2208	2302
982	1833
947	1754
2278	2551
3000	3073
2157	2417
903	1601
1382	1742
1360	1803
3118	3320
976	1743
3035	3082
1587	1786
0	18
3578	3633
897	1123
1457	1471
1089	1213
2130	2156
1275	1338
2211	2612
2072	2491
972	1117
1912	1913
2742	3344
2973	3070
1018	1309
2669	3040
2088	2266
765	807
2890	3232
1577	2223
3259	3337
523	545
3476	3757
2211	2473
2261	2543
2052	2117
2194	2597
2238	2335
727	845
265	342
1086	1675
583	650
1985	2420
2118	2468
686	722
3084	3364
3000	3119
2495	2564
2059	2103
1431	1662
3685	3698
1316	1583
2071	2472
1077	1702
1037	1770
1296	1831
1290	1377
1408	1807
2300	2478
3523	3594
2188	2606
1912	2081
2543	2593
1488	1746
1953	2601
2356	2395
3508	3850
2217	2439
2150	2271
2016	2645
1912	2004
2064	2356
1243	1267
1970	2003
2060	2560
1243	1554
2116	2268
2131	2154
107	1660
538	1223
1396	1742
2661	3274
916	1271
806	818
2763	2944
1502	1596
1697	1909
171	904
3026	3166
1080	1695
2947	3001
993	1185
1577	2589
1554	1584
2190	2464
3540	3734
431	440
107	1657
2364	2459
3021	3049
2218	2611
921	1608
2056	2506
2906	2946
951	1702
1243	1509
3738	3821
2720	3239
983	1707
1984	2276
1689	1752
913	1818
2064	2433
2071	2134
2782	3010
1608	1714
1195	1513
2973	3406
107	1466
953	1730
2159	2648
686	752
2755	2966
2510	2608
2702	2859
436	506
3836	3975
2206	2363
2615	2625
107	971
2108	2240
1261	1872
2002	2127
3495	3873
2082	2089
1971	2121
3339	3387
3109	3345
1149	1390
2754	3433
1196	1852
903	1378
1172	1352
2259	2608
1561	1863
805	810
916	1868
1222	1835
1951	1995
3638	3799
2111	2338
2279	2398
2054	2274
596	1229
2787	2939
2738	3433
2180	2649
1216	1533
2719	3377
2311	2354
2741	2896
1471	1613
2668	2751
3437	3964
1913	2531
2007	2063
2773	3293
107	1273
428	438
2088	2275
55	67
80	173
107	1482
2022	2192
2090	2561
223	261
2844	3017
21	165
56	342
3836	3957
3681	3804
2329	2542
2218	2275
1171	1486
1993	2414
2294	2336
896	1261
1018	1638
1187	1328
1975	2119
2112	2240
3705	3921
3831	3851
2664	2745
1983	2602
2116	2378
1086	1238
2854	3426
2020	2104
2665	3397
1242	1689
2244	2309
2007	2127
2906	2911
3102	3297
2299	2477
1712	1849
1217	1584
1316	1742
1199	1242
1317	1641
2091	2448
2754	2908
2526	2600
2135	2191
1943	2060
1488	1663
2090	2418
2369	2468
2929	3000
3280	3391
1054	1659
2257	2369
1076	1250
1277	1508
1488	1722
1912	2113
1115	1862
1377	1563
357	554
2464	2623
1997	2266
2469	2482
2464	2611
465	484
2941	3361
3120	3247
2059	2299
1684	2755
2216	2266
1409	1835
2187	2465
2504	2593
3331	3373
703	827
107	1705
1813	1867
2062	2597
2007	2032
1447	1509
2299	2308
1920	2351
946	1391
2261	2591
2063	2409
1432	1462
3129	3436
2148	2327
1938	2237
3488	3930
939	1295
1369	1563
2134	2336
981	1235
1370	1380
488	527
2418	2433
1505	3019
1205	1250
1912	2512
1746	1849
2867	3158
1079	1132
2504	2546
59	186
2391	2623
28	151
2815	2925
2109	2631
1946	2573
2140	2423
2090	2462
2240	2613
3527	3702
999	1471
2220	2554
2067	2478
1559	1717
693	824
1312	1833
2129	2373
1149	1584
2683	2809
1185	1291
2750	2897
2038	2127
2101	2415
488	496
2088	2408
1108	1396
1706	1850
1420	1746
398	456
1185	1331
1221	1459
1048	1485
2101	2384
2937	3116
2172	2611
3437	3620
2325	2328
2137	2629
2294	2544
105	315
1988	2076
2464	2550
917	1121
959	1391
1920	2282
2504	2611
1146	1199
1402	1622
2037	2546
3553	3728
2324	2604
2107	2146
2172	2446
2056	2387
2957	3308
3900	3951
2687	3320
2350	2391
2929	2945
2661	3391
997	1722
3224	3351
357	505
596	653
993	1390
1059	1420
3185	3335
2311	2485
3179	3350
3558	3793
1684	2973
1502	1649
0	347
414	587
988	1715
686	720
941	1454
2007	2259
2072	2461
1288	1826
1913	2384
2043	2074
1356	1694
2229	2244
1702	1805
1376	1570
947	1765
1912	2129
1163	1488
1257	1647
1995	2648
2451	2522
512	513
3586	3788
2308	2395
212	239
2196	2384
3145	3277
423	567
1479	1715
3700	3864
2745	3004
2680	3129
2337	2645
1520	1816
3051	3280
2247	2362
24	94
107	1055
1475	1591
944	1338
107	1145
2188	2578
3784	3833
2218	2602
1419	1440
107	960
925	1769
1212	1743
2990	3154
1086	1660
500	565
4000	4021
1281	1844
1516	1603
960	1603
2095	2395
1204	1591
926	1191
1352	1447
1078	1816
3480	3684
2177	2282
1741	1886
2152	2248
1215	1794
2828	3298
1522	1826
1004	1721
1976	2659
3116	3265
3449	3501
3330	3335
2083	2542
2122	2347
1350	1611
2755	2911
919	1820
1161	1656
995	1160
107	1138
428	609
2178	2321
1983	2329
2235	2394
1249	1756
432	521
3054	3284
2010	2246
1005	1672
1569	1818
2041	2456
1225	1504
872	887
2047	2609
2093	2376
3718	3896
1547	1620
2870	3009
1048	1835
1391	1675
1255	1603
1141	1725
2661	3154
1380	1623
2054	2203
1432	1715
980	1047
3243	3435
439	444
1684	3138
2679	2956
107	1313
3455	3753
1946	2020
1991	1998
1175	1620
471	537
2225	2640
1195	1765
1173	1483
3596	3790
172	239
2862	2890
1746	1833
1912	2294
1944	2610
993	1269
1684	2682
2032	2649
975	1298
978	1329
1059	1730
2484	2630
2593	2638
1331	1457
769	798
1019	1104
107	1162
2999	3066
107	898
2708	3172
1931	1976
3767	3782
1175	1180
2698	3119
2033	2271
922	1817
1951	2585
2020	2037
2102	2246
2087	2572
930	1763
1186	1216
1247	1897
1110	1730
2940	3363
2068	2176
1051	1188
2090	2139
3455	3722
3141	3271
1551	1685
1916	2003
2409	2624
2969	3036
2149	2293
2492	2586
1678	1819
3065	3284
3559	3831
2409	2646
3247	3296
2354	2550
1750	1835
2064	2532
1926	2461
1914	2659
2370	2430
2164	2300
2307	2363
2148	2458
2088	2550
3437	3880
2423	2504
2344	2594
925	1054
2381	2559
1684	3142
3577	3625
695	834
3625	3672
3388	3394
2984	3353
1131	1686
2215	2372
1989	2112
20	214
3690	3821
2063	2549
686	745
2543	2561
2090	2201
2910	2985
1351	1879
3437	3554
2117	2187
3680	3794
1272	1488
2749	3142
946	1597
2351	2420
2909	3042
3260	3360
1054	1724
107	1405
1932	2187
2020	2140
1608	1804
2308	2408
213	315
963	1363
1555	1847
2934	3077
1024	1207
2164	2229
926	1604
2779	2951
1316	1786
1431	1768
1962	2630
2912	2953
1439	1621
3500	3508
3506	3786
1964	2419
913	1357
1985	2520
2140	2601
1066	1828
1941	2046
1718	2642
1032	1324
1917	2290
3077	3366
1102	1475
1305	1390
1256	1639
1037	1536
400	420
2532	2624
1925	1985
953	1571
1006	1091
779	824
3048	3276
3437	3892
2250	2473
3000	3213
2897	3054
967	1250
1116	1816
991	1165
3201	3265
1621	1782
2363	2404
2068	2379
1569	1738
2024	2378
2059	2150
2155	2641
2064	2578
381	457
360	495
1938	2654
1101	1335
1984	2123
376	514
1929	2646
2150	2536
1214	1846
2053	2594
1914	2009
419	431
376	420
1226	1428
1502	1591
470	555
2109	2551
2729	2877
1926	2026
1986	2468
2294	2344
1707	1810
2983	3155
2249	2336
2863	3113
1471	1849
2690	3349
2982	3382
3148	3327
1049	1290
2689	2986
2849	3345
2176	2209
1088	1641
2150	2410
3640	3838
2059	2520
1006	1799
2806	3294
3455	3773
2059	2095
3288	3297
1955	2537
438	669
3140	3397
2986	3096
2095	2103
2999	3240
2100	2450
1175	1420
461	513
2836	2858
64	217
1209	1789
2231	2316
955	1254
1163	1863
1465	2267
479	542
947	1746
2307	2575
3661	3897
440	525
1125	1457
2853	2939
1707	1750
3437	3691
2716	3198
1518	1567
2176	2461
2118	2275
1940	2007
1256	1390
1419	1911
2590	2593
21	252
1076	1800
1044	1583
2071	2183
2500	2560
1584	1753
2068	2592
3010	3137
2753	3321
175	321
2184	2220
707	768
2237	2356
2602	2624
1085	3756
1012	1881
2327	2372
1684	2966
1917	2088
1653	1683
1994	2039
199	342
1684	3173
2863	3274
1370	1662
2845	2951
1019	1067
2200	2446
2244	2392
2705	3304
3633	3884
2506	2573
980	1675
1630	1703
916	1076
1377	1589
2134	2315
1980	2633
2863	3198
1153	1584
2664	2815
1966	2037
1244	1770
1570	1643
2359	2546
1939	2332
1222	1669
1337	1593
1105	1890
2292	2417
1912	2423
1128	1761
1146	1344
2676	2777
1973	2143
2669	3284
1938	2179
2506	2625
109	169
3545	3611
2046	2551
1813	1839
2031	2145
1125	1291
1783	1824
1420	1557
1535	1835
474	489
2404	2553
1341	1598
1006	1845
2396	2608
2347	2590
2266	2299
1993	2323
1222	1352
1416	1796
2749	3129
1505	1674
1409	1447
353	432
2125	2463
726	805
903	1892
2247	2537
2001	2636
728	797
1015	1021
2072	2274
2129	2412
1117	1263
2309	2543
724	778
1382	1495
2005	2323
2384	2589
2112	2190
917	933
948	1142
3129	3426
2433	2484
1049	1243
1131	1355
1107	1457
1962	2549
1478	1829
993	1688
408	520
2020	2551
2090	2275
2835	3129
2325	2419
658	665
1411	1554
2125	2598
1040	1809
1273	1783
1958	2022
2460	2579
1795	1877
2778	3320
1222	1255
2289	2425
2212	2309
3488	3731
2009	2459
0	230
171	2838
546	555
2037	2504
2123	2386
1465	2250
423	506
3756	3877
423	456
1135	1185
494	497
997	1280
2020	2347
2675	3198
711	853
1070	1472
2409	2492
506	545
1067	1841
370	471
2220	2253
3672	3851
2331	2369
2267	2653
1685	1768
2420	2567
719	784
2667	3349
2121	2339
2086	2240
2243	2415
1117	1613
2063	2064
2807	3123
1243	1323
2363	2409
1181	1632
1667	1699
107	1878
3615	3921
2140	2154
519	557
1556	1789
1146	1523
3753	3907
1080	1332
2915	3417
2073	2122
353	567
2122	2485
348	497
2742	3321
1943	2556
3098	3363
2966	3238
3766	3809
1604	1809
3726	3829
1222	1608
1505	1561
2183	2472
2056	2507
1867	1886
2726	3229
3437	3896
2301	2487
3828	3860
1951	2633
637	1584
2190	2381
107	1139
1026	1761
2187	2295
1413	1790
3860	3902
1644	1827
643	650
1214	1789
2768	3097
2938	3396
1917	2469
1390	1391
3338	3427
1242	1810
1683	1819
3077	3091
1267	1753
1261	1451
1993	2602
3132	3188
248	291
1231	1655
3596	3658
1135	1621
2666	3026
2294	2588
460	524
3437	3578
2298	2637
2636	2645
414	461
2196	2325
2081	2336
2235	2396
2716	2719
2037	2630
2919	3078
1390	1399
1621	1707
2939	3070
366	374
2064	2108
1917	1966
1684	3144
414	683
2455	2587
2347	2472
1421	1705
2028	2174
1951	2660
2867	2928
199	231
475	542
1574	1870
1361	1390
2042	2592
2007	2198
3779	3872
512	517
3026	3417
2125	2510
1563	1717
1345	1595
1966	2504
2700	2709
1086	1146
596	1859
1912	2582
2742	3046
2161	2649
1927	2202
753	856
400	511
2469	2623
899	1133
1964	2038
2719	2936
2491	2608
2072	2451
1449	1614
107	995
2673	3324
2239	2242
2309	2552
1100	1655
2694	2773
1980	1995
3584	3631
2348	2395
2220	2630
2556	2631
589	677
3516	3919
694	724
3116	3169
1102	1261
3258	3291
430	469
2133	2555
3450	3642
686	741
2480	2642
3603	3790
1409	1730
1948	2163
475	1374
1112	1420
3075	3397
627	675
980	1351
2237	2520
107	1747
1427	1464
1551	1902
2850	2867
1688	1721
107	946
3629	3710
3027	3353
1508	1742
2275	2611
1358	1645
1505	3005
1182	1405
422	617
1757	1888
1285	1832
1158	1192
1020	1508
1639	1643
1945	2161
2083	2506
2222	2344
3708	3759
109	277
1211	1399
538	1695
2720	3353
2005	2386
2124	2240
3608	3722
2863	3124
2917	2944
2311	2334
107	1147
3545	3851
2192	2225
2073	2090
3154	3344
2257	2324
1040	1768
2772	3319
3176	3223
1376	1717
491	502
2069	2124
2615	2638
1712	1804
1684	3386
745	773
708	730
1173	1205
2005	2638
1522	1718
2309	2624
2676	3149
2326	2579
1721	1799
107	967
711	766
3093	3291
2674	2991
1612	1717
2211	2327
2334	2564
925	1222
2906	3426
1916	2582
2803	3124
1101	1598
1689	1902
2679	2864
2693	2764
2007	2137
2867	2945
975	1611
2092	2234
1250	1488
3119	3166
1768	1898
1918	2638
1078	1530
3027	3395
1369	1852
1182	1589
2974	3433
2699	2959
2143	2384
3608	3710
79	272
67	324
2427	2449
1182	1559
2679	3046
1242	1652
2276	2418
2033	2077
1665	1833
1516	1604
703	764
2092	2303
1663	1877
2434	2652
3437	3799
1244	1703
2668	3154
980	1888
1255	1405
686	780
3092	3213
1410	1433
3437	3859
1684	2850
429	522
170	268
1718	2511
1665	1849
1335	1879
1256	1388
2164	2381
2908	2927
1051	1159
3291	3335
128	176
2074	2124
1339	1886
136	2254
2053	2344
3437	3699
566	1692
1998	2639
2761	3052
2045	2348
2874	3119
2451	2512
1670	1678
148	261
3503	3800
455	522
1999	2538
1946	2550
2832	3171
1024	1663
2574	2600
2037	2477
3705	3740
1985	2087
1006	1888
2812	3187
433	455
1078	1826
397	402
1925	2485
2884	3390
1160	1768
1919	1927
1931	2620
2007	2199
2157	2365
3022	3232
2875	3287
1966	2352
2109	2564
1659	1724
1369	1523
2155	2344
3097	3279
1171	1173
1946	2593
1639	1761
820	823
3114	3364
368	503
2738	2835
2344	2555
398	538
1298	1459
2753	2901
3111	3274
376	1616
1214	1530
2282	2617
2057	2384
1912	1916
2908	3108
2771	2836
107	1658
1100	1628
3535	3927
3245	3263
1166	1306
3545	3831
2135	2279
1305	1513
952	1589
3486	3705
478	496
1222	1230
2337	2364
1090	1131
3528	3804
40	72
430	569
1107	1219
1024	1267
2906	2986
628	632
1685	1799
391	591
2088	2299
970	1825
983	1271
2103	2200
934	1243
1124	1839
425	439
2237	2339
515	637
211	315
2133	2592
2694	2872
2873	3114
2468	2559
2756	3090
3054	3114
1122	1408
3017	3276
2661	3302
1912	2026
2237	2601
1989	2381
1158	1292
783	793
2440	2618
1532	1867
1517	1610
1953	2386
3562	3919
2369	2556
1520	1659
1047	1827
1019	1229
3101	3132
1156	1891
1472	1541
578	583
2104	2593
2408	2611
2042	2597
1551	1835
1148	1682
3633	3797
404	456
917	1531
2781	2869
1917	2613
2060	2108
2005	2164
2708	3079
3252	3355
2103	2504
458	489
2152	2357
1471	1832
3764	3810
968	1217
200	224
1367	1620
1347	1611
1452	1468
1549	1695
2423	2446
2966	2987
936	1882
2839	2852
1971	2179
1956	2487
2107	2166
1100	1345
2877	3324
1583	1596
3051	3132
1943	1962
1166	1595
2604	2623
2276	2615
2417	2649
698	879
3257	3293
348	428
2003	2491
1083	1330
1800	1891
1577	2002
952	1752
2164	2257
1986	2278
1126	1909
1004	1198
1175	1185
2240	2299
3320	3406
2683	2743
1338	1473
1148	1841
119	280
803	880
2755	2986
2843	2955
957	1286
2477	2601
2853	2992
2308	2428
2724	3263
1047	1377
387	444
3239	3291
1399	1622
1941	2363
1172	1707
1431	1879
1964	2425
1505	3205
728	856
3437	3504
1912	2280
2559	2593
737	745
3794	3900
1916	2052
1302	1665
2538	2626
2087	2151
2670	2889
1377	1685
2009	2337
2001	2585
181	195
2037	2604
1730	1750
2056	2200
1227	1500
1201	1471
1659	1827
577	647
3581	3898
1402	1888
2108	2188
1076	1610
2754	3000
1684	2664
1086	1390
1389	1431
2244	2354
1921	2024
2241	2629
2020	2206
2208	2384
2419	2519
357	459
1912	1967
2827	3078
1185	1416
2268	2649
2083	2574
1255	1361
641	1332
2078	2593
2261	2630
2909	2969
3437	3538
2960	3047
1125	1598
1554	1689
1985	2201
1913	2203
2340	2506
923	1758
2796	2849
3437	3888
2064	2201
1277	1392
1410	1705
3025	3426
3263	3403
995	1535
980	1707
1172	1589
285	304
1107	1351
897	1280
2205	2232
1100	1857
1149	1835
2290	2586
1341	1612
2824	3077
2244	2575
1078	1516
2696	3274
1938	2356
2043	2492
2128	2603
2670	3311
2755	2880
1849	1888
975	1873
1456	1809
2756	3025
2546	2619
2225	2660
1388	1898
3019	3306
957	1655
1959	2384
2348	2654
1530	1768
1912	2204
2007	2345
1222	1487
1684	2692
1912	2168
2240	2646
3437	3621
2125	2336
2215	2302
2133	2603
2019	2037
2067	2489
1128	1810
2206	2386
1243	1888
1004	1538
2030	2521
487	538
2101	2279
1132	1219
896	994
82	121
2224	2289
1551	1753
1199	1617
1173	1323
1420	1752
1656	1852
130	204
1153	1849
107	1513
2871	3337
2741	3315
2377	2519
526	606
1559	1594
2828	3277
363	1645
1238	1604
2836	3221
3146	3277
2221	2396
2108	2553
2257	2638
3687	3884
2275	2430
3058	3360
1929	2123
1199	1754
2033	2418
1198	1736
1516	1730
1085	3633
917	1503
3035	3185
2520	2561
2867	3149
2873	3348
3280	3419
916	1584
2840	3320
2283	2582
2833	3253
107	1812
2165	2369
409	460
820	831
483	1158
2694	2877
2866	3390
2875	3327
3511	3770
2386	2414
2520	2600
2323	2630
1600	1800
3076	3150
1029	1902
1310	1630
2309	2484
107	538
1572	1653
3901	3918
2957	3061
2081	2451
2665	3411
944	1041
1060	1204
404	515
85	272
1720	1764
978	1376
3604	3948
726	780
3437	3808
1132	1849
3535	3823
2165	2492
2237	2549
2586	2593
3217	3302
953	1590
2047	2065
3077	3371
2117	2325
943	1168
900	1136
118	134
2108	2348
2139	2339
1912	2018
2254	2419
1235	1830
2778	3101
1983	2410
2956	3114
3437	3822
2408	2410
957	1227
3081	3405
1219	1230
1226	1630
3169	3335
1438	1573
2064	2275
1591	1636
1912	2637
960	1559
1308	1366
2028	2295
1972	1998
2486	2622
1331	1409
2115	2348
1420	1669
3437	3636
392	542
376	591
2040	2059
2169	2332
1078	1554
2381	2492
3191	3393
2043	2088
1912	2651
1272	1886
3101	3434
513	634
2072	2282
1587	1742
1185	1833
2686	3107
2576	2630
1941	2436
2175	2289
2074	2257
2059	2165
2111	2598
56	134
40	329
1199	1610
1291	1795
2934	3002
3456	3697
3743	3892
2010	2475
107	637
2095	2625
2142	2518
867	885
3452	3462
1207	1447
968	1110
2038	2582
2757	2966
3446	3549
2310	2525
2959	2972
573	677
3633	3873
2115	2477
686	826
3793	3931
3033	3232
903	1216
483	1574
700	815
2394	2508
695	706
3486	3680
81	286
995	1570
2965	3148
2087	2176
2332	2347
925	1653
1044	1322
3049	3116
1092	1603
2679	2741
2407	2564
3796	3950
2742	3185
1082	1462
2025	2658
1320	1744
1158	1381
1520	1621
2825	3385
2363	2477
1305	1409
1637	1714
3132	3252
1612	1653
2184	2261
1338	1876
1609	1861
2539	2574
2019	2584
3043	3110
118	322
2068	2194
1391	1621
1153	1823
1132	1377
1559	1675
2026	2510
2184	2218
2989	3345
3596	3804
2782	3040
2342	2411
1532	1888
436	527
936	1673
0	12
2796	2939
2330	2598
1945	2649
2727	3178
391	493
1976	2001
2132	2434
1285	1665
162	343
2216	2418
2730	3342
2088	2140
1783	1893
3527	3838
2336	2372
1388	1888
1918	2554
2212	2334
1929	2578
2915	3047
107	1720
1256	1610
3442	3722
1226	1311
1064	1901
1076	1669
3645	3786
966	1793
1983	2553
2218	2619
1390	1735
3437	3451
1985	2449
2111	2398
2132	2304
1421	1567
1157	1501
2123	2646
2131	2625
39	165
1971	2306
2107	2322
1550	1583
3007	3101
2698	2754
1469	1904
2913	2915
1604	1898
3455	3835
1296	1472
1918	2482
2498	2592
2462	2586
2237	2467
1551	1891
1078	1156
2109	2261
694	706
995	1388
3034	3397
580	1878
2904	3434
2880	3078
686	823
800	805
2408	2551
1211	1730
2007	2387
2136	2507
1416	1768
2676	2913
2240	2590
1010	1141
2296	2366
1237	1526
2793	2970
1534	1674
984	1373
3437	3645
2103	2601
1130	1809
2753	2937
1158	1459
2125	2649
1589	1746
1684	3243
947	1305
1148	1655
2468	2552
688	824
2161	2384
453	468
2083	2467
3481	3639
3140	3275
2308	2429
436	561
1684	2775
2099	2510
1960	2313
2275	2520
3176	3420
1502	1732
2121	2550
2325	2452
1334	1897
1068	1622
2180	2246
2248	2314
3687	3800
2770	3070
1495	1871
1182	1255
1199	1772
1373	1503
62	200
376	553
2877	3033
1926	2145
3656	3842
1528	1557
1290	1590
1451	1742
2172	2654
1918	2059
2741	3174
1941	2194
2216	2578
991	1726
3528	3605
1542	1888
1621	1750
2371	2628
1237	1464
2682	3366
1951	2202
1643	1669
1984	2060
1684	2861
2275	2492
2102	2649
2407	2551
1051	1064
1396	1495
3027	3038
1302	1659
2833	3021
2123	2549
1048	1146
1132	1269
1277	1423
2088	2329
199	313
2045	2655
3026	3137
3402	3425
2161	2597
921	1683
2218	2392
3710	3740
1258	1355
686	734
1718	2250
1256	1458
2742	3345
1124	1559
2282	2289
1912	2458
2327	2603
563	634
999	1185
2056	2654
3291	3416
2394	2603
514	541
778	834
2201	2308
948	1763
2679	2862
2745	2994
1163	1351
1086	1488
1125	1271
2302	2436
2229	2428
1589	1614
2139	2423
2919	2920
2109	2369
1966	2331
2468	2630
2069	2271
2223	2379
2104	2331
2203	2445
1048	1589
1261	1475
2370	2460
2674	3239
108	272
1471	1556
3169	3280
2776	2861
1450	3179
1979	2578
2122	2240
3113	3115
3704	3891
2183	2333
2055	2150
2069	2354
2108	2121
2213	2556
2537	2649
3437	3958
2113	2450
3615	3835
1243	1675
1199	1799
1288	1707
1086	1289
3479	3523
2268	2398
3116	3320
1491	1644
1183	1343
3168	3415
1570	1823
1998	2337
1001	1543
965	1052
1462	1578
2966	3303
423	606
1125	1480
959	1205
2940	2985
2077	2602
2833	2914
1637	1643
1060	1229
947	1390
3550	3633
3293	3348
1226	1472
2758	3167
1516	1849
1359	1535
2229	2309
1725	1906
136	2225
2661	2687
2183	2511
1946	2103
2266	2586
2172	2261
2142	2590
3557	3800
845	849
2077	2131
1921	2009
1132	1305
3743	3912
2689	3348
1494	1615
1684	3096
1580	1598
2142	2240
3252	3320
1390	1447
400	484
506	520
2095	2616
1367	1539
2069	2521
1243	1351
2489	2492
1912	2291
1340	1613
2881	3112
1280	1391
3205	3276
1920	2468
2669	2974
3168	3295
2290	2484
2020	2056
3555	3810
1431	1480
1453	1818
1190	1587
2506	2601
1556	1888
2672	3011
3123	3166
1117	1390
2806	3023
1954	2640
2863	3434
944	1703
823	880
983	1107
1959	2101
2064	2190
348	465
1121	1681
951	1618
2589	2616
1997	2109
1032	1454
1399	1750
2188	2654
1516	1888
1054	1707
1390	1644
1017	1737
3437	3897
966	1868
136	2054
1049	1054
1204	1475
720	787
3593	3623
2915	3026
3084	3232
3569	3591
2374	2386
3396	3434
2172	2604
2666	2916
2988	3135
2224	2330
348	381
1737	1877
1129	1655
2661	3434
2896	2931
2127	2223
1684	3346
1192	1862
1076	1761
3247	3419
1289	1604
9	133
2142	2300
1032	1704
213	322
2038	2406
978	1146
1314	1798
1684	3175
2002	2519
641	1318
2187	2332
2661	2716
3036	3400
392	483
3557	3596
2565	2581
1079	1663
2567	2598
2904	3188
1180	1600
107	956
3054	3363
1993	2184
3025	3080
2129	2357
1960	2335
2960	3119
2423	2559
410	568
2539	2619
1361	1554
3581	3613
2077	2482
414	593
2165	2275
2352	2619
1650	1727
2228	2260
2901	3101
3786	3900
1801	1844
2028	2315
463	535
2765	3434
1204	1728
1185	1269
1920	2138
2007	2629
2374	2500
3535	3645
2112	2348
2165	2410
1530	1833
2125	2241
107	1258
2053	2280
2323	2607
2738	3084
2241	2283
1939	2598
1765	1791
2931	3129
1153	1832
1723	1800
2278	2590
1986	2607
2323	2591
2539	2590
3132	3332
2005	2258
2913	3226
2125	2295
3082	3397
1003	1559
2309	2542
2026	2537
352	479
1940	2347
2927	2974
2121	2275
2122	2418
3299	3340
0	297
1184	1833
56	212
129	168
1947	2616
1238	1833
720	730
483	1320
1117	1622
3204	3321
2827	2925
2374	2428
348	460
2212	2376
1086	1722
2833	3280
1028	1730
2492	2549
30	178
2511	2537
1734	1775
2068	2451
2153	2183
1459	1502
1589	1810
136	2289
3362	3435
3538	3917
1280	1835
3680	3843
2436	2635
3437	3589
3437	3629
1037	1681
2210	2600
953	1722
56	109
2131	2139
1605	1768
3595	3857
2112	2586
2678	3263
1964	2325
1373	1749
1067	1680
641	1446
2866	3065
1932	1941
2107	2488
1614	1752
2619	2625
2504	2655
2042	2372
376	1767
118	304
1006	1163
2201	2526
1113	1318
3861	3954
1189	1311
2378	2647
1539	1623
1993	2469
3656	3841
2172	2376
2048	2132
2183	2294
3538	3628
373	563
1344	1367
2386	2418
2300	2550
978	1721
2625	2646
982	1856
2840	3378
2296	2498
606	1620
2271	2655
1774	1851
2043	2229
1997	2526
2083	2220
2078	2210
1086	1271
2028	2052
2386	2404
2719	3102
3198	3199
967	1659
2864	3096
566	1237
2142	2165
2033	2391
3097	3214
2095	2604
1549	1671
2851	2888
2681	2969
2755	2985
3988	3993
2347	2507
1198	1810
1572	1724
1256	1399
0	280
2989	3116
1173	1577
2748	3188
2191	2343
3146	3316
2827	2994
1444	1630
3041	3101
1488	1836
2377	2415
381	516
3176	3356
1213	1667
1920	2617
2282	2465
2706	2896
600	627
2995	3168
1367	1688
2409	2429
3107	3154
3539	3724
2179	2218
2111	2572
1715	1875
981	1298
3680	3931
1989	2233
1986	2499
3470	3767
1158	1611
2133	2322
1912	2532
2954	3327
2299	2604
3482	3598
24	194
107	1301
2728	3176
2469	2654
1361	1717
2184	2410
2430	2625
378	492
708	814
2133	2508
1110	1819
376	669
2212	2611
3768	3818
1006	1437
2550	2601
3558	3947
373	492
2191	2472
1768	1833
2132	2161
3501	3721
1917	2005
1135	1768
1458	1467
3561	3964
376	1487
2104	2353
1017	1683
1590	1793
2844	2878
3019	3177
2223	2616
2408	2560
2218	2586
596	1515
2222	2272
2414	2521
3198	3393
2347	2556
1791	1868
1465	2516
1444	1713
2683	2786
2176	2343
694	781
2183	2617
3545	3971
2366	2566
1128	1603
471	569
2428	2429
3116	3321
1935	1954
984	1032
3739	3819
1305	1613
1945	2327
2976	3261
404	556
1243	1842
1953	2638
1101	1736
1126	1622
1440	1702
2179	2611
2937	3101
1471	1538
2081	2398
3836	3918
1259	1770
2131	2478
2383	2504
769	800
421	455
1032	1850
1345	1596
372	539
2299	2654
431	512
2937	3258
239	322
2206	2467
993	1823
2128	2344
2063	2131
737	815
1319	1493
107	1426
2698	3348
21	197
1953	2485
204	346
2170	2513
370	566
1316	1820
2836	3327
592	623
2781	3397
2763	2880
1331	1470
3294	3362
686	787
2165	2619
2925	3064
2925	3000
2293	2543
3780	3877
1070	1703
3089	3101
1047	1804
2233	2324
1099	1786
2081	2194
1259	1260
136	2174
2068	2127
455	543
26	297
2877	2905
2944	3142
1126	1367
2417	2598
1174	1687
2192	2626
2797	3076
1059	1344
2127	2338
952	1302
2123	2495
960	1663
1205	1861
2447	2639
933	1871
2074	2553
2300	2604
1577	1947
2095	2542
2755	3065
1126	1278
2909	3362
2575	2615
1995	2004
2053	2652
1598	1736
1549	1773
2339	2624
1115	1716
2234	2266
2669	2800
1989	2602
994	1807
2161	2280
3168	3176
1567	1847
2108	2200
1185	1639
2039	2127
2090	2410
62	239
1330	1809
2760	2790
2233	2504
3559	3731
1671	1881
2124	2414
2169	2183
1006	1789
2200	2359
1243	1768
2179	2308
2077	2206
1718	2111
2542	2600
2991	3280
3593	3648
2282	2582
3113	3291
3560	3830
993	1312
1610	1868
1185	1471
1563	1795
2087	2547
2121	2334
3475	3938
695	840
1036	1592
417	513
2133	2394
3607	3698
2237	2348
0	319
3154	3256
203	324
3469	3927
1175	1610
3320	3367
3150	3332
1958	2538
916	1409
2753	3101
1014	1661
1515	1732
3247	3316
493	538
1341	1361
2095	2615
2398	2458
1351	1757
2969	3184
2583	2636
1985	2287
1335	1369
1238	1509
1033	1806
1124	1214
2043	2624
1154	1349
1925	1929
958	1097
2144	2643
444	538
1214	1626
3078	3085
2279	2327
1620	1864
1783	1785
919	1783
1577	2267
897	995
1800	1836
3309	3318
2755	3078
2266	2532
2828	3265
3187	3385
1809	1898
1813	1898
366	431
2877	3096
2184	2374
1596	1682
1153	1390
2661	3182
271	272
1923	2133
2189	2533
1146	1267
107	1002
2078	2552
1026	1603
2796	2833
1227	1682
915	1408
2073	2593
2032	2338
2680	2839
2862	3293
1377	1609
2064	2140
3302	3343
2091	2313
1109	1139
2719	3434
1922	2424
107	1209
41	144
2778	3146
348	442
2750	2916
2781	2849
1101	1302
1184	1632
2311	2430
2407	2489
2138	2338
703	705
1231	1583
2329	2590
1770	1778
2098	2123
2951	3191
2839	2969
456	460
2423	2506
56	221
524	544
1684	3279
2078	2469
2907	2929
2319	2475
2240	2433
2242	2272
363	1155
2189	2427
1078	1291
1390	1757
1914	2097
2391	2584
1099	1661
1079	1717
2778	3350
366	1113
1376	1735
2033	2088
2209	2480
1431	1800
1717	1826
2451	2458
4027	4038
2059	2115
2020	2131
953	1663
1656	2764
2928	3399
2414	2539
3790	3858
2213	2554
3064	3078
1017	1547
2018	2159
2706	3363
1076	1376
1939	2235
2800	2910
3743	3857
3728	3921
3288	3291
1086	1886
2020	2409
916	1557
1912	2658
2797	3396
3557	3574
1941	2551
2495	2551
2095	2258
2030	2276
2901	3434
867	887
1916	1945
1036	1231
1101	1456
2742	2780
1985	1993
2666	3284
2418	2646
2266	2556
3535	3782
1666	3186
594	3989
946	1879
1943	2611
915	1545
2979	3081
2510	2616
3506	3555
1377	1714
1632	1888
1920	2533
2216	2374
2112	2404
2859	2868
2213	2630
2155	2368
2887	2994
2056	2408
2165	2573
2148	2567
1919	2143
3509	3718
3111	3118
2233	2356
1049	1813
1684	2931
1122	1743
1243	1730
1267	1849
709	823
2206	2469
2103	2524
2679	3257
1380	1816
2176	2292
718	834
2750	2810
2216	2229
1917	2086
1156	1826
483	948
2661	3206
2144	2332
3036	3137
2259	2592
2140	2542
1684	3163
0	120
2183	2609
2060	2601
1292	1720
2782	3364
1221	1647
3851	3889
3146	3302
2140	2172
1051	1738
107	1296
1107	1491
2683	2729
2027	2116
2680	2755
2863	3116
2742	2748
1132	1839
605	644
1236	1709
697	834
1123	1863
1076	1842
2111	2501
2863	3357
3437	3596
1966	2326
1532	1632
2334	2520
1017	1185
960	1604
2103	2578
1990	2049
1979	1984
3330	3434
2780	3101
2307	2590
1610	1827
1367	1796
1918	2600
1199	1768
1004	1554
2719	3113
497	500
2895	3358
3651	3674
2887	3293
483	567
1523	1811
2147	2545
1234	1343
2043	2553
503	538
107	1355
2030	2561
1179	1692
3076	3145
2233	2551
452	507
1367	1809
2911	2960
2241	2351
3198	3259
1912	2424
3563	3962
1985	2147
2680	3056
3490	3580
2045	2395
370	646
2005	2602
2086	2542
960	998
2520	2553
1515	1875
2123	2521
1914	2620
1979	2507
1938	2093
2121	2590
1923	2610
2984	3107
2118	2586
719	726
0	14
80	266
2307	2395
967	1685
1564	1905
162	326
1684	2912
1955	2187
2308	2638
1915	2146
1622	1750
3252	3344
2464	2546
3496	3521
1644	1750
2042	2149
1185	1420
2313	2632
412	481
1684	3188
2151	2338
1180	1238
1941	2102
2054	2518
2495	2554
925	1456
2267	2475
2171	2297
697	815
1183	1366
329	332
3177	3412
3561	3752
2093	2543
1341	1823
2150	2356
630	685
2140	2381
405	531
1985	2347
1684	2960
2093	2339
997	1238
898	1820
2047	2208
2117	2653
1962	2142
414	646
2201	2414
3809	3960
3531	3549
483	1625
2324	2507
992	1601
953	1256
2363	2392
927	1570
957	1578
1059	1126
2083	2188
2112	2410
3886	3968
1448	1636
2914	3409
3108	3232
3437	3718
1370	1409
2716	3403
2043	2334
3306	3331
136	322
1210	1408
2661	3035
1297	1486
1003	1540
53	242
2807	2887
583	647
1947	2267
3599	3713
1478	1566
2839	2981
2073	2210
3528	3926
2077	2492
1101	1256
580	656
1120	1404
3049	3113
2747	2863
1995	2660
280	291
22	308
589	617
2471	2509
1509	1517
1420	1659
1962	2037
1330	1571
3137	3232
2347	2630
2327	2479
1130	1689
2578	2631
1097	1319
598	636
19	174
954	1108
7	213
2969	3054
2093	2240
2731	2956
4013	4038
2074	2123
391	417
2014	2626
2288	2406
3753	3802
1990	2047
1108	1848
1199	1702
2030	2638
2507	2521
367	566
0	310
1389	1813
2458	2537
1948	2081
1472	1507
1684	3398
617	630
1684	3125
3822	3951
1235	1414
1283	1683
1983	2257
531	555
2037	2561
122	123
2433	2586
1006	1668
2104	2179
3576	3858
2201	2213
1457	1712
1684	3103
1443	1831
1952	2438
456	567
1014	1783
2184	2190
2839	2912
1205	1535
2077	2578
2777	3195
2081	2533
1082	1292
2763	2927
1347	1502
1078	1608
1082	1379
2037	2095
1014	1286
1142	1881
1857	1862
760	829
2359	2586
993	1209
1926	2224
2104	2460
2665	3328
2033	2121
2754	2852
1488	1816
1959	2039
1032	1649
1589	1714
2464	2554
3437	3531
3219	3330
1589	1793
1209	1557
2410	2520
2326	2546
698	769
2729	3114
2278	2553
4	275
1917	2353
946	1712
896	1417
2664	2839
2108	2266
1718	2144
2994	3108
1413	1583
2140	2276
1596	1884
3000	3085
2716	2748
1269	1528
2360	2488
2261	2506
2140	2561
2184	2590
1344	1757
2839	2928
2276	2600
2007	2282
2543	2559
374	496
3545	3858
2282	2347
982	1207
2128	2438
1360	1705
2951	3224
363	1425
2850	2911
2280	2594
2031	2289
1349	1543
1729	1899
3525	3948
2338	2512
57	204
3980	3993
2271	2331
1018	1192
1955	2461
2911	3202
2928	2985
3136	3369
2309	2631
348	445
420	465
378	604
2390	2434
2881	3017
1243	1663
2125	2289
2072	2187
1074	1662
686	716
2073	2524
1962	2646
1550	1728
2773	3078
1125	1833
1102	1751
1289	1795
1462	1596
946	1668
1813	1842
3252	3351
2338	2475
942	1742
2084	2573
8	264
2327	2617
2387	2520
2891	2913
1004	1547
1107	1768
1371	1880
373	542
2417	2459
3569	3794
2148	2194
1323	1361
1684	2891
2166	2289
1019	1462
1457	1714
964	1783
1093	1667
1086	1717
2665	3020
2229	2561
1929	2340
1318	1695
3444	3904
2078	2602
951	1687
718	809
1783	1812
3280	3288
107	1200
1115	1550
2137	2283
3449	3805
620	630
2921	3299
1299	1355
2132	2336
1998	2620
2324	2430
1941	2117
2973	3247
2327	2367
951	1511
3800	3851
434	497
3662	3814
3564	3622
3233	3273
1912	1915
2682	2737
1427	1545
2339	2429
13	98
1180	1835
2425	2641
719	768
1621	1714
1303	1871
2028	2605
1032	1281
1944	2540
2298	2480
1393	1845
2757	2815
1269	1621
2787	3101
2367	2608
3047	3142
1612	1623
3449	3971
2410	2499
107	1128
1811	1861
1033	1274
1912	2274
3765	3930
1936	2049
1718	2598
1126	1291
1456	1886
1191	1329
2319	2420
960	1288
107	1608
1126	1613
2783	3395
1973	2022
1619	1839
2661	3140
1192	1764
1159	1228
1311	1415
1041	1131
1927	1980
2030	2095
92	194
3455	3740
2086	2220
2600	2606
1017	1589
3237	3303
1684	3063
1035	1770
3479	3562
2970	3265
2937	3172
2381	2430
431	493
2144	2283
2619	2638
2731	2738
2113	2614
30	213
373	606
1077	1866
2139	2210
721	848
793	817
366	394
3460	3782
1010	1549
2482	2613
1446	1565
2275	2433
3212	3321
2024	2284
2669	2956
2098	2404
1102	1108
2229	2290
1985	2261
925	1431
2843	3087
2212	2607
732	818
1182	1185
1198	1652
3603	3838
25	56
3486	3794
951	1327
1984	2576
1142	1294
1225	1355
3442	3740
3053	3216
2063	2244
1684	3060
1004	1480
2224	2336
136	2384
3558	3869
612	678
1712	1789
2507	2611
3730	3832
1269	1609
2244	2485
3135	3293
1226	1482
1483	1665
1029	1359
3232	3234
3241	3420
2059	2359
2224	2547
2201	2468
1322	1475
967	1076
1993	2467
916	1717
1636	1893
1730	1888
1130	1547
2026	2327
2189	2283
500	637
972	1868
2220	2625
2040	2261
2769	2943
2976	3160
992	1784
1059	1191
2973	3321
9	291
1504	1783
1344	1376
2086	2575
2460	2564
962	1574
1256	1542
2103	2630
993	1839
397	483
983	1879
2233	2489
2810	2945
2271	2404
686	768
2093	2108
1431	1585
1426	1884
1620	1877
3555	3767
2169	2519
1035	1152
376	442
1962	2507
637	1473
2730	3256
1056	1457
731	828
1582	1783
3022	3054
1076	1329
2742	2765
2374	2631
2697	3288
2676	2946
2027	2459
2372	2547
2184	2348
107	1438
1695	1763
474	548
1289	1809
705	849
3766	3964
1985	1994
2343	2471
1783	1906
2040	2586
2910	3114
1943	2308
1241	1503
1926	2176
2138	2471
1302	1761
1230	1420
2098	2233
2077	2575
3998	4002
1781	1869
2369	2593
3785	3800
1235	1635
2021	2276
686	702
1059	1736
2073	2409
1265	1269
391	482
2052	2153
2307	2370
91	259
658	670
980	1520
719	727
1959	2325
1389	1570
711	722
2690	2787
2445	2471
2357	2659
1912	2542
2905	3232
107	1468
1101	1205
1268	1531
2090	2499
686	703
2927	2986
1684	3410
2414	2624
1959	2235
2042	2543
2785	3081
2220	2414
3356	3412
977	1225
2698	2946
2381	2469
1971	2278
3158	3433
1968	2472
2963	3084
3830	3930
1774	1886
1120	1587
156	188
2313	2581
2161	2608
3188	3360
395	413
2090	2104
1971	2253
2123	2354
2088	2414
1131	1236
1238	1675
1622	1845
3830	3883
1919	2024
2468	2564
2077	2356
1938	2478
2020	2520
1927	1999
2042	2533
2669	2896
84	224
366	524
3903	3924
2131	2237
1516	1707
2233	2468
1059	1737
2247	2302
3526	3722
2115	2619
1535	1604
2332	2338
1999	2645
781	805
1772	1902
2404	2542
898	919
1509	1604
1509	1589
2770	2863
3191	3412
3051	3201
1979	2381
2244	2602
2241	2279
1986	2150
3321	3397
2854	3303
435	518
3120	3280
2104	2220
1250	1741
1601	1798
2048	2233
2088	2356
1163	1556
2233	2323
2007	2319
2218	2561
2925	2944
1080	1514
3170	3185
1966	2306
2064	2414
376	545
2201	2554
1391	1662
1010	1500
2793	3280
2706	2910
898	1406
3568	3843
2213	2606
2172	2646
2062	2420
2039	2047
3437	3605
2600	2655
1487	1744
3518	3860
2719	3017
1496	1727
2850	3348
107	1603
9	203
946	1420
3674	3693
2139	2381
2000	2157
747	831
2778	3082
574	678
2404	2550
1376	1509
698	828
2101	2394
1137	1232
3543	3940
1279	1628
2206	2290
1118	1137
1959	2319
2827	2852
3267	3320
1569	1783
2078	2309
21	236
2276	2624
2985	3339
2078	2607
348	503
2069	2428
1684	3171
1373	1596
2235	2322
2138	2279
1912	2155
1997	2136
1290	1663
1199	1437
2103	2623
921	1431
1205	1388
1207	1868
3158	3293
1227	1404
30	331
1920	2385
1520	1675
3519	3918
3191	3258
1918	2553
2308	2573
2007	2183
965	1188
1941	2578
2406	2612
1928	2459
2813	3177
3477	3651
3515	3555
1619	1795
1352	1911
1973	2018
1049	1390
2101	2328
2679	3243
2395	2615
2199	2289
1932	2149
1351	1821
2461	2537
2785	3013
2626	2660
1993	2543
982	1845
2123	2308
1612	1707
1947	2062
1993	2408
1464	1695
348	563
1916	2518
1554	1721
3497	3790
1511	1676
395	527
2275	2552
3054	3149
444	559
2850	2880
2666	3047
1020	1503
2073	2356
1703	1807
2006	2585
2308	2559
686	748
951	973
2968	3020
915	1673
2959	3325
896	1277
1431	1530
2039	2224
1075	1554
1971	2561
1684	3402
4020	4038
1101	1207
9	185
966	1163
2063	2074
3027	3326
3437	3683
507	525
1230	1842
3054	3195
1230	1289
1175	1891
2333	2434
695	805
3140	3313
2171	2636
2133	2211
1092	1754
0	251
2124	2520
1243	1376
1971	2339
1976	2639
1519	1845
2087	2138
1612	1735
2235	2592
2667	2841
2520	2638
1284	1728
2742	3051
2978	3104
1662	1736
2394	2537
61	193
3802	3907
2067	2262
2053	2101
1447	1863
1345	1432
925	1663
3051	3332
1800	1867
716	747
2258	2468
975	1227
1409	1685
2123	2429
946	1181
1985	2352
3553	3778
2901	2996
1955	2616
1590	1800
1945	2254
1278	1367
172	329
2059	2339
2800	3400
3226	3387
3645	3866
515	591
107	1700
2273	2598
1330	1377
107	1304
2077	2551
1577	1920
3552	3573
2864	2985
1684	3382
984	1729
2683	2810
1107	1539
2201	2244
3773	3802
376	405
856	893
3514	3838
136	2042
1753	1864
2232	2268
1377	1835
2986	3174
724	848
1962	2033
1246	1903
299	302
1222	1327
1684	2967
1985	2237
465	566
2344	2471
1086	1757
2088	2654
1036	1257
2867	3064
2121	2520
2326	2591
2020	2188
2982	3325
800	853
1940	2472
2059	2083
1132	1800
980	1714
2927	3047
2081	2344
1912	2072
1921	2657
348	452
962	1778
200	236
902	1100
40	199
913	1630
2797	2995
2294	2491
353	412
2127	2268
1948	2250
2813	2848
1298	1691
917	1807
2237	2408
920	1369
1471	1559
2354	2499
3758	3951
2766	2929
1341	1712
903	1568
1925	2560
2050	2538
3822	3976
2662	3027
1357	1778
1135	1885
2987	3195
387	570
107	1617
621	663
2906	3339
1616	1881
989	1751
1994	2567
2150	2376
1290	1554
1684	3053
0	28
2101	2333
1912	2598
2861	3218
2005	2331
1604	1902
3259	3369
2395	2468
1985	2306
919	1732
1715	1729
2026	2283
1684	3299
862	3577
1109	1709
2233	2410
1343	1738
483	517
641	1070
2868	3215
1390	1632
1972	2627
1912	2440
1612	1669
2438	2480
2730	3032
2770	3101
3444	3849
2504	2630
1312	1864
3679	3939
2338	2598
2789	3300
1973	2365
1947	2087
3437	3650
107	1038
1416	1539
2203	2289
3577	3618
2149	2215
423	430
1948	2010
2040	2074
2329	2623
3252	3277
2135	2543
1976	2364
953	1107
1491	1730
2122	2551
2140	2623
2077	2374
483	1358
3506	3509
1040	1457
2139	2395
2340	2408
925	1877
3002	3420
2232	2394
2306	2348
1435	1540
3947	3976
1597	1707
3903	3951
719	781
2026	2531
2309	2363
1141	1366
957	1432
803	832
197	281
2059	2506
456	527
2429	2601
2242	2610
2950	3185
2188	2646
2376	2409
2098	2213
2731	3090
0	224
694	719
2232	2367
1446	1778
2184	2287
461	527
2210	2306
896	1303
2203	2629
553	559
980	1823
1243	1659
117	285
2730	2955
819	880
1622	1639
2199	2642
1912	2397
1946	2237
941	984
1598	1867
1684	3436
2358	2411
942	1706
3027	3380
107	1222
2117	2525
2125	2298
952	1750
946	1112
1382	1820
404	512
1993	2482
2793	3060
2782	3284
1345	1611
1267	1608
1156	1173
1488	1554
2436	2471
2309	2482
960	1130
3615	3907
1238	1457
1341	1367
2164	2290
4002	4020
2118	2308
2077	2352
511	545
3448	3540
2099	2199
1010	1496
2054	2629
3623	3782
1210	1831
1684	3091
2770	3169
940	1221
2745	3174
107	1489
2060	2550
2515	2622
2819	3148
1946	2539
1993	2615
2679	2905
2771	3327
2084	2631
545	558
2279	2283
443	453
3016	3252
123	261
3190	3327
2900	3356
107	1889
2117	2250
695	718
2084	2454
107	1032
1361	1409
2093	2299
2326	2542
2347	2602
2222	2479
2793	3277
1938	2136
2240	2655
2136	2464
2823	3267
2328	2598
2925	2956
2040	2108
3833	3976
1411	1891
1216	1601
1021	1227
2081	2434
3136	3253
3198	3347
734	846
774	800
2883	3150
455	568
1684	3217
1912	2147
1213	1469
3201	3239
2199	2557
2085	2197
1989	2037
1367	1737
1559	1793
2496	2629
1951	2435
3182	3411
1128	1491
1600	1804
1235	1857
1032	1824
2240	2409
1684	3345
1553	1615
2246	2351
457	505
2267	2509
2172	2200
1418	1904
2896	3436
3102	3146
2679	2906
2216	2290
2045	2631
2967	3004
528	563
2090	2179
1377	1791
1242	1861
728	817
2037	2591
1048	1551
950	1136
1271	1832
2074	2546
2093	2381
3033	3250
1719	1803
1074	1331
1360	1593
1480	1556
3438	3842
1404	1576
2890	3025
2916	3040
1689	1826
2299	2409
2864	2897
1971	2590
2144	2189
1330	1879
2376	2576
3200	3216
2748	3116
1683	1707
927	1124
1347	1583
2363	2485
1684	2874
2783	3017
3989	4011
2111	2396
3571	3837
2134	2533
2215	2445
1129	1716
1979	2520
2742	3396
1603	1761
1734	1861
2147	2288
1912	2117
3680	3882
2081	2087
2074	2299
2464	2469
1551	1750
1316	1828
2050	2645
898	1848
1689	1746
1941	2533
2680	3193
1175	1528
1153	1173
3080	3333
1172	1662
1923	2318
504	514
1003	1613
1428	1703
629	1223
2578	2611
2307	2591
1916	2471
2901	3027
2037	2234
2429	2512
2765	3169
1613	1813
408	524
1936	2248
2259	2451
1684	2993
2728	2990
484	493
1039	1160
1684	2815
391	561
2339	2409
348	376
2703	3318
1316	1871
1918	2504
412	422
1577	2609
1185	1302
1563	1804
2668	2727
2073	2526
3073	3114
2812	2843
2033	2500
3132	3185
687	774
248	252
1553	1620
2088	2184
1165	1419
2679	3339
1291	1643
2187	2189
1519	1674
2223	2327
2877	3095
902	1426
2306	2520
3118	3168
2306	2324
1610	1891
1554	1741
2742	2785
1912	1998
1516	1791
2381	2574
971	1429
419	537
2398	2445
3741	3948
1102	1894
2782	3108
2091	2197
2072	2471
403	489
50	146
1083	1431
1684	2932
2742	3212
957	1438
3097	3177
2188	2504
1072	1756
946	1598
917	1316
1966	2040
2669	3033
2434	2603
506	559
2894	2958
1975	2403
2150	2392
1545	1910
1427	1473
2014	2225
2396	2473
2778	3017
3714	3794
3488	3707
1559	1639
446	492
2103	2410
1347	1373
92	299
2672	3258
1280	1637
2225	2378
1918	2623
2111	2332
2706	3324
2224	2436
1637	1861
2951	3253
1298	1636
2677	3020
2526	2542
524	559
1570	1717
418	523
1962	2376
2033	2331
3014	3303
2140	2553
2772	3192
696	697
925	1753
1314	1733
1048	1049
1205	1609
2738	2798
1117	1861
2504	2560
2728	3346
444	507
1970	2603
2348	2381
404	409
1198	1352
1993	2201
706	784
1275	1500
2060	2611
1171	1297
921	1361
1722	1754
98	203
2911	3228
2309	2560
2188	2576
1839	1879
977	1041
1963	2118
3596	3681
2056	2074
1971	2020
2189	2254
1175	1608
2669	3324
1469	1770
428	1374
200	239
2063	2539
1684	3339
1912	1972
1401	1888
1983	2288
2329	2506
1431	1544
1608	1835
2467	2586
2337	2639
3284	3324
1156	1175
2415	2652
966	1849
1287	1554
2114	2160
931	1212
450	481
2958	3160
3756	3889
1014	1848
511	566
3625	3721
2266	2542
3437	3644
1973	2268
1277	1728
2724	3051
3437	3711
2138	2598
2696	3001
2706	2827
3437	3440
2742	3352
2124	2500
142	271
1789	1800
513	542
1737	1879
1959	2071
1685	1753
1600	1609
1645	1767
959	1288
2757	3417
2679	3000
418	506
2283	2511
2071	2609
983	1078
458	555
2843	3365
3179	3396
1955	2072
1538	1559
2370	2655
2755	3166
370	414
419	493
2894	3350
2104	2218
1536	1881
2060	2095
2931	3324
3607	3644
1358	1545
1267	1509
1714	1816
1912	2340
1222	1359
962	1142
3096	3232
2012	2378
484	1813
348	370
3794	3969
1530	1610
1199	1471
2713	3038
1153	1184
1543	1574
1946	2624
2482	2630
2307	2560
2232	2508
2395	2433
2008	2412
2430	2507
1925	2561
1577	2328
2340	2370
1209	1737
1600	1620
2705	2969
3076	3332
1101	1416
989	1277
1156	1388
934	1888
2830	3191
2976	3360
1946	2655
1959	2597
2780	3240
1563	1774
2698	3026
2331	2604
2759	3041
3038	3101
1021	1350
1390	1867
3150	3329
1070	1170
2042	2052
2290	2550
3604	3845
2161	2415
2894	2991
2338	2643
2460	2556
2135	2533
1126	1173
490	491
1920	2555
2131	2504
2121	2331
1951	2192
2139	2356
2233	2409
2758	3136
2777	2916
686	846
2184	2604
3077	3223
2032	2567
1356	1831
2717	2815
2266	2275
118	268
1745	1770
2419	2511
2890	3073
1916	2298
1131	1703
1454	1786
2381	2543
1227	1715
2284	2620
697	753
3185	3198
2090	2601
573	622
944	1815
2139	2142
2007	2135
2749	2960
2228	2440
1980	1999
2543	2623
1525	1876
3345	3397
1658	1807
2956	2993
2140	2446
2737	3204
404	431
1684	2810
2988	3158
1106	1496
1104	1166
1986	2261
1131	1258
1083	1712
2253	2257
2460	2602
1307	1494
1334	1343
2832	2958
2134	2332
3455	3802
925	1491
2683	2953
1286	1459
2172	2329
2327	2377
1306	1703
1409	1622
1746	1795
2797	3332
1923	2029
2778	3332
1888	1902
3291	3341
2579	2590
2339	2638
1356	1566
436	513
2394	2438
3511	3794
1993	2370
1022	1086
2164	2611
525	542
2872	3339
2458	2509
1649	1871
271	297
2326	2460
1229	1857
1917	2600
2040	2606
3287	3353
2676	2966
1048	1724
14	144
966	1471
3109	3212
2218	2469
1298	1573
1547	1849
1597	1644
1094	1910
1271	1741
773	829
1467	1888
2139	2220
2389	2529
1107	1746
3082	3350
17	310
2869	3172
2085	2322
2526	2604
1231	1647
2789	2944
1953	2150
2674	3419
1923	2163
1086	1605
2370	2409
723	766
2290	2423
1918	2123
1971	2104
3038	3355
186	285
2266	2553
1062	1435
819	827
1376	1864
2645	2648
2897	3303
1540	1557
2083	2359
686	802
2194	2289
981	1899
1920	2510
924	1037
2089	2107
2028	2347
925	1737
1746	1826
2931	3399
1381	1636
714	725
1381	1475
1938	2326
1214	1407
1477	1909
1912	2494
26	276
1986	2504
2093	2201
3082	3355
170	271
2492	2578
3576	3596
804	849
1917	2604
1113	1294
1305	1683
101	299
1132	1551
913	1093
2224	2649
3517	3760
374	510
3437	3492
2771	3424
2507	2654
1331	1746
366	1790
408	473
1107	1665
1414	1716
2909	2919
2142	2429
2810	2874
1939	2344
2276	2561
1274	1593
1630	1770
2419	2557
3799	3918
2098	2638
1573	1596
946	1522
1912	1975
2294	2396
1337	1911
107	1349
2278	2600
2092	2271
2275	2506
1227	1379
2077	2104
2187	2436
1554	1563
1536	1897
1946	2212
1951	2027
3674	3841
1986	2433
2726	2851
927	1609
1912	2427
1989	2553
959	1330
2264	2379
2220	2624
2150	2300
637	1192
2064	2495
2073	2546
1939	2543
1070	1904
1566	1910
87	308
592	611
2539	2560
997	1668
214	343
1199	1800
1175	1617
1221	1903
980	1128
3738	3752
2845	3019
3488	3611
1947	2283
1941	2253
1249	1428
482	497
1985	2524
862	865
2058	2078
3545	3703
1255	1639
3051	3320
254	302
3509	3569
2105	2238
444	488
1216	1787
2030	2381
1185	1250
1699	1703
1738	1807
1612	1752
1272	1376
993	1211
2343	2536
1993	2622
483	1099
1305	1735
3609	3877
1491	1530
2061	2364
2686	3115
2937	2991
947	1230
2172	2550
728	764
2187	2250
0	200
3553	3722
2733	2894
3493	3584
353	1075
1070	1159
1939	2081
1617	1621
1231	1423
1589	1605
2103	2376
995	1488
3496	3672
1334	1613
2075	2221
2121	2212
2122	2271
1059	1795
1160	1201
758	781
1509	1621
637	1578
16	29
2144	2196
136	2187
1288	1868
1402	1619
1590	1768
1584	1765
455	497
1261	1595
2188	2611
3002	3359
3264	3337
2329	2331
1258	1306
2287	2590
1125	1868
1352	1380
3711	3903
354	510
2240	2552
1080	1318
1948	2598
2333	2567
414	475
3084	3114
395	620
2689	3363
2191	2233
1184	1420
896	1373
2093	2500
2405	2659
2363	2553
1966	1986
1577	2153
2134	2289
136	2398
1471	1480
2083	2551
2784	3099
1261	1783
1216	1568
2023	2341
1015	1715
1256	1833
2184	2276
1943	2329
218	275
1619	1712
1156	1800
2132	2471
2392	2495
2222	2652
1571	1707
1340	1547
1221	1745
1242	1376
3097	3302
3471	3877
1317	1534
1941	2561
3465	3836
3481	3695
2782	3014
2078	2484
3027	3113
2058	2478
2032	2304
2118	2220
2144	2254
1402	1488
3464	3612
916	1365
2039	2555
1684	2939
1804	1811
1584	1658
462	512
896	1454
2542	2593
3314	3382
2211	2254
719	853
2139	2619
1058	1470
1542	1604
2913	3149
1074	1116
1352	1867
1142	1574
2115	2140
1079	1795
1613	1833
1684	3164
3039	3172
1126	1351
916	946
2199	2468
1953	2261
2139	2354
2257	2492
2927	2940
1611	1873
3000	3023
2161	2344
2133	2328
2928	3390
2835	3399
967	1688
1231	1764
1078	1447
2880	2928
1175	1196
3437	3932
2329	2601
1371	1467
2960	2988
2039	2138
2264	2372
2870	3246
2495	2579
412	524
1292	1783
2180	2224
2542	2556
1352	1753
7	168
3487	3551
2273	2344
1963	2059
2143	2273
1048	1888
2144	2351
1603	1623
2053	2194
1024	1491
1172	1199
3840	3850
3239	3277
3036	3363
1129	1611
2127	2594
3064	3065
469	516
2919	3033
2132	2432
1983	1989
2290	2560
1243	1613
2719	2793
349	534
3568	3786
2061	2645
2135	2653
3014	3052
2073	2109
2224	2384
1684	2741
2056	2482
1391	1600
0	10
2043	2237
107	1699
3320	3396
2786	2890
597	623
1684	3247
1596	1857
3677	3697
1367	1827
1051	1783
2352	2370
226	343
1477	1585
2916	2946
2874	2887
2320	2650
1086	1563
1816	1902
2662	3346
2085	2235
2025	2097
2124	2334
24	299
2347	2518
392	556
2038	2425
1250	1683
1605	1722
2384	2649
3168	3331
3738	3754
1718	2419
1946	2560
2308	2553
2683	3417
59	250
2669	2782
2282	2344
3462	3611
1912	2391
1559	1888
1744	1766
1259	1725
1511	1567
2743	3417
1314	1787
1200	1202
2326	2489
3510	3738
3437	3697
2054	2597
2909	2916
1917	2607
999	1291
2771	2954
2051	2614
1331	1730
2199	2518
2212	2630
2088	2404
3593	3711
477	518
1160	1868
2189	2319
434	475
1298	1315
2112	2347
1948	2032
810	856
1139	1869
2684	3079
348	372
2159	2297
2104	2506
3188	3280
400	492
645	683
2567	2592
1305	1449
2131	2655
2607	2631
2787	3070
2115	2299
1456	1816
1340	1877
1570	1804
2172	2363
1146	1795
2742	3406
2689	3301
1102	1729
1421	1803
1971	2287
600	628
2155	2608
2271	2586
2229	2484
41	243
1029	1447
1935	1991
2670	2982
2259	2268
2827	2919
989	1235
1280	1849
1148	1257
1118	1533
2088	2631
2951	3330
40	315
902	1691
1163	1367
2240	2654
1191	1584
990	3136
107	947
1800	1833
2240	2376
695	713
1335	1736
2323	2602
2229	2438
2257	2478
107	1776
1983	2625
2042	2643
3212	3240
367	452
2438	2592
1539	1839
1293	1557
2198	2502
3521	3936
1612	1836
2164	2271
2765	3007
3730	3731
2264	2465
3495	3625
3259	3263
2482	2492
1163	1839
1984	2423
1610	1772
2911	2966
649	1694
2951	3087
353	1122
2467	2543
627	635
1108	1894
1964	2091
2694	2974
2306	2638
2991	3350
2397	2577
2550	2655
3079	3258
2686	3196
2724	2947
2377	2479
2142	2306
2042	2215
1575	1794
3219	3369
1290	1589
2994	3364
0	6
3838	3940
2377	2652
446	548
216	243
3101	3353
2662	2804
58	107
959	1029
3574	3828
3437	3783
2083	2586
1643	1721
2875	3076
107	1425
942	1899
1966	2404
1048	1730
2018	2494
1986	2210
1239	1845
2719	3039
3438	3633
2320	2486
3945	3956
3739	3743
1931	2627
2201	2376
2294	2617
2224	2533
1611	1899
2271	2350
1059	1804
2871	3198
2198	2598
2066	2642
1199	1793
2399	2544
637	1573
2352	2409
3417	3433
1017	1888
902	1082
2032	2189
1467	1846
2676	3284
2866	3096
2087	2187
1723	1754
1399	1800
1092	1622
1612	1819
2539	2542
993	1662
2095	2309
1993	2045
2063	2150
2188	2428
1427	1695
3437	3934
1990	2314
967	1290
67	265
2469	2543
1067	1873
3009	3035
2507	2554
2750	3426
458	490
1918	2104
2194	2282
1192	1742
3101	3252
1052	1818
359	455
1172	1483
2073	2506
503	542
107	1826
2883	3258
2040	2331
3545	3640
2420	2609
914	1247
2359	2526
1912	2005
2268	2592
2911	3040
2154	2229
2064	2118
1864	1888
1078	1086
387	556
2088	2430
1929	2482
3172	3272
1916	2294
3605	3877
754	830
3114	3119
1929	2395
1622	1669
1199	1813
1912	2656
2088	2586
1226	1469
2827	2986
1427	1893
705	748
1201	1205
3916	3950
686	845
142	158
2315	2592
1953	2093
902	1872
3240	3319
3060	3298
402	465
1166	1742
1285	1849
2000	2011
2073	2554
2032	2144
3437	3886
1447	1471
1029	1086
409	526
1490	1673
1587	1820
1349	1878
2741	2890
2738	3384
1185	1610
107	958
2203	2328
2759	3117
2973	3351
1449	1886
1377	1675
1522	1553
1126	1714
3150	3411
1264	1295
2881	3273
171	1193
2694	2943
2738	2928
1166	1536
2063	2188
2241	2643
1963	2446
1998	2097
2005	2507
1703	1840
456	503
1643	1835
1979	2573
2229	2339
2599	2629
2394	2509
1274	1433
747	793
1984	2395
1130	1826
352	409
31	277
2414	2478
1718	2247
2720	2936
2741	2988
1330	1570
3721	3948
517	1694
3090	3339
3572	3822
1083	1288
2794	3135
1100	1596
2074	2095
2689	3142
2828	3272
2873	3226
3150	3201
1964	2066
1929	1985
3387	3435
1193	1505
916	1305
98	172
1017	1845
2290	2414
381	419
1986	2136
2030	2109
434	534
3467	3533
1211	1580
2939	3021
2151	2368
9	119
2121	2561
544	563
2024	2648
2032	2254
1413	1655
2139	2574
3521	3608
434	563
1741	1809
2794	3417
2460	2619
934	1610
2446	2499
471	563
1049	1819
914	1673
3252	3391
2133	2223
1009	1392
2090	2464
2133	2196
1102	1166
2144	2445
2040	2276
1448	1576
1048	1768
1255	1746
921	1391
2927	3184
1428	1756
1684	3037
2135	2509
2283	2347
2364	2633
932	1026
26	56
1255	1369
670	681
2818	3276
902	1277
974	1236
1352	1637
2188	2482
954	971
2919	2928
2749	2920
2019	2449
1471	1604
50	119
1798	1802
2073	2590
630	684
637	678
2140	2593
2279	2319
1659	1877
469	505
1470	1675
1120	1576
1048	1352
3102	3347
1605	1800
2207	2426
1361	1391
107	1832
1405	2962
1523	1600
3019	3154
2047	2497
2331	2586
1083	1789
2904	2914
3722	3876
2164	2507
2033	2212
172	331
1993	2233
2399	2511
2434	2518
1684	3146
2220	2549
1718	2038
107	1792
2750	2956
1787	1798
2747	2787
150	189
2023	2089
3049	3150
56	113
2370	2526
1331	1516
1219	1265
1972	2128
249	330
1272	1491
2124	2521
1768	1849
2087	2333
1086	1402
1918	2460
1652	1662
1014	1899
2312	2389
2134	2351
1530	1730
2822	3278
2683	3237
119	285
2459	2531
1078	1861
2877	2891
3033	3226
1456	1833
2872	3348
2143	2176
1365	1663
2110	2438
2287	2601
2986	3064
2460	2532
368	374
2815	2910
1376	1795
2832	2901
2119	2361
2323	2404
2157	2364
1032	1382
1953	2074
3297	3419
1199	1267
1922	2587
1448	1893
1367	1522
422	520
2147	2189
1912	2208
3437	3547
2956	2987
956	1218
3475	3877
686	799
3437	3766
1163	1480
3461	3559
2334	2543
761	827
1631	1673
1204	1273
1577	2419
913	1738
50	277
1238	1293
1379	1591
2741	2786
1819	1827
1242	1267
2560	2573
1380	1662
3584	3768
1009	1082
1980	2006
1917	2090
997	1256
2484	2574
3296	3351
2392	2520
0	221
1026	1669
2053	2396
2128	2400
943	1225
2433	2500
2244	2257
2939	3335
2170	2320
582	640
774	819
897	927
1204	1345
1185	1222
360	460
1917	2573
3025	3114
2560	2625
2793	3089
2755	3149
1485	1730
1128	1804
107	1674
400	465
2495	2623
968	1658
1608	1612
3179	3201
2526	2601
136	2649
3104	3339
2150	2329
1255	1367
1467	1613
3437	3722
2424	2659
2833	3185
3458	3718
1589	1665
3465	3774
921	1243
238	325
261	265
2165	2601
641	1300
2742	3102
686	730
1746	1835
2131	2363
3768	3793
2807	3129
1791	1861
2757	3090
2257	2309
1289	1619
3511	3909
2510	2642
1423	1871
2115	2600
1037	1855
360	513
1003	1086
1993	2506
1040	1832
1219	1551
186	322
2131	2311
2078	2237
1813	1891
1076	1367
2032	2319
1330	1800
3141	3200
1684	2869
2901	3256
946	1791
425	479
1718	2282
1515	1848
995	1243
932	1399
1249	1703
1078	1736
353	559
1520	1600
3449	3633
2038	2141
2987	3052
2894	3258
2713	2951
2233	2433
3272	3280
3590	3835
1083	1604
3159	3295
2028	2616
2791	2876
0	178
1104	1345
2446	2590
3172	3422
2757	2986
2083	2233
968	1897
2425	2642
2327	2547
2735	2976
1026	1746
1059	1075
107	1348
2697	3001
2098	2574
1734	1804
1267	1662
999	1827
1285	1662
932	1663
1416	1532
3101	3146
1293	1340
2471	2589
1931	1935
1665	1746
1329	1471
1242	1823
2872	2905
1006	1335
3611	3852
1079	1839
2042	2169
1273	1412
1084	1570
1940	2616
1726	2744
1981	2617
992	1333
3280	3332
1970	2509
2482	2654
1020	1309
211	239
2772	3093
3038	3106
181	328
2469	2655
1198	1557
107	1052
2711	2923
3078	3250
1983	2244
109	271
606	963
991	1317
378	391
3120	3299
2793	3152
2295	2516
1927	2538
1456	1603
2278	2619
2872	3293
2124	2550
370	376
1082	1204
2340	2630
1684	2881
2369	2579
3029	3174
3001	3245
2340	2467
2950	3191
119	203
633	666
2026	2072
2739	3415
3437	3918
3170	3172
923	1505
2695	2706
1215	1459
2242	2512
3480	3830
792	819
3500	3747
1929	2339
1947	2264
1302	1391
1090	1141
1049	1620
637	639
51	83
3026	3052
2914	3136
1282	1751
3497	3838
1165	1283
107	1461
1288	1388
2750	2915
1504	1630
2090	2477
1571	1772
1954	2133
1363	1378
3281	3320
1511	1656
2022	2660
3437	3568
1256	1271
3449	3889
1110	1327
3474	3945
1277	1414
2083	2611
2064	2600
3482	3685
391	488
2429	2611
88	303
2395	2590
2039	2081
978	1888
2392	2526
951	1274
1380	1839
2030	2347
2268	2394
2478	2586
3051	3351
1675	1741
2218	2468
983	1488
3572	3706
391	475
1993	2124
2150	2611
2294	2377
0	252
1966	2654
2919	3004
107	1315
538	561
1983	2347
2308	2556
2471	2588
2282	2594
988	1479
953	1201
2712	2833
992	1363
1117	1522
1322	1636
1391	1685
2419	2616
136	2538
781	849
1979	2550
2890	3000
3521	3629
999	1589
2248	2397
957	1596
1965	2126
1606	1844
2251	2313
1894	1907
1146	1182
374	378
1431	1470
3052	3388
1026	1734
2040	2200
1551	1734
2233	2408
2919	2997
3670	3731
980	1243
1351	1619
1684	3284
2741	3056
1684	2905
113	304
3583	3758
1302	1621
2553	2625
3107	3186
2742	2894
2188	2521
867	872
994	1159
416	569
2896	3193
1473	1569
2212	2564
686	754
1986	2414
1465	2327
133	276
1288	1431
1006	1059
1456	1874
1222	1336
738	752
1088	1301
2311	2326
2076	2425
2241	2582
3344	3345
236	303
1078	1620
1347	1438
474	557
2873	2977
1983	2593
526	1600
686	746
3084	3387
3998	4023
3320	3350
2669	2943
3480	3667
1940	2071
1985	2504
1432	1578
2065	2385
2244	2308
2081	2629
3685	3840
2111	2603
1357	1767
2845	3002
1761	1829
2184	2347
2021	2428
2552	2600
1912	2538
407	510
1599	1696
2268	2285
1352	1724
2122	2266
2501	2598
947	1808
2911	2974
1225	1748
1078	1619
2729	3166
3286	3414
2069	2575
2156	2577
2191	2194
2384	2653
2977	3000
1020	1893
3027	3292
1429	1515
1124	1126
1980	2014
2053	2372
1319	1333
2308	2630
2059	2564
2117	2203
1522	1795
2123	2539
1104	1315
1158	1783
2956	3362
1334	1844
1169	1306
2109	2468
1068	1665
3278	3361
2786	2873
2181	2440
2844	3211
497	542
2526	2630
1006	1063
1048	1563
2429	2594
1123	1163
2500	2654
1352	1491
427	549
1234	1694
2104	2308
2290	2495
2326	2381
2702	2954
1989	2266
1718	2127
1485	1799
1324	1628
420	451
2661	3277
3437	3470
2200	2601
107	580
1684	2915
999	1839
3510	3829
2916	3387
1932	2279
107	1197
1547	1556
1227	1596
2467	2573
2856	3342
1323	1563
1004	1736
2085	2186
2092	2262
3105	3122
993	1214
2069	2464
2994	3014
134	252
353	1080
3621	3689
2334	2654
2306	2430
1172	1219
637	1766
1199	1457
8	245
654	680
1146	1675
3019	3412
2007	2428
780	803
3892	3912
3017	3330
2995	3061
984	1894
3084	3130
1429	1844
1399	1623
2087	2254
1940	2417
947	1329
483	513
1547	1746
2049	2440
1917	2124
3347	3351
1959	2161
2177	2509
2950	3280
2694	2908
2350	2545
2240	2408
2695	3303
113	158
1320	1606
1980	2202
3062	3168
1639	1765
1136	1593
4004	4020
362	412
3598	3850
3070	3247
2330	2463
2063	2429
725	839
1104	1899
3503	3804
898	1595
965	1634
2233	2590
2765	3049
2045	2300
2856	3020
1600	1689
1661	1716
2627	2648
2102	2149
1925	2543
3021	3344
687	697
488	511
2229	2532
3171	3312
1684	3272
2867	2906
2754	2763
107	1130
1113	1625
944	1630
3245	3278
1201	1689
1060	1347
2877	2969
3889	3943
2030	2275
1553	1847
1984	2469
1067	1583
1047	1891
3460	3829
917	1533
115	343
1221	1472
2795	3374
431	503
1921	2639
1669	1717
2142	2536
3176	3241
2970	3169
2852	3226
2320	2515
1300	1313
39	277
2912	2940
2069	2601
3605	3707
3120	3252
980	1793
1513	1622
414	599
1964	2313
2060	2551
360	544
1938	2574
980	1344
2890	2920
1259	1482
1977	2265
1243	1290
934	1753
2684	3172
2121	2464
2172	2542
2292	2511
3065	3078
1260	1366
946	947
1180	1551
3605	3860
2090	2495
3437	3530
1221	1715
107	974
1019	1277
2899	3139
2839	3339
3012	3155
2352	2532
1559	1665
1149	1768
1515	1824
2253	2334
57	277
1335	1431
2754	2927
1941	2573
1450	3245
2138	2292
368	494
1126	1547
1991	2364
1768	1800
1068	1793
2273	2328
998	1537
1941	2556
1044	1636
958	1333
906	1620
2020	2307
1046	1586
2131	2654
1598	1804
2282	2652
3224	3260
2896	2928
3038	3089
2332	2384
412	432
1971	2078
1955	2338
2003	2062
2397	2562
1685	1771
367	373
2271	2307
280	322
1584	1612
2955	3337
2292	2465
1970	2390
422	504
1209	1572
2728	3295
1966	2602
2991	3113
1098	1803
2139	2150
1986	2521
187	346
2586	2624
3001	3062
3718	3947
2778	3422
3464	3617
1229	1350
199	252
2231	2361
2666	2851
428	591
1985	2374
2084	2578
2793	3344
1420	1513
107	1799
1452	1784
1032	1108
596	630
2020	2460
2103	2258
686	815
350	563
3726	3972
1948	2524
2126	2146
402	421
2713	3077
2062	2384
2991	3330
2184	2216
2069	2559
1766	1844
249	304
3005	3214
1420	1619
3578	3804
2022	2364
2246	2543
3464	3601
3057	3263
107	1220
486	516
400	651
3909	3976
2197	2440
123	334
1761	1833
1912	2599
3120	3320
2223	2254
1230	1721
997	1163
997	1888
2240	2359
3132	3434
531	563
3501	3889
3596	3756
350	369
1330	1736
2025	2061
2734	3005
2429	2489
917	1167
3199	3259
431	475
1971	2200
953	1471
1946	2489
161	304
739	758
2058	2624
1979	2329
2229	2446
1352	1868
1391	1867
3033	3056
2739	2954
1373	1894
2072	2399
3106	3224
2045	2275
423	558
1432	1573
3120	3321
1718	2102
354	470
2086	2324
2777	2944
208	332
2069	2526
3945	3972
2673	2806
942	1406
579	625
1078	1800
2244	2591
1459	1596
2220	2601
2835	2956
2866	2956
1361	1520
1935	2171
982	1488
2033	2489
1250	1375
2681	2956
1255	1621
3604	3627
2560	2579
2682	3068
1074	1107
2673	2943
1054	1827
2257	2307
2559	2654
7	129
1963	2064
3459	3812
1973	1999
2153	2292
2142	2485
713	778
3476	3519
1180	1471
2133	2362
1528	1791
1947	2629
3440	3851
98	119
1123	1833
1210	1743
1912	2378
2520	2624
1881	1885
3102	3239
1918	2331
896	1292
981	1636
361	531
1289	1612
1689	1789
1352	1842
2007	2149
2173	2497
404	482
2261	2492
1923	2641
1919	1973
1985	2142
1643	1730
2161	2199
1309	1742
2946	3294
3035	3115
2763	2974
1265	1484
445	465
2196	2609
2087	2249
2153	2496
3671	3958
1153	1230
3918	3923
484	1882
2003	2652
2381	2586
1620	1663
2186	2473
2104	2564
3449	3609
1052	1738
1083	1184
3017	3367
2244	2623
2369	2433
2976	3182
1867	1877
3540	3667
107	1020
2039	2511
2781	3201
575	589
2161	2598
1048	1791
376	513
1060	1742
2002	2054
1959	2135
1117	1683
1021	1448
1491	1842
1666	3100
2191	2643
2739	2829
2306	2409
3512	3737
726	752
2352	2430
3551	3723
373	460
424	486
2987	3014
2896	3426
1912	2055
1146	1570
1557	1643
2711	2951
967	1554
1085	3495
436	580
2742	2770
2506	2560
2123	2179
2090	2560
637	1871
1399	1604
3568	3915
3272	3422
1966	2624
1799	1886
1026	1164
1331	1879
2665	3330
1498	1571
387	408
1912	2475
3633	3889
1572	1746
1912	2267
2143	2592
1675	1813
2833	3347
1256	1835
1542	1826
1963	2237
988	1462
67	185
2135	2472
2052	2283
2226	2557
2112	2200
689	714
597	619
2135	2475
2748	2991
2306	2329
1938	2233
1610	1612
2512	2560
3510	3602
3554	3761
1953	2655
2058	2370
1195	1843
1600	1891
414	578
2103	2604
3129	3363
1120	1345
1391	1639
2311	2625
122	251
1371	1895
2028	2149
908	1360
925	1714
2988	3384
2063	2309
2664	3363
2133	2351
1086	1330
1222	1800
3066	3155
2123	2218
2476	2507
809	817
3025	3257
637	1882
1948	2267
1242	1752
1483	1714
363	527
2989	3150
2153	2294
1215	1907
1966	2073
2179	2613
2040	2482
1603	1610
1126	1377
2410	2476
2872	3052
2043	2354
942	1245
913	1646
2024	2538
1642	3263
1750	1771
113	285
1912	2389
1359	1898
2090	2229
1912	2442
2176	2509
1181	1589
939	1356
2124	2482
686	715
1130	1614
1948	2194
400	542
1090	1236
360	428
1351	1361
2668	3038
2047	2126
3690	3870
0	159
938	1787
2257	2290
1684	2898
698	745
51	237
1529	1569
927	1589
1291	1431
2381	2554
2271	2602
2028	2510
2088	2507
2136	2307
414	577
2933	3028
3493	3900
2129	2317
1092	1390
2391	2600
3298	3378
1604	1791
1496	1525
1652	1810
2212	2601
2793	2828
3046	3434
948	1695
1191	1863
2617	2653
1259	1672
3617	3724
2377	2629
3491	3684
1624	1756
258	295
2056	2300
415	473
2578	2593
2074	2607
1663	1809
686	707
2763	3232
2674	3192
2031	2283
1357	1393
1146	1757
348	409
2969	3304
1992	2255
2106	2437
1163	1584
0	134
2264	2597
952	1617
2001	2647
3087	3395
400	556
2433	2625
1405	2869
2822	3222
2131	2142
1335	1551
978	1819
113	277
2322	2406
1637	1795
986	1308
1063	1768
2433	2536
2419	2434
1146	1608
2991	3351
3545	3672
2833	2869
2374	2446
754	805
1464	1677
1017	1782
2741	2969
2241	2273
285	332
1359	1839
141	271
2392	2619
2575	2602
2115	2220
2010	2203
2111	2274
2043	2381
1460	1622
2072	2603
3035	3288
1153	1811
1926	2368
951	1718
2549	2607
2713	3412
1409	1800
2092	2428
1623	1683
1918	2430
1491	1737
686	830
927	1530
1462	1550
2275	2354
2172	2625
2055	2278
2936	3386
2072	2568
2428	2464
1367	1471
2709	3307
2533	2598
1086	1352
1410	1555
2694	3348
1347	1732
1211	1810
2282	2420
1182	1714
2738	2945
1070	1630
80	101
2827	3096
1135	1389
698	774
3571	3836
1951	2050
3116	3297
107	899
2033	2309
1204	1764
582	635
3605	3670
1398	1458
1921	2636
1098	1666
2278	2539
1329	1827
1128	1376
2916	3117
266	302
2533	2592
2240	2391
1366	1569
1082	1716
2206	2591
2828	3378
1926	2597
1747	1837
1340	1375
1459	1636
2059	2654
3501	3962
1927	2159
1286	1611
3980	4028
2464	2579
2089	2570
1758	2677
2206	2275
980	1551
2559	2615
1968	2006
2233	2642
1197	1718
2201	2563
916	1509
2676	2917
109	229
26	55
1946	2492
2468	2572
2694	3000
3021	3302
724	824
3557	3860
1024	1291
1056	1675
2396	2432
1330	1900
1947	2511
2451	2533
817	828
1336	1516
1735	1804
2879	2982
1920	2267
1078	1323
3705	3793
2276	2324
1056	1754
2324	2395
1644	1683
465	503
941	1273
3857	3868
2087	2567
1912	2596
2266	2601
1577	2533
2853	2863
947	1199
1613	1653
1765	1779
1279	1479
404	445
3019	3346
2471	2543
1628	1857
1979	2258
2144	2649
2921	2989
1128	1575
3025	3400
3981	4009
3980	4000
946	1888
1449	1598
697	748
3054	3065
2088	2276
2679	3090
1529	1807
1622	1714
2179	2363
2915	2994
2040	2601
2303	2449
2217	2618
1993	2307
2758	3236
710	805
2151	2649
3186	3295
2867	3213
1912	2284
2104	2257
2780	2979
127	139
3989	4038
3100	3366
1149	1617
2124	2578
3330	3351
697	777
1255	1737
2944	3104
2229	2233
2088	2386
2542	2552
1222	1864
3106	3154
1946	2374
107	1817
2916	3399
1912	2125
1126	1800
497	520
2078	2290
1589	1637
2244	2492
3831	3842
3080	3363
1720	1862
2082	2397
122	272
2139	2638
651	1408
25	270
1939	2247
1313	1427
449	507
1684	3018
953	1675
3233	3359
1684	2852
2754	3284
1392	1413
2184	2354
2040	2046
2345	2598
1324	1901
3495	3929
2319	2394
2065	2592
3629	3921
1927	2640
2423	2602
1167	1310
1059	1833
1926	2133
3469	3972
119	248
3830	3858
2837	3394
1616	1740
2159	2627
2669	2761
1067	1204
397	516
2055	2469
2247	2413
2969	3098
993	1609
596	1019
2093	2306
1222	1361
2271	2550
3609	3948
2676	3339
1011	1037
3069	3334
2053	2196
1938	2005
2757	3056
1322	1404
519	555
2956	2994
1557	1791
2126	2587
1148	1591
2384	2390
2799	3105
2856	3185
1280	1535
2045	2090
2991	3297
2125	2163
1431	1761
2934	3385
3274	3313
1619	1796
1912	2635
2356	2469
2030	2213
2680	2750
2543	2598
2061	2159
41	310
461	525
1774	1836
2701	3079
2254	2616
3794	3826
3496	3550
3203	3208
2460	2576
497	561
504	510
1948	2533
135	284
3156	3256
1260	1355
1198	1491
956	1889
1211	1571
2828	3397
2484	2526
1126	1201
1345	1884
1360	1866
2444	2490
2139	2309
2323	2539
3174	3304
3010	3394
395	537
982	1083
686	710
686	700
1984	2045
902	1899
2717	3108
396	475
27	54
1624	1709
1912	2648
1449	1488
1948	2054
1082	1227
592	618
2744	2865
2967	3023
248	323
3813	3911
2135	2224
711	752
2409	2600
2787	3347
1025	1800
3997	4023
1159	1260
1912	1952
2071	2268
1912	2365
954	1595
1003	1420
2053	2390
29	211
2039	2368
2813	3214
1971	2374
376	438
1921	2025
211	342
1547	1621
1573	1611
1070	1338
1312	1736
1551	1819
686	822
1094	1356
999	1800
2188	2464
2347	2386
2020	2334
1970	2461
1198	1199
2485	2563
1918	1983
954	984
2370	2559
2339	2410
2299	2559
1918	2392
3107	3342
1485	1644
1941	2461
517	637
1912	2262
2730	3018
2742	3209
2539	2630
2958	3124
2129	2540
26	98
285	315
1311	1472
2478	2561
3162	3331
1938	2359
2007	2491
988	1235
916	1622
514	520
1805	1911
3480	3540
1440	1537
432	544
1938	2462
2668	3043
2037	2121
363	521
1460	1505
2072	2344
362	558
2676	2754
392	475
2108	2428
1554	1793
2000	2337
2278	2290
2238	2562
3465	3571
1184	1810
3188	3352
2340	2646
2188	2392
1329	1757
3261	3350
370	387
3794	3822
2816	2865
1943	2546
1833	1842
2866	2913
1724	1800
2467	2552
3841	3962
2290	2578
2741	3184
2056	2593
1075	1609
2247	2399
370	561
2121	2477
3558	3906
3707	3930
1684	2672
2561	2611
3019	3377
526	553
107	1823
2177	2451
475	497
1589	1643
348	433
1212	1671
412	494
107	1708
1099	1303
1768	1842
2123	2381
1135	1467
1940	2344
1372	1478
3950	3979
896	1007
1999	2627
2243	2327
3791	3964
1985	2333
1214	1388
3545	3841
1946	2615
1684	2930
938	1747
2087	2180
2068	2385
1751	1812
2054	2377
0	135
128	213
1735	1800
2423	2467
1997	2404
1957	2001
2053	2254
2561	2601
353	1673
1565	1763
2098	2339
0	242
827	842
368	553
1351	1804
1985	2339
2970	3116
2122	2142
2908	3004
1912	2161
538	1679
2352	2638
2328	2525
2944	3065
1221	1830
1269	1643
1396	1729
3825	3927
1066	1406
1281	1595
3437	3797
3437	3493
1199	1804
1380	1832
1972	2633
2894	3198
1444	1472
1598	1652
693	705
3833	3969
1437	1858
1204	1503
2910	3417
573	680
906	1771
3690	3758
104	332
2787	3321
1153	1800
1352	1431
1594	1909
1621	1662
2073	2553
48	320
1269	1589
2475	2588
2097	2647
2445	2653
1968	2640
1217	1453
1914	2626
1115	1596
1390	1539
2353	2551
2711	3233
2742	3146
2774	3074
2782	3304
1673	1767
2033	2495
2145	2367
1938	1941
1230	1334
111	279
1997	2543
2266	2386
1530	1603
1017	1124
2266	2374
3238	3433
200	277
1525	1529
3437	3519
1365	1557
2142	2233
994	1427
1230	1617
1273	1729
2002	2273
373	580
141	257
2039	2053
1078	1845
484	1238
1985	2121
3113	3378
1968	2585
2871	3111
1135	1312
3077	3373
1971	2428
2921	2942
2133	2463
378	412
488	556
1465	2302
2946	3174
1953	2240
2188	2560
1568	1733
2564	2615
1620	1622
1135	1835
1004	1367
1551	1898
3239	3247
3860	3884
1925	2369
818	839
2728	3154
954	1166
2136	2446
2064	2391
1341	1431
1791	1813
3511	3763
2104	2376
2815	3040
218	273
1449	1547
694	810
2123	2467
1003	1513
1267	1804
1925	2430
2554	2578
2148	2649
1510	1778
2035	2313
641	1671
3505	3698
1374	1844
2813	3178
1912	2491
512	538
2981	3025
1984	2374
2347	2653
2931	2994
3687	3830
2866	3284
1117	1330
1513	1730
916	1017
1794	1897
1064	1234
1966	2121
395	483
2904	3212
1460	1509
2150	2563
2025	2627
1039	1447
2280	2592
2027	2157
3201	3277
2833	3288
1480	1752
2040	2073
2188	2229
3065	3226
2154	2233
1289	1530
3826	3870
1939	2003
3651	3683
686	704
2904	3152
1160	1331
3517	3577
2005	2077
1063	1736
651	1320
974	1000
2705	2874
1964	2268
2223	2385
1613	1816
1964	2317
3458	3648
2924	3304
1358	1694
2037	2506
2668	3305
1684	2683
3437	3793
3051	3172
609	654
1345	1655
1971	2331
2787	3253
2212	2615
1993	2549
107	1386
2240	2331
906	1352
1742	1786
2206	2604
927	1835
1409	1768
3107	3337
1446	1514
3145	3351
960	997
1283	1540
2183	2283
2363	2381
0	325
2785	3109
0	191
25	40
1404	1636
908	1806
1292	1576
1966	2150
641	1231
483	1565
1918	2093
3106	3397
1925	1993
3019	3350
1963	2495
3476	3774
3018	3162
3033	3364
1048	1420
3253	3345
2386	2615
171	2885
713	847
2257	2607
2381	2561
877	885
1323	1888
2075	2243
1299	1304
2434	2479
1589	1888
1547	1886
2045	2188
2075	2111
17	140
964	1089
113	122
1086	1680
3529	3761
1943	2045
2354	2408
2420	2555
1097	1601
3022	3033
989	1044
0	184
2199	2420
348	572
651	1512
135	309
2492	2630
3616	3848
188	258
3633	3962
1917	2240
3180	3181
1289	1367
1066	1495
1479	1587
21	212
2069	2140
2502	2533
1841	1872
2102	2642
1341	1730
56	199
2059	2546
2866	3078
1085	1705
2913	3426
2724	3002
2111	2221
2180	2351
1138	1562
906	1800
1076	1390
1217	1435
107	1043
1989	2542
1059	1800
2052	2372
2047	2641
1530	1617
1222	1520
3207	3412
2800	2872
2286	2440
1918	2340
3837	3957
724	829
952	1290
1232	1601
1158	1628
1589	1754
1917	2546
2829	3412
2257	2576
1652	1809
1981	2280
3550	3552
428	676
2189	2508
2869	3381
2359	2433
1082	1764
2391	2542
988	1596
62	199
3836	3837
2370	2507
1324	1396
1128	1143
2032	2068
3998	4005
3728	3815
1955	2007
1621	1689
1284	1413
2074	2287
2078	2539
3482	3901
40	257
158	325
2059	2477
1256	1736
2118	2414
1943	2462
1366	1633
3140	3342
3557	3670
2123	2625
1939	2241
1645	1763
1844	1853
2036	2291
2356	2386
2763	3213
1086	1613
2164	2593
2279	2399
953	1361
1669	1799
2804	2984
3442	3508
1167	1472
2253	2604
2042	2302
169	271
2291	2318
3752	3937
2031	2038
2021	2604
2055	2575
2054	2102
1156	1211
1016	1177
492	560
1610	1721
1680	1715
897	1835
1101	1761
599	675
2052	2333
1377	1839
2104	2521
1213	1624
273	306
394	683
2563	2574
2220	2469
1121	1311
2507	2550
2140	2611
2702	3211
2718	2843
1800	1804
1419	3410
2038	2259
3558	3855
557	570
3860	3938
3740	3977
3491	3842
1660	1695
2074	2369
3079	3386
2768	3409
3478	3766
2253	2624
1211	1570
2332	2372
946	1823
1366	1584
107	1688
1590	1851
2913	3303
354	519
3129	3228
348	485
1971	2469
2129	2405
1011	1504
1963	2393
156	258
1039	1832
1668	1707
1962	2323
1997	2564
1963	2069
2989	3070
1152	1783
3136	3196
1941	2191
1989	2376
3593	3786
3491	3971
1436	1699
726	853
1375	1390
1983	2044
375	493
2832	3353
2148	2635
1416	1789
1597	1761
2172	2630
3170	3396
2628	2644
1399	1471
2676	2927
2300	2630
1447	1571
1971	2098
1357	1688
1173	1800
1293	1331
2445	2567
2447	2648
3629	3666
57	346
932	997
948	1487
2874	3232
2203	2512
2843	3156
1554	1612
2938	3289
1211	1431
1955	2039
1971	2625
3545	3586
2007	2052
1917	2507
1192	1215
2047	2226
1943	2324
2228	2628
2203	2544
2244	2590
348	371
3021	3035
2282	2315
1187	1705
3611	3838
1012	1114
1059	1076
897	1329
2485	2521
3488	3518
3780	3851
2724	3379
2229	2615
1376	1810
1000	1667
107	1540
1946	2631
2944	3363
2042	2332
2896	3284
2202	2639
2686	3219
2198	2246
2136	2543
483	1318
2289	2377
1344	1827
2665	2914
3491	3851
1577	2038
2304	2516
107	1423
2679	3433
2877	2919
995	1580
1335	1721
988	1221
2368	2377
25	200
1491	1539
3076	3272
2142	2549
1920	2434
376	546
388	557
897	1361
1082	1413
1962	2423
1074	1839
2925	3174
3546	3662
1914	1951
1352	1849
2090	2150
1951	2364
2155	2226
2153	2617
2376	2578
1066	1347
990	1674
2058	2454
2126	2577
2086	2348
1918	2074
1182	1195
752	827
1076	1622
3677	3851
107	1758
1019	1628
2546	2553
1277	1347
2005	2074
2133	2480
553	569
1402	1816
3787	3923
1941	2087
1085	3609
2148	2295
1107	1886
1377	1487
1026	1156
708	823
1283	1369
1955	2068
896	1751
1986	2604
2006	2645
1128	1864
1190	1448
3684	3750
3707	3913
2850	3293
1261	1824
1200	1574
199	304
1684	2793
592	666
617	648
1941	2594
2891	2909
3440	3576
1364	1807
500	525
1628	1859
1980	2024
1352	1600
2324	2551
1469	1667
2033	2093
260	339
380	518
434	517
1644	1765
2111	2347
1149	1485
525	527
1184	1789
2510	2567
1986	2206
957	1192
544	561
1267	1835
2064	2218
2849	3116
946	1125
3569	3680
977	1260
3437	3803
1993	2353
1377	1793
1335	1608
1014	1495
1920	2598
352	462
2532	2625
1964	2228
503	561
947	1559
2209	2242
952	1608
2853	3169
2961	3286
2154	2220
1570	1842
2764	2941
3768	3782
1955	2053
2848	3214
1938	2060
2088	2308
2153	2273
1931	2061
1152	1373
3019	3356
1359	1754
1128	1800
2020	2611
1401	1833
1192	1578
3437	3752
2289	2451
1256	1351
780	828
1269	1610
1966	2427
2137	2293
1059	1610
353	566
2078	2586
1116	1754
897	1214
1597	1659
1047	1290
2229	2418
1577	2135
2371	2402
2121	2278
2683	3119
1078	1288
1431	1623
2824	2962
2701	3350
576	675
2081	2235
897	1612
2133	2366
2123	2551
3118	3160
2115	2559
1138	1218
2755	3417
2370	2467
3360	3434
1132	1757
2123	2600
3308	3405
1280	1551
2292	2643
3098	3232
1431	1685
508	541
1156	1352
2381	2428
705	754
2142	2303
1663	1789
2240	2290
1945	2629
1060	1298
2078	2150
1942	2478
1704	1820
1222	1622
1131	1348
3092	3362
1003	1659
107	1311
2081	2509
1032	1429
2374	2601
2077	2201
2943	3108
2706	2928
3205	3278
1509	1663
2630	2654
3267	3330
1298	1715
526	1320
2338	2555
2780	3201
2308	2460
2240	2449
1594	1858
967	1124
2150	2350
1399	1804
1015	1129
3032	3196
2278	2340
297	322
2073	2600
3280	3347
1993	2427
2192	2658
3476	3836
2250	2384
1268	1876
102	175
623	636
3019	3076
1212	1910
3757	3918
793	809
1554	1754
3080	3231
913	1727
1149	1879
1923	2185
1174	1511
1048	1663
896	1715
1914	2364
2190	2290
3556	3851
2027	2159
1091	1471
2212	2244
2199	2501
2543	2575
999	1431
0	181
1473	1699
2016	2657
2200	2414
2283	2394
2276	2499
2575	2611
2073	2290
3277	3351
1339	1683
3870	3903
1238	1388
1924	2401
1020	1451
159	277
1684	3417
483	919
238	252
1255	1570
1458	1782
301	324
1033	1307
1628	1872
2326	2520
1432	1647
2507	2607
2068	2198
2662	3291
1979	2654
1085	3721
2220	2300
2182	2480
3447	3894
2374	2492
980	1800
3629	3862
98	261
2261	2299
3360	3406
1685	1707
2122	2560
2436	2617
2042	2057
2243	2501
2323	2408
1352	1369
2091	2341
2356	2539
3437	3496
2274	2603
1684	3309
1612	1800
2614	2618
1959	2451
87	246
107	952
1707	1757
1983	2045
1945	2125
2376	2408
2370	2654
2730	3016
2696	3246
1153	1175
1955	2250
2182	2452
3246	3321
3684	3968
978	1707
1001	1616
2929	3174
1230	1707
2809	3080
2189	2223
2171	2538
1568	1895
906	1054
1389	1637
1075	1112
1985	2279
2073	2638
2793	3320
1577	2332
2782	3234
1172	1619
1912	2659
2209	2270
2172	2258
3207	3410
1017	1101
2668	3321
391	394
1963	2590
2495	2559
997	1222
2087	2198
2087	2597
1522	1851
1916	2419
990	3278
369	381
1370	1868
1102	1282
2520	2625
1520	1813
1361	1722
1530	1597
2748	3360
902	1279
1335	1597
1791	1835
3387	3390
3497	3528
2187	2653
2190	2521
59	342
3395	3403
1357	1422
2516	2567
925	1589
1970	2163
1912	2552
2268	2567
2038	2336
172	203
1061	1136
1926	1959
597	654
3020	3117
2831	3393
2433	2520
2148	2336
2875	3170
566	593
2863	3344
1730	1827
3579	3837
2112	2184
2340	2348
2867	2943
995	1265
423	604
1985	2300
1222	1845
2724	3068
539	560
641	1767
983	1288
161	308
2681	2994
3578	3640
2904	3198
2104	2500
1078	1416
1684	2687
363	565
1367	1449
966	1330
402	544
1941	2369
1941	2395
3024	3302
1997	2257
1245	1406
428	479
2347	2655
1944	2117
1938	1983
2854	3237
3576	3707
677	680
3564	3825
579	684
1398	1612
1361	1398
1059	1810
3437	3687
1934	2313
3115	3152
1416	1736
1751	1786
2777	2850
2150	2446
2165	2551
2170	2207
2007	2267
1153	1447
1209	1390
2147	2387
2040	2233
1428	1831
1199	1351
41	337
2261	2484
3101	3360
2374	2395
2336	2379
3596	3860
1431	1622
1261	1812
3072	3342
1138	1177
1222	1659
953	1431
1431	1809
2806	2986
805	827
3635	3640
503	517
3456	3677
2128	2544
2307	2433
2445	2617
1059	1688
1291	1377
1684	2765
1018	1382
792	823
1216	1493
107	1630
1058	1077
391	412
2560	2593
3680	3830
2095	2308
1230	1723
1986	2154
483	1673
2020	2172
2963	3042
2800	2969
2937	3406
984	1014
1367	1849
1918	2532
2675	3219
1017	1554
1004	1849
896	1661
1804	1868
1912	2570
1243	1610
1534	1577
2153	2592
1302	1431
1614	1735
3836	3964
3168	3191
304	347
386	532
524	683
1166	1525
3096	3195
3272	3350
2207	2650
2103	2206
1922	2107
2054	2555
1997	2499
181	273
1083	1336
601	976
3253	3369
1242	1800
1718	2081
1130	1135
2384	2643
1985	2045
1997	2218
2125	2398
2086	2201
509	554
1609	1835
1926	2567
2040	2064
2398	2597
2473	2537
2201	2348
2072	2398
3140	3145
2000	2001
1049	1653
353	500
161	277
2946	3228
2053	2617
3171	3431
3722	3827
2037	2340
2117	2544
2915	3104
2575	2655
2063	2418
2213	2233
2874	3284
1588	1687
1041	1681
3284	3387
2118	2623
373	456
2115	2188
2280	2537
1959	2194
2010	2516
2839	3250
677	684
3026	3098
1189	1541
2840	3118
705	760
915	1427
2873	2994
1334	1389
917	1732
2283	2463
1211	1458
1251	1555
1661	1786
2005	2275
1079	1086
3501	3824
1947	2010
2045	2433
2150	2165
2344	2637
1329	1613
2244	2468
1267	1287
2150	2218
1413	1682
1010	1650
2478	2560
1948	2007
3070	3146
1925	2200
809	827
2543	2646
107	1641
686	732
2928	3096
381	469
3791	3901
2072	2101
1205	1222
497	545
1637	1730
139	251
3002	3403
348	359
348	360
3362	3384
1979	2374
3214	3279
1721	1816
2125	2347
1526	1853
2032	2232
1223	1559
2276	2484
2701	2894
1139	1703
2873	3174
1917	2334
2078	2104
2233	2601
2698	2956
2097	2660
1075	1407
1706	1783
1339	1622
2095	2261
1211	1821
1205	1522
2359	2374
3896	3924
2511	2652
2909	2912
2159	2626
981	1448
391	512
2696	2735
3022	3040
2324	2407
397	523
2132	2617
2041	2313
1250	1688
1068	1390
2866	3232
1288	1665
1101	1107
1542	1707
1574	1645
1457	1622
1941	2271
3226	3417
2550	2556
1613	1888
1959	2125
2719	3111
1736	1793
1914	2494
2334	2646
1229	1231
538	1374
1935	1958
1946	2112
1290	1620
2143	2294
651	1778
441	501
2095	2140
1376	1757
82	231
1580	1902
2381	2604
2179	2212
2078	2601
1684	3119
59	211
367	378
1939	2333
2293	2594
1338	1496
2072	2508
1321	1780
1984	2381
2086	2464
2020	2602
1179	1358
2823	3076
2232	2608
1941	2384
3240	3341
2002	2555
1993	2654
2112	2468
1617	1663
706	805
20	343
2233	2542
1323	1902
3593	3738
1004	1610
77	294
2074	2278
1939	2264
2423	2485
1019	1227
695	760
1939	2368
2685	3405
1352	1563
2083	2464
2679	3362
1970	2054
2068	2512
1199	1570
2180	2491
1610	1761
2155	2289
1964	2232
1962	2410
1622	1765
2063	2553
3007	3434
2327	2332
3076	3350
916	1214
1985	2384
2289	2330
2669	3085
1376	1447
1179	1223
1684	2836
2003	2081
2694	2916
2111	2249
1554	1605
774	840
616	622
2102	2196
2410	2579
416	419
1694	1743
1117	1662
1786	1872
2241	2512
1240	1693
2174	2319
1003	1126
2408	2619
711	724
815	837
1480	1874
3713	3802
1912	2565
2719	3422
1316	1732
2719	3396
3578	3860
2239	2642
1611	1691
2719	3386
3090	3326
2046	2506
3437	3604
2328	2420
1159	1703
2533	2597
2344	2377
1983	1984
2680	2891
981	1104
2407	2409
1976	2000
1117	1160
2881	3076
538	1025
2333	2451
2960	3226
1812	1824
1108	1812
2916	2920
2361	2540
2910	3433
2719	2833
2492	2532
1953	2339
2464	2506
2030	2233
1352	1361
1153	1402
1767	1844
637	1744
3219	3331
1626	1702
3073	3284
1009	1345
2040	2210
3152	3280
2495	2500
2510	2643
2038	2498
989	1009
2073	2543
1917	2095
2546	2646
982	1211
2864	2915
2068	2268
953	1509
2951	3207
1076	1339
1912	2477
1671	1743
2446	2526
1429	1487
2748	3321
2150	2216
3633	3677
2352	2484
1941	2308
2368	2461
21	345
2078	2090
400	475
2875	2937
40	142
983	1833
1667	1783
2122	2464
224	332
1078	1809
2081	2432
1006	1391
2102	2336
1024	1516
1721	1752
1948	2279
592	620
2103	2654
1126	1888
2062	2652
2853	3146
2056	2140
1125	1211
1971	2550
947	1730
3240	3252
3437	3615
2184	2504
188	272
242	254
389	459
2084	2638
2464	2563
2235	2390
3985	3993
3397	3434
388	445
2669	2911
2862	3387
3437	3483
2778	3297
2933	3012
1388	1391
2154	2299
1554	1799
2101	2511
1205	1359
2059	2423
2285	2547
1740	1882
1132	1230
2200	2521
3187	3253
2781	3082
2426	2444
2240	2563
3113	3261
3327	3366
3090	3417
2198	2642
2006	2648
1656	3057
944	1260
1124	1662
2873	3232
374	488
2933	2935
2167	2535
2862	2929
3113	3198
1415	1482
3437	3582
1182	1554
2444	2515
2059	2218
3926	3943
760	834
2154	2200
3274	3375
2853	2869
2241	2599
2414	2430
1524	1623
2745	2906
1918	2590
2307	2564
1799	1827
2133	2649
2125	2461
2745	3022
2453	2505
2030	2084
1163	1668
7	136
3017	3038
248	265
465	601
3693	3845
1113	1142
2264	2338
3797	3886
483	1382
513	591
1143	1661
1989	2323
2446	2623
3592	3847
2118	2340
1288	1714
984	1582
2261	2408
1994	2330
1718	1846
2196	2598
2912	3339
1971	2526
2300	2410
2176	2475
1146	1184
2047	2189
3980	3982
2053	2472
2138	2176
2412	2455
3052	3226
1195	1467
1563	1827
429	531
2485	2586
2121	2573
2115	2553
2787	3256
2047	2049
107	1404
3187	3196
1377	1765
2320	2444
371	460
2142	2257
1912	2425
747	815
2118	2478
2199	2328
619	685
2086	2468
1559	1662
3573	3852
719	830
925	1736
2368	2501
2139	2553
2212	2433
2356	2370
897	1620
2418	2423
2778	3145
3080	3090
354	355
2356	2573
2192	2585
2755	2994
695	778
1370	1390
1018	1899
2196	2592
2800	2986
2711	2723
1947	2327
2392	2464
3498	3728
2087	2582
2741	2862
2808	3121
26	69
2271	2423
2125	2327
2881	3024
2095	2356
1132	1580
993	1172
1972	2658
107	1082
896	1257
2037	2043
395	460
2552	2655
1324	1871
1958	2583
689	732
463	475
1359	1608
2945	3135
946	1367
1338	1686
1398	1863
2757	2945
382	410
171	1684
2104	2326
2072	2516
952	1086
2268	2629
1598	1610
1539	1746
1918	2220
1330	1685
1570	1772
949	1052
2863	3038
3479	3516
0	9
2156	2162
1684	2927
3684	3902
1146	1898
1331	1620
1684	2790
999	1335
494	537
1684	2837
2932	3196
2730	3341
1024	1712
2559	2619
1431	1603
438	511
980	1750
2128	2537
2604	2611
3449	3734
2712	3345
1435	1597
2282	2511
1979	2602
2713	3420
2757	2974
1078	1600
2184	2576
2061	2620
94	101
1962	2233
3167	3210
1339	1572
1669	1793
2510	2537
1483	1898
1988	2443
997	1813
2007	2512
1059	1530
2009	2538
2169	2491
1998	2225
1097	1424
2778	2881
1984	2484
966	1721
1575	1807
1050	1585
2165	2655
1946	2654
2889	3318
2407	2602
2994	3293
23	227
1259	1745
2858	3248
3263	3406
44	312
576	643
1975	2049
1059	1377
3225	3328
2680	3232
2131	2590
548	555
1465	2282
1069	1285
2661	2849
3670	3938
2271	2418
1613	1734
2218	2559
2083	2184
1938	2464
2504	2623
1842	1864
1126	1768
934	1799
1621	1813
2132	2319
1554	1597
2782	3022
1948	1994
3579	3836
455	528
2347	2561
1126	1782
107	955
3884	3971
2067	2234
2039	2250
3780	3929
2399	2458
3438	3938
2991	3267
2086	2578
2088	2376
1290	1339
1784	1895
1975	2236
2504	2590
105	257
3189	3198
3049	3201
1331	1617
1175	1191
1308	1310
1173	1431
2687	2780
1591	1727
285	313
107	963
2116	2639
529	531
2038	2125
1973	2171
1605	1826
1589	1823
3753	3876
2916	3417
1335	1754
980	1659
423	524
1211	1361
1479	1576
900	1553
3577	3741
1940	2148
107	1168
697	772
1941	2266
1179	1616
3584	3870
3594	3649
1946	2468
1912	2219
3017	3201
2191	2384
2145	2610
1941	1985
2703	3382
2216	2428
2153	2609
2059	2526
1231	1404
1986	2078
1390	1618
526	1609
999	1617
348	432
2690	3242
1267	1272
1185	1737
968	1584
2640	2660
1059	1613
2370	2520
1491	1559
2176	2557
2748	3049
2951	3150
2229	2386
1639	1846
2642	2643
3055	3074
1941	2492
1547	1603
2423	2604
2122	2220
2283	2368
3738	3782
412	500
2242	2498
1946	2554
107	1292
1190	1655
120	277
3669	3911
2920	3220
2934	3295
980	1074
186	277
2142	2392
1938	1993
2793	3321
1099	1595
1078	1597
422	644
897	1846
3295	3331
17	111
1644	1724
2240	2309
2756	3364
2324	2539
3490	3662
2330	2436
2123	2601
941	1691
2043	2407
1300	1694
352	503
483	537
1530	1584
2946	3215
1054	1375
1032	1309
2153	2347
2945	3213
1132	1256
2201	2352
2418	2601
2280	2367
1945	2189
1990	2405
2194	2509
1338	1504
3577	3968
786	813
2037	2278
1460	1480
1032	1245
2122	2154
1420	1422
2906	2915
2698	3226
1359	1559
2419	2649
1083	1302
1912	2398
1228	1703
1184	1826
2778	2863
1613	1662
436	465
2104	2485
2206	2229
2230	2358
1318	1427
922	1702
1039	1898
900	1261
1267	1796
3299	3391
1391	1447
2124	2564
3306	3351
1722	1864
2073	2142
3714	3951
1052	1260
1390	1662
2028	2649
2398	2555
2835	3033
1573	1591
3267	3280
785	846
2030	2074
3204	3378
3781	3823
2463	2629
2047	2649
2143	2627
1912	2136
3466	3510
1456	1621
2718	3350
1131	1725
2123	2575
3078	3339
258	291
1192	1292
2074	2276
2125	2138
2074	2201
3577	3962
1991	2116
3918	3957
0	306
729	888
1352	1367
1942	2037
1620	1881
3437	3673
2418	2428
1235	1596
2229	2631
2958	3295
1637	1746
2203	2529
1211	1653
1938	2404
2	226
2331	2532
3225	3288
1925	2542
2254	2475
1242	1340
107	1199
2123	2253
2340	2363
3495	3968
3114	3400
2072	2304
2136	2326
2928	3000
1041	1482
1559	1730
3201	3378
3152	3185
2060	2073
2679	2681
2220	2484
946	1721
2078	2532
2338	2617
1577	2137
1706	1794
1872	1893
2909	3004
916	1172
483	1773
1980	2001
2171	2459
1075	1513
107	1219
1237	1778
369	509
1359	1791
121	315
999	1842
2224	2511
3331	3366
1938	2253
2754	2890
2271	2556
2409	2495
3132	3152
2555	2589
2794	2821
2670	2879
1014	1473
1998	2159
2165	2257
2259	2475
2915	3052
1985	2359
2430	2484
116	149
2733	3396
1230	1377
3212	3434
2115	2468
1449	1833
3095	3303
1491	1761
3116	3146
2059	2404
1513	1782
1076	1683
1098	1360
1204	1706
3530	3925
2005	2374
1584	1668
3260	3386
2489	2586
1172	1757
2085	2091
3195	3284
2039	2117
2872	3078
348	494
1067	1857
1321	1813
3237	3390
2663	2873
2121	2655
1946	2410
3087	3253
1982	2513
1914	2648
1932	2010
3568	3810
3039	3396
1260	1469
727	800
1054	1376
2768	3276
1388	1663
2620	2633
2867	2917
3437	3770
348	349
1434	1779
3437	3559
1912	2603
1258	1525
1341	1668
2267	2511
133	280
2214	2366
1684	2788
2697	2820
1943	2136
972	1900
2665	3299
3027	3136
2276	2551
1959	1970
582	643
1308	1355
1953	2407
2201	2216
419	525
1108	1406
2369	2573
566	1740
1484	1845
2560	2604
1914	2024
2131	2165
1475	1691
1129	1587
2184	2386
2874	3238
1980	2097
1493	1787
2843	2918
2054	2451
1985	2063
1724	1827
2976	3017
993	1539
1440	1594
2324	2526
2782	3384
1235	1277
966	1826
1970	2183
1920	2128
2399	2434
2248	2497
1223	1320
698	867
2761	3324
2224	2616
896	1227
1204	1479
1571	1839
2245	2301
2006	2447
967	1365
1959	1981
1993	2381
143	278
2220	2590
1141	1709
3162	3176
475	553
2712	2785
942	1404
1684	3041
1399	1597
1427	1487
2071	2102
573	605
2267	2283
2201	2323
3034	3178
3613	3898
29	203
2410	2550
641	962
3089	3260
1399	1730
946	1768
2073	2369
2069	2624
1127	1244
1970	2318
2268	2510
2117	2194
2533	2589
3819	3868
1663	1795
1390	1849
2831	3365
1236	1536
1912	2091
1997	2233
720	755
2369	2395
373	473
1160	1559
2593	2655
2279	2345
1985	2469
2224	2643
1080	1487
3437	3922
1946	2077
1086	1480
2210	2374
2190	2278
896	1115
1926	2322
1257	1315
107	1659
1028	1632
2674	3132
3008	3283
1198	1570
1729	1812
2750	3202
1173	1879
2408	2414
2728	2951
2247	2285
1494	1825
1064	1671
1683	1730
2950	3115
2669	3237
1608	1730
1282	1820
2550	2573
2369	2611
1929	2033
2897	3064
2279	2629
3090	3392
2539	2591
2939	3344
1094	1154
2104	2602
1966	2561
1063	1900
3633	3830
3719	3758
603	680
927	967
2469	2593
2032	2465
1412	1830
1939	2617
26	113
952	1800
917	1786
1617	1793
1222	1554
2147	2615
2731	2987
1117	1730
1241	1481
542	591
2864	2911
1258	1584
3980	4015
387	559
2719	3106
2844	3385
2081	2461
2734	2790
3132	3350
2880	3232
3480	3604
2267	2304
1957	1980
1006	1551
2200	2554
348	368
3480	3586
432	506
2543	2609
1182	1265
2140	2655
2451	2592
107	1317
2398	2490
496	580
426	546
1952	2384
1040	1622
2086	2200
2044	2512
2172	2521
436	604
2376	2604
1983	2190
2757	2896
1445	1505
2828	3247
1997	2324
3488	3528
921	1891
1968	1980
1753	1804
1021	1257
2040	2408
2257	2631
1126	1712
1238	1800
414	506
2765	3082
2149	2547
2520	2601
1460	1590
2690	2784
2027	2365
1943	1963
1334	1554
3593	3680
3060	3101
1925	2600
3479	3830
959	1519
2101	2501
2783	3422
3077	3207
2033	2630
1482	1770
2206	2257
2279	2434
2990	3191
1335	1390
2078	2521
2969	3220
1576	1682
3661	3737
2807	3010
2563	2590
2020	2257
3120	3198
102	263
1574	1773
3286	3324
2364	2585
2064	2069
2739	3410
1965	1975
2199	2259
1623	1721
2103	2395
2712	3299
3026	3232
1796	1902
1021	1322
2101	2537
1175	1851
1351	1554
2111	2294
3035	3434
3576	3611
1912	2523
3440	3780
1360	1567
526	1620
1035	1246
2220	2244
1130	1712
1427	1790
2296	2379
2326	2561
1207	1256
2974	3054
1593	1787
1536	1807
2174	2246
2033	2625
2070	2126
2948	3301
2766	3025
1966	2601
2800	3090
3448	3633
1289	1730
3296	3302
107	1523
2723	2901
1391	1877
3111	3224
1993	2090
1472	1807
2839	3362
2253	2348
2905	2909
2363	2573
3674	3788
2250	2616
130	329
1589	1761
1946	1966
1064	1596
2716	2859
738	795
1932	2589
922	1449
2031	2270
1275	1672
3042	3257
2052	2498
2223	2372
2299	2638
1793	1796
1116	1269
277	294
2054	2512
3475	3842
1601	1880
933	1103
2039	2169
2460	2600
2340	2433
1324	1729
2241	2250
1929	1984
2354	2560
2485	2638
1951	2583
1304	1308
2906	2966
1945	2280
1004	1524
3148	3403
1795	1839
2331	2602
1318	1878
997	1361
1041	1739
1410	1676
3252	3267
1006	1242
1912	2145
1929	2275
913	1881
395	544
2324	2326
3050	3171
1561	1852
1391	1791
2244	2630
1281	1282
13	332
2369	2414
1341	1665
3353	3434
2064	2376
2334	2449
2139	2331
1099	1508
627	650
395	463
2005	2611
2088	2604
271	298
514	517
2773	2977
194	204
2446	2477
2279	2436
1966	2478
980	1610
2201	2464
1242	1888
3733	3861
3490	3549
1124	1609
1979	2563
2290	2356
3633	3968
2125	2304
1793	1864
1083	1160
2087	2305
1101	1370
2186	2277
244	282
1219	1437
1459	1661
382	452
2869	3347
2786	2994
1927	2620
1222	1753
2369	2543
161	199
1352	1580
1966	2429
641	1113
2102	2475
1622	1663
2154	2172
1287	1800
2018	2647
2081	2597
3190	3221
1172	1768
1488	1610
62	276
2900	3233
959	1160
2155	2235
637	1464
1533	1747
2095	2552
1334	1570
3527	3557
716	849
1284	1392
915	1142
107	1015
3722	3850
2043	2276
1912	1994
2753	3291
1963	2573
1447	1542
2088	2484
1584	1683
2883	3043
3663	3713
3802	3921
1352	1861
2115	2495
2069	2154
3480	3734
178	329
2153	2396
2213	2602
1235	1350
2913	3054
7	339
1052	1259
2241	2508
2636	2639
917	1469
3004	3324
2601	2646
1148	1231
2030	2376
1469	1664
948	1878
3672	3877
2333	2338
2189	2653
1118	1601
2077	2136
2856	3349
2074	2370
2083	2150
1920	2134
1078	1287
1139	1236
2036	2288
2755	2987
170	285
971	1282
1272	1367
3868	3912
374	461
440	493
1932	2420
1447	1612
2408	2542
2092	2584
1421	1615
3487	3504
1189	1469
129	291
1666	3020
1757	1833
2949	3126
2068	2445
1335	1864
1117	1331
1999	2171
3584	3646
1029	1483
2239	2372
2040	2556
1187	1593
1963	2553
1994	2196
1718	2071
1985	2539
2525	2641
2163	2543
1376	1609
3049	3206
2317	2540
1563	1621
1306	1624
1993	2551
2728	3420
2450	2558
2132	2235
1966	2309
348	363
1213	1507
1968	2009
916	947
2176	2318
2083	2504
2242	2540
2978	3010
2169	2475
905	1422
2115	2414
1648	1733
2468	2543
2905	3184
1198	1683
1367	1610
1136	1698
2638	2646
2293	2398
2137	2143
1079	1800
483	1114
620	654
925	1888
2986	3000
2030	2046
976	1679
2982	3008
203	271
2994	3135
350	426
3497	3658
2125	2151
1943	2638
3697	3858
2142	2334
2129	2644
3990	4025
2108	2164
1580	1604
1086	1418
107	1736
280	290
1390	1524
2058	2123
1929	2059
3247	3351
504	513
3061	3081
2121	2184
1246	1807
1714	1735
2331	2352
2765	2770
3693	3841
2174	2183
1539	1584
2786	3387
2184	2189
2268	2330
2901	3351
1390	1523
1272	1800
1684	2746
2060	2278
3198	3385
3232	3301
2499	2526
2306	2339
1605	1741
7	340
1199	1810
0	7
2664	2910
2046	2059
1668	1833
0	29
2391	2478
1376	1416
2266	2619
1086	1416
925	1449
1086	1143
1645	1801
2834	3283
1916	2368
2686	3002
3605	3948
1979	2093
2143	2649
3528	3596
2020	2340
3197	3321
2104	2118
356	411
1993	2395
1392	1636
1983	2619
1361	1868
2201	2604
3084	3166
3437	3448
3005	3150
2095	2369
598	680
170	290
1009	1636
932	1172
3841	3851
3074	3147
2081	2328
1985	2586
2378	2459
66	308
1932	2289
1078	1285
3506	3969
949	1226
2124	2218
1017	1662
1358	1673
1577	2302
1040	1285
2404	2560
3085	3228
348	530
2136	2539
3223	3285
2461	2555
561	606
595	643
1390	1420
1986	2200
3745	3812
2109	2131
896	954
1232	1371
479	525
2131	2210
2171	2364
1623	1707
2163	2399
2047	2566
107	1709
2661	3316
1401	1516
2112	2625
482	517
2833	3396
1578	1857
2719	2797
3590	3710
2213	2467
705	713
2289	2508
1431	1547
2211	2642
2104	2520
2005	2124
1185	1339
2482	2536
280	329
1480	1765
261	314
1242	1620
136	2511
1198	1344
3311	3318
2197	2540
858	870
3277	3391
1929	2103
1469	1739
1644	1819
2190	2428
2756	2873
2718	3264
1060	1257
2131	2407
1717	1835
2154	2623
2220	2354
1675	1685
2136	2308
1976	2012
400	538
1344	1663
2045	2460
2811	3162
1622	1851
1184	1520
961	1505
3348	3426
1277	1454
2986	3036
1464	1766
1207	1879
2352	2600
1035	1037
1299	1469
1718	1948
1683	1888
697	848
2744	3385
1918	1962
2670	3008
1962	2275
2909	3026
1089	1783
2176	2362
2863	3132
999	1603
1086	1800
2969	3426
2266	2625
1512	1790
1390	1768
1107	1124
2367	2394
2271	2464
2296	2566
0	143
708	753
2069	2467
1338	1536
2689	3220
566	1673
1017	1603
2664	2966
1946	2546
1943	2078
2122	2381
2666	2877
1174	1251
1041	1070
992	1880
2151	2267
2716	2730
2009	2657
1173	1868
2275	2615
2666	3387
1230	1609
2365	2583
2992	3060
3565	3756
1204	1783
934	1376
997	1409
2067	2507
2007	2223
1138	1896
1943	2115
2984	3191
3136	3198
2183	2533
2823	3434
484	520
616	631
1912	2618
1070	1296
475	591
2904	3082
1070	1366
1995	2027
2680	3149
2664	2940
414	624
2047	2068
1936	2173
2463	2491
1939	2246
2356	2543
990	2941
1080	1545
1192	1515
2852	2940
1062	1630
1456	1800
3758	3937
376	417
2910	2927
2254	2594
2232	2333
1049	1191
1528	1613
1075	1110
2532	2604
713	724
728	809
2323	2359
59	239
3576	3824
504	521
1550	1573
633	653
2866	3149
3909	3931
1078	1621
2104	2140
107	1690
1662	1668
1718	2042
2241	2465
2725	2903
773	784
483	1473
395	567
136	2004
1912	1917
1124	1911
2176	2224
1983	2427
2777	2839
1918	2546
995	1409
1380	1746
3175	3194
1129	1298
903	1314
2728	3356
136	2629
2188	2370
2103	2428
1966	2308
3606	3727
1237	1420
2087	2512
2754	2864
1028	1768
1104	1894
2828	3170
75	323
3525	3950
408	483
774	784
1604	1768
1086	1861
1158	1277
1358	1543
1198	1707
1222	1393
980	1663
1271	1380
946	1835
3065	3195
2142	2369
1574	1763
971	1215
1584	1619
1067	1715
2385	2608
2939	3297
1185	1868
2276	2410
1173	1517
2107	2497
2043	2078
1011	1338
3634	3937
3437	3823
2706	2927
2257	2500
1222	1272
2199	2254
2339	2561
3563	3968
947	1717
1373	1812
2939	3094
1517	1613
1623	1736
2052	2053
1459	1591
3643	3903
1029	1059
1367	1746
3067	3189
758	817
2086	2244
1405	1851
3033	3304
2201	2233
2289	2589
2728	3241
3525	3577
2279	2472
2135	2143
2871	3331
2296	2325
3633	3824
2743	2931
1025	1794
2367	2537
1028	1603
1269	1480
3480	3693
1613	1753
2674	3206
2088	2122
1984	2410
641	1400
2161	2511
370	451
2410	2619
1402	1868
3558	3620
3437	3878
2235	2254
3547	3779
2393	2526
1125	1153
932	1685
107	1694
1946	2033
1201	1243
724	826
370	417
9	315
947	1867
3149	3232
2140	2392
2996	3117
2694	3387
1221	1857
1966	2552
1531	1781
1936	2047
2142	2539
932	1056
3450	3860
1019	1742
3082	3434
1094	1543
747	770
107	1586
1625	1844
723	826
3437	3798
2376	2464
2508	2608
1006	1826
3115	3150
0	107
3633	3928
2102	2224
921	993
1184	1877
1451	1894
2313	2358
2308	2520
1954	2149
2854	3363
2600	2623
1603	1791
2117	2637
2408	2477
21	280
2089	2236
2043	2550
2518	2519
686	756
2325	2588
1242	1795
2206	2299
3118	3386
1304	1355
3986	4000
2669	2966
2698	3064
999	1547
1377	1646
3120	3342
1912	2419
2037	2559
1321	1337
1912	1968
2862	3073
1335	1793
2062	2075
2563	2602
2353	2561
2220	2266
452	553
2180	2589
2974	3417
2150	2201
2140	2552
1962	2108
414	595
1431	1675
1765	1782
966	1199
2945	3073
2007	2338
566	591
2871	3299
3803	3890
917	1783
1986	2271
1373	1794
483	561
1222	1267
2673	3052
1620	1621
439	487
2759	2946
3452	3488
3680	3924
1198	1538
1181	1344
2369	2407
2661	3320
2154	2564
3448	3841
1083	1652
1196	1612
2365	2639
2220	2407
1513	1584
1577	2174
1124	1173
2240	2308
3182	3185
2867	2919
1124	1180
1748	1756
1041	1249
587	591
2020	2507
1014	1636
3011	3245
2356	2520
107	1181
2149	2475
1104	1611
3545	3755
1312	1888
455	500
2369	2462
1115	1284
578	665
597	684
914	1882
82	314
2264	2294
1307	1806
2240	2607
2974	3149
2696	2751
2010	2224
3468	3584
2330	2589
2282	2293
2148	2153
107	1185
1374	1692
2084	2369
2894	3411
997	1191
2045	2218
2054	2196
2234	2506
1966	2240
107	1544
1644	1659
1559	1622
50	113
2108	2359
1453	1743
2283	2332
2976	3272
465	507
1123	1501
400	567
3790	3832
107	1727
2832	2841
3867	3907
2719	3169
697	890
2217	2548
2190	2309
3101	3247
2134	2642
574	596
3493	3903
1142	1616
3593	3758
3860	3913
436	478
2463	2525
1985	2062
1135	1160
2757	3284
3177	3295
1462	1636
353	1529
460	506
1828	1848
2409	2423
1222	1330
584	639
2241	2419
3437	3939
1059	1851
3593	3718
2932	3187
2407	2646
3643	3951
3085	3348
2719	2785
2122	2546
2161	2304
559	604
3577	3642
2996	3277
2110	2384
2210	2244
2920	3426
2407	2613
1459	1576
1940	2149
632	643
3060	3132
1083	1662
8	91
353	537
1318	1549
407	490
1942	2218
966	1302
2240	2363
2083	2200
2918	3167
1804	1835
2109	2276
738	829
2069	2078
3049	3350
2069	2551
829	834
355	500
3550	3950
2102	2215
451	567
1929	2043
1340	1867
2086	2539
1988	2594
1953	2374
1247	1885
3000	3158
2690	3018
1072	1709
2864	3250
1148	1459
2694	3232
2137	2282
1971	2040
1616	1673
2810	2910
1613	1795
428	473
2271	2604
1191	1219
900	919
2087	2163
2751	3113
2309	2334
2160	2412
2666	3142
2958	3386
434	604
919	1871
2988	3022
1917	2142
2237	2543
2666	3149
1148	1284
1751	1848
2718	3335
2046	2229
1104	1423
1124	1659
2410	2625
3437	3818
2059	2428
2084	2324
3018	3100
2459	2658
1014	1396
969	1786
1938	2115
2309	2607
382	555
56	82
578	640
1684	3140
1227	1647
1983	2374
103	252
2109	2506
2293	2347
3740	3867
107	1899
947	1242
1535	1639
3232	3400
1591	1887
1564	1860
1017	1491
1375	1746
953	1040
2485	2646
2520	2542
1684	3369
2959	2982
719	829
1462	1628
2702	3337
1966	2074
2340	2495
2733	2812
1941	2491
1504	1672
2199	2224
1447	1793
658	661
2465	2609
1056	1078
1954	2594
1175	1312
392	566
2676	3056
3005	3017
2075	2479
1946	2326
1559	1663
2938	3369
781	784
1609	1675
1668	1752
2040	2326
3480	3799
2092	2429
3604	3869
2037	2564
136	2071
2118	2619
1380	1522
2800	2966
2121	2521
1502	1828
1530	1826
936	1114
2233	2278
966	999
2096	2432
2864	3348
806	850
3680	3955
1953	2172
2914	3253
2136	2376
479	511
896	1019
1938	2056
1192	1592
1205	1488
3464	3915
1577	1718
2098	2278
1683	1833
2062	2438
3525	3651
3027	3150
1597	1683
425	460
1014	1382
348	516
2071	2516
2141	2270
360	438
1039	1391
1985	2213
3051	3152
2123	2553
2048	2150
3018	3248
1128	1352
2002	2149
3035	3280
2095	2414
2706	3414
1576	1715
2149	2330
1325	1687
440	484
55	185
1916	1932
2306	2482
374	417
122	281
348	406
724	784
2224	2475
2729	3417
1684	3307
3179	3280
3768	3914
2086	2428
388	493
3540	3618
457	554
2339	2370
989	1231
580	641
1083	1816
1707	1714
2063	2623
917	1309
2005	2554
3120	3239
10	169
953	1768
824	835
1269	1460
2124	2409
3054	3064
727	766
2169	2463
376	1343
2694	3339
3523	3562
2191	2653
3087	3264
2435	2645
2216	2218
1983	2020
2854	3095
1938	2188
1405	3331
2283	2516
4007	4025
1431	1535
3072	3192
1155	1673
916	1827
2347	2418
1285	1471
1971	2482
1761	1791
2074	2601
908	1615
0	290
2410	2489
955	1788
2854	3362
3623	3810
2131	2507
107	1775
2905	3362
378	669
927	1811
1336	1447
376	487
404	561
2287	2323
3611	3731
2673	2706
363	507
1559	1683
2338	2347
947	1399
1589	1827
3087	3196
2047	2637
1482	1496
2326	2551
1502	1503
3628	3725
366	1400
3558	3782
2111	2232
1185	1612
423	475
1274	1708
3349	3353
2744	3255
2359	2484
2266	2354
1003	1689
823	843
3437	3925
3443	3829
1074	1888
1236	1634
2294	2533
2164	2563
3608	3867
1156	1488
2222	2501
1573	1716
2780	3219
2729	2944
475	1155
1070	1429
98	122
1269	1522
2145	2186
2118	2188
1153	1741
1730	1804
2276	2625
1172	1849
1912	2657
1323	1669
2138	2511
1166	1638
1912	2392
3471	3545
1070	1500
1980	2640
2074	2500
2604	2630
212	232
1235	1872
2284	2364
1360	1561
2661	2828
2088	2229
946	1757
1187	1615
651	1113
1985	2623
1617	1886
1614	1819
2467	2561
1958	2626
2071	2302
583	595
3486	3509
1226	1709
107	1844
3464	3777
2319	2511
2324	2655
129	339
981	1404
2914	3209
1066	1907
517	905
2104	2309
1312	1590
2194	2247
1010	1134
1718	2180
2128	2512
148	339
1370	1902
493	537
1160	1380
107	1733
3437	3452
1589	1603
3437	3542
1998	2364
2201	2482
2849	2875
2716	2780
2683	3257
1991	2284
484	513
3035	3419
2509	2518
2218	2334
1945	1955
1405	1835
3139	3300
1181	1816
2047	2153
2242	2325
115	144
960	1256
2210	2414
1973	2116
966	1491
1494	1588
2244	2266
2003	2501
1970	2243
1686	1704
2789	3084
3596	3858
2263	2431
3518	3604
1943	2507
2216	2354
2063	2586
2760	3432
26	257
1675	1833
2686	3111
2074	2619
579	612
107	1495
2247	2597
3017	3274
2398	2511
2331	2468
2331	2359
1110	1911
2122	2433
3658	3891
2989	2992
1912	2166
475	1545
107	1251
2593	2630
1123	1843
3449	3674
1953	2086
2192	2620
2683	2906
1926	2031
3017	3340
3437	3489
999	1211
925	1516
3026	3238
2060	2428
1688	1730
2233	2593
2218	2550
1539	1791
2749	2927
2386	2485
1916	2149
2128	2616
2007	2138
1849	1879
2148	2292
1653	1721
2213	2600
1280	1804
2240	2564
1184	1530
1243	1483
1437	1741
916	1092
2217	2375
1136	1866
1576	1596
1718	2616
2554	2654
1604	1888
1514	1740
2506	2553
3562	3594
2038	2436
2475	2629
2601	2604
3132	3330
1469	1633
1048	1391
619	644
3087	3365
754	848
2782	2854
2086	2407
3469	3604
2381	2407
1420	1827
2200	2631
2890	3348
1491	1617
25	232
2348	2593
400	506
2306	2414
2956	3220
3510	3630
1983	2607
2042	2133
2777	2786
136	1926
2324	2602
3475	3586
432	497
953	1898
630	641
2063	2625
1334	1589
2755	2920
944	1472
3564	3678
3120	3345
111	326
3320	3386
1483	1589
2121	2460
3528	3832
1475	1742
1598	1842
1622	1823
2220	2579
222	313
2409	2552
1953	2590
2327	2390
2095	2593
2334	2619
107	1769
1291	1391
647	670
1142	1446
1124	1255
3618	3873
2334	2526
2270	2557
2189	2347
3461	3930
1231	1292
2033	2374
1148	1292
3762	3902
1948	2465
1288	1352
2039	2273
2200	2276
1448	1655
1312	1485
1621	1668
936	1870
1289	1577
1305	1805
2254	2512
1684	2866
2363	2464
1939	2582
2807	3394
1320	1677
2081	2347
1479	1857
2087	2279
1179	1545
1230	1376
3577	3797
909	955
3214	3419
1148	1492
203	261
2976	3344
1192	1432
2055	2539
2414	2553
56	276
1048	1827
2324	2573
2010	2183
2921	2951
1129	1550
1246	1322
483	1425
107	1833
2404	2590
3478	3933
583	615
3000	3387
566	1536
2329	2615
1970	2247
2268	2555
1041	1630
1175	1637
1504	1699
2229	2638
1255	1551
697	726
1391	1845
2796	3422
2142	2638
1124	1172
3592	3626
3534	3829
2024	2636
973	1150
2286	2403
2901	2992
938	992
2299	2573
513	606
3964	3967
2039	2283
1465	2643
1160	1447
2947	2951
1636	1820
2461	2567
89	95
2370	2560
1156	1199
2038	2135
2153	2302
615	662
1128	1714
2889	2972
2875	2976
2888	3114
1018	1261
2299	2462
438	556
1570	1639
1609	1621
1926	2302
1003	1752
1621	1809
1376	1554
1066	1875
2153	2509
2676	2755
3363	3399
575	630
3631	3786
1753	1800
2499	2553
1159	1167
1684	2914
366	1658
2821	3119
1946	2376
2092	2288
1730	1765
2707	3182
3738	3915
72	212
118	261
2680	3174
1361	1730
3214	3383
1191	1359
1938	2507
921	1312
1663	1723
2936	3038
1259	1815
1018	1148
901	1097
637	1189
3740	3907
1036	1192
1091	1457
2258	2477
1060	1903
1997	2030
367	491
1195	1669
1298	1381
2258	2575
2750	3226
981	1862
1345	1661
2753	3145
2920	3213
1842	1879
1424	1837
2064	2078
1918	2200
1684	3189
3677	3797
483	976
1324	1742
1610	1675
1211	1768
957	1475
693	726
1957	1973
1318	1744
1334	1835
3672	3838
2007	2325
1282	1871
414	628
3564	3878
1148	1720
2229	2520
993	1467
2201	2307
2233	2299
498	532
134	203
2275	2428
2226	2367
3833	3900
1243	1559
2172	2526
2072	2338
2327	2468
2686	2950
2492	2600
2555	2599
2973	3291
1014	1273
1170	1495
1993	2354
3117	3302
2754	2986
1505	1528
3	72
3184	3414
1912	2602
413	445
1480	1666
105	119
2919	2944
1032	1732
1993	2060
1918	2190
2014	2648
553	560
2216	2407
1964	2031
2940	3232
1293	1305
1132	1153
3510	3869
3141	3354
2133	2511
3804	3830
2521	2654
2821	3413
2664	2909
1945	2151
2183	2518
1377	1881
1010	1703
2554	2607
592	644
2223	2268
2356	2655
1643	1833
2510	2598
567	3454
2007	2468
1912	1996
2871	3038
1282	1454
2304	2594
3692	3712
1440	1590
2077	2093
1241	1783
1684	2983
1577	2333
419	513
483	1744
1689	1753
2356	2551
1321	1863
1508	1786
3448	3495
1156	1612
2184	2237
3019	3100
3076	3347
1202	1858
2542	2560
408	526
2468	2578
1912	2313
3633	3654
2169	2616
3873	3877
2133	2343
2095	2165
2499	2611
2410	2433
419	440
3041	3360
1126	1617
2840	3377
1517	1622
2786	3228
1420	1675
1979	2278
1267	1530
1992	2401
973	1272
3728	3735
3060	3201
2102	2384
1177	1436
2937	3298
2090	2140
2927	3348
1556	1886
2381	2446
3734	3873
917	1812
561	567
2253	2654
2045	2410
977	1306
3019	3062
701	713
2349	2622
3154	3391
2133	2653
2086	2323
1153	1845
2369	2506
1714	1849
3021	3252
2109	2433
2111	2117
2676	3047
3038	3260
1951	2024
2020	2586
2054	2148
973	990
395	538
1736	1799
107	1569
1431	1819
2233	2339
797	820
1333	1648
2078	2404
1230	1290
2131	2218
2124	2131
1663	1813
2172	2578
3070	3140
2275	2324
1824	1848
1601	1784
3571	3757
817	830
2045	2356
971	1850
1113	1645
41	140
2806	2912
951	1325
2828	3049
3140	3380
2002	2199
3529	3956
1985	2290
3046	3089
2058	2623
2052	2151
3082	3277
2827	3284
2081	2302
946	1003
2904	3341
2309	2430
1621	1675
1004	1662
2956	3433
1337	1909
2159	2657
493	512
3663	3740
1495	1894
2111	2589
1606	1740
1191	1393
526	1688
2347	2600
2715	3365
2205	2416
1146	1230
1707	1902
3764	3881
2145	2566
1979	1983
3252	3265
1350	1432
3219	3255
2968	3161
2069	2532
1011	1472
2795	3148
1021	1893
1255	1467
488	553
1446	1574
542	553
1160	1793
2226	2246
107	1287
1995	2346
0	96
1985	2115
2959	3423
1062	1343
2201	2485
2543	2600
1962	2536
1538	1800
2349	2486
3072	3368
1153	1456
1029	1330
2142	2604
2056	2624
376	507
2526	2552
107	1215
2116	2660
1912	2231
2045	2578
1211	1390
2575	2586
1684	3225
3443	3582
2749	3056
1185	1789
1912	2196
2797	2894
2143	2187
2648	2659
1768	1795
2056	2098
1160	1470
1608	1800
1684	2901
3464	3724
2093	2401
3108	3284
1280	1791
0	338
1943	2275
2471	2582
3713	3722
26	186
2020	2088
2028	2102
2395	2460
2244	2418
3980	4008
2003	2642
2132	2243
3576	3756
916	1079
3063	3155
1997	2123
1997	2348
2404	2625
1110	1609
1339	1659
1086	1516
1269	1399
3002	3162
718	823
3210	3411
1976	1999
3483	3724
1056	1238
2925	3040
1682	1884
1991	2365
1457	1610
1471	1663
1505	3245
1598	1793
3052	3384
3113	3327
2078	2307
1941	2078
1938	2323
1728	1764
0	209
2189	2292
2724	3018
1100	1573
370	506
1684	3166
1970	2493
483	497
2143	2597
3684	3877
947	1613
53	266
2507	2593
2843	3385
1126	1470
2299	2631
2092	2602
2016	2024
2253	2446
1794	1881
2395	2532
3086	3346
2163	2344
1656	1684
3363	3417
3039	3111
1122	1844
2053	2187
3437	3967
1941	2619
1090	1244
2783	2984
1405	3406
1269	1833
2133	2474
2040	2506
2347	2522
2229	2404
3145	3381
2729	2821
2025	2633
1609	1813
3269	3400
1335	1483
3186	3191
1345	1859
1917	2073
3576	3902
1048	1621
1471	1621
2893	3374
1768	1900
2674	2778
103	323
1957	2061
1183	1630
2464	2564
2201	2607
2074	2624
2213	2244
1684	1758
3501	3884
1598	1613
947	1799
2037	2098
107	1565
1993	2040
3060	3140
1340	1623
1331	1341
2032	2419
1456	1604
2187	2502
3511	3671
2142	2307
136	2264
2867	3363
932	1370
3363	3433
2176	2525
1644	1746
2110	2537
2967	3234
2111	2390
2323	2370
1462	1899
2698	3142
3038	3224
1146	1842
2170	2444
492	604
1965	2557
398	536
107	1475
2052	2598
3629	3867
3557	3635
953	1199
2118	2578
2228	2397
2765	3101
2005	2043
2268	2571
2173	2314
1187	1588
2701	3287
708	890
2283	2603
0	85
1972	2202
3096	3284
1302	1331
606	1320
2124	2376
2384	2609
2030	2462
2953	2988
2607	2655
107	1033
2874	2928
442	475
577	627
1634	1699
2686	3075
2077	2428
2560	2619
1927	2018
2754	3426
1921	2378
1632	1827
2150	2348
1918	2564
186	203
1399	1530
107	1167
3437	3472
1800	1809
2146	2659
1557	1632
2890	3435
3492	3756
1288	1336
1399	1522
2122	2370
2475	2555
107	1865
1993	2172
1109	1507
2749	3078
2258	2520
3826	3976
688	805
3525	3968
3293	3384
1986	2495
2218	2560
2849	3027
3710	3862
1313	1660
2268	2533
3021	3316
1684	3198
2164	2613
2342	2562
1676	1705
779	840
1912	2594
2229	2433
2104	2484
236	314
3823	3927
2919	3054
741	827
2073	2433
2348	2573
2443	2478
438	456
1598	1800
1101	1839
2802	3397
2665	2730
1156	1517
2275	2489
3437	3482
1783	1807
1291	1589
1222	1620
2781	3049
1370	1604
1757	1761
2341	2361
1376	1643
703	828
1107	1612
2339	2404
598	609
2038	2642
3476	3975
1684	3328
1327	1337
2257	2374
2516	2643
2196	2282
2275	2573
1916	2283
609	619
995	1173
1139	1338
3719	3924
2090	2468
119	261
420	1311
2190	2374
109	304
941	1404
2363	2625
1267	1730
1938	2446
2194	2609
2053	2592
1267	1839
2368	2582
2362	2637
2244	2290
922	1312
2069	2229
107	1509
2261	2655
3195	3363
2762	3255
483	1427
3463	3591
1569	1745
2807	3231
2786	2810
1341	1390
960	1132
2127	2471
2676	3304
1997	2464
3152	3274
1367	1617
1447	1584
1136	1328
1305	1467
2045	2404
1925	2625
2194	2461
1470	1888
2223	2295
2148	2289
1934	2523
1377	1604
913	968
250	252
1238	1589
1538	1833
1629	1837
2301	2570
2090	2326
2904	3267
104	109
1966	2271
2179	2206
1971	1984
2172	2352
2738	2931
2897	3004
2274	2384
2161	2473
1159	1412
1086	1375
2758	3154
2292	2560
1939	2396
3000	3029
2056	2309
2844	2894
2200	2575
726	760
1483	1498
3611	3938
3442	3713
1139	1170
2074	2309
1132	1874
2136	2229
2027	2171
1959	2072
3060	3381
526	1754
2191	2302
1181	1198
1222	1772
475	930
110	259
2342	2371
427	464
896	1379
2081	2128
2233	2623
2968	3011
3154	3379
363	368
1684	3083
1181	1340
1189	1415
3064	3348
1279	1691
2820	3295
2407	2408
703	809
2072	2384
2802	2863
3873	3902
1551	1623
937	1785
1467	1685
2467	2564
2369	2492
107	1398
2196	2344
2188	2619
2213	2278
1086	1754
200	323
1110	1620
1984	2352
947	1126
1971	2395
1946	2164
3612	3836
2970	3411
1939	2643
1975	2411
944	1070
952	1557
2111	2282
1396	1732
2299	2655
1318	1332
2874	3384
2928	2977
2908	3220
980	1377
2180	2189
645	646
1330	1456
2706	2891
1322	1720
3194	3320
637	1060
2237	2600
2279	2512
199	223
2992	3267
2218	2546
2753	3240
947	1597
2423	2492
1536	1629
1370	1522
2257	2376
1580	1861
2573	2630
2052	2054
397	458
107	1427
2066	2133
1124	1222
2231	2523
2073	2139
2356	2423
930	1870
1467	1765
2223	2582
2689	2974
2410	2563
3601	3768
1998	2346
2064	2352
2743	3036
2244	2381
1645	1677
428	683
3437	3979
2713	3391
2026	2629
2785	3072
1149	1659
3174	3387
2033	2638
2302	2462
3111	3172
1431	1845
2083	2257
127	309
1941	2518
3001	3159
2454	2478
1684	3051
107	1510
2096	2243
1668	1800
0	264
2386	2553
1390	1597
1048	1614
1997	2063
3851	3968
2053	2235
3014	3029
2261	2359
1688	1724
1941	2355
1352	1622
1124	1800
2777	2911
2139	2604
2898	3327
1275	1703
1391	1557
2742	3041
2138	2187
1193	1585
2684	2976
2593	2654
2750	3040
830	853
3590	3705
1126	1522
2559	2607
1190	1899
1938	1966
2060	2244
2222	2243
2200	2356
3104	3137
2020	2115
391	414
414	573
2232	2635
2458	2543
2694	2839
1684	3327
2165	2460
1191	1663
2058	2586
641	1358
1927	2657
1800	1835
2946	3302
1124	1570
1925	2586
2574	2602
1298	1591
1621	1791
3277	3378
828	835
3641	3933
2377	2512
1160	1243
2796	3350
1075	1614
56	271
2720	3038
1530	1823
3466	3469
2414	2464
1929	2624
1229	1611
993	1799
348	509
2090	2290
2181	2412
2821	2966
3320	3353
1014	1508
2261	2507
2428	2611
2936	3320
2007	2417
2464	2654
2206	2655
2793	3291
254	330
2381	2495
2394	2608
2796	3016
1077	1171
3509	3951
2844	3072
3437	3739
1613	1800
2782	3078
3980	4007
2201	2624
999	1804
107	1164
2323	2392
3810	3947
414	598
2717	2867
2164	2495
3604	3672
1511	1825
2264	2498
1124	1902
3036	3080
1049	1888
2932	3253
2516	2582
2983	3012
2991	3239
412	487
2331	2500
2354	2578
2339	2520
2223	2463
2033	2123
963	1548
2150	2324
2741	3193
3514	3611
2290	2395
2069	2602
738	745
1986	2309
591	645
2299	2464
1221	1515
1184	1522
706	745
1665	1714
2417	2594
1516	1584
2754	2988
1943	2504
2777	2897
3800	3830
2405	2412
430	456
797	849
2071	2333
3115	3259
2352	2374
1180	1868
1929	2326
1606	1870
2102	2187
1366	1525
2212	2554
1380	1457
1963	2233
0	307
2828	3113
1458	1480
2097	2192
348	491
1059	1632
3196	3418
1568	1837
921	1643
906	1888
31	142
3132	3397
1217	1366
2835	2874
2965	3298
2410	2423
1459	1550
1982	2522
713	780
1172	1256
2203	2588
2123	2257
2674	3277
475	483
1993	2104
1267	1643
3273	3346
3085	3129
1912	2292
1577	2582
2040	2045
1267	1768
2337	2365
2869	2881
2839	3085
355	452
2433	2607
1782	1826
1047	1609
2985	3052
3584	3719
1557	1789
1060	1591
369	455
2117	2543
1159	1525
1757	1793
2164	2200
946	1614
1957	1995
414	556
1227	1277
2225	2494
2410	2526
1250	1839
2970	3120
697	760
2040	2423
3154	3179
2143	2343
2711	2758
2306	2559
2088	2482
1689	1724
2206	2418
2192	2435
1639	1782
2731	2821
2097	2538
1078	1902
517	1677
3437	3630
1256	1509
2108	2492
2313	2322
2165	2586
1718	2203
3826	3896
2765	3397
2112	2477
2084	2407
2679	3364
1997	2414
1983	2464
2241	2518
2349	2513
1684	3152
1993	2088
697	701
752	784
360	444
2669	2906
2075	2396
3104	3324
1536	1770
1912	2107
665	675
3089	3160
2095	2210
142	332
2347	2407
2229	2579
2111	2327
1406	1820
1750	1795
1003	1612
1302	1390
1079	1741
1563	1689
1128	1823
3556	3611
3499	3764
1427	1435
1912	2223
40	67
243	337
2038	2039
917	1260
3065	3174
3618	3734
107	1580
1420	1530
2799	3218
1603	1736
2140	2526
2685	3061
3104	3114
3518	3670
2210	2469
107	1390
2072	2347
2564	2613
366	436
997	1902
995	1813
1457	1488
1327	1435
3275	3292
2206	2354
1535	1811
1844	1897
2194	2329
1192	1462
1429	1828
1612	1804
651	1487
1086	1827
3113	3347
1665	1689
1215	1373
2032	2519
2665	3337
395	400
1912	2034
0	122
1282	1508
707	767
3472	3505
3101	3277
2960	2966
2068	2149
2390	2603
1079	1126
107	1065
2508	2567
2960	3022
107	1171
713	827
1051	1260
1286	1893
2140	2607
2590	2602
2897	2910
582	659
373	514
2033	2646
2357	2397
2077	2564
2734	2808
1331	1867
81	269
2458	2510
2154	2593
735	800
2793	3198
3172	3179
2862	2928
2745	2929
2464	2631
1972	2494
2323	2467
1600	1632
1969	2385
487	493
1584	1827
2220	2578
3633	3651
1939	2292
1917	2655
1290	1597
1576	1728
1481	1633
2008	2455
104	186
1335	1437
1684	2668
2749	2944
1288	1335
1391	1782
1565	1679
1623	1799
526	906
1943	2240
1184	1613
2448	2562
3738	3956
1523	1718
1121	1770
2390	2479
2420	2511
1995	2011
1431	1539
2751	2946
723	727
107	1344
3168	3273
1335	1580
2907	3417
2944	2953
3325	3383
2326	2602
3151	3214
2980	3267
1367	1516
3240	3421
740	770
947	1768
3706	3906
1989	2404
1995	2268
2458	2555
2037	2460
2024	2639
2053	2327
2154	2290
107	1862
414	607
1014	1347
1940	2589
603	619
2742	3199
1993	2559
2698	3284
2348	2619
2832	3016
1983	2290
1707	1793
3561	3604
1926	2187
370	392
2578	2615
3620	3900
1128	1272
2212	2460
927	1768
2240	2604
1983	2414
378	497
1995	1998
3224	3406
2500	2563
3024	3133
2045	2418
2038	2203
2045	2551
2128	2328
1416	1467
1370	1757
2172	2579
136	2445
2681	2782
1345	1576
2122	2354
2139	2600
1329	1513
414	615
2369	2601
1944	2318
2960	3324
2267	2338
1126	1267
1508	1638
483	1303
903	1895
824	844
3100	3295
2030	2139
118	203
395	669
2148	2347
2087	2642
2127	2330
3090	3158
1085	1687
1656	2883
1684	3058
3607	3747
2142	2261
980	1644
3056	3096
2095	2370
2833	3113
1917	2188
1566	1671
3604	3617
2220	2308
1228	1236
2075	2451
1925	2112
1589	1617
1159	1275
1632	1644
1934	2440
1912	2098
2042	2087
3756	3929
2340	2409
1329	1620
2108	2300
1951	2011
2194	2347
2033	2543
1614	1675
3519	3975
582	595
2172	2381
419	536
2729	2988
2786	2953
419	538
3026	3435
1485	1718
3527	3966
1471	1752
3674	3692
1033	1511
1622	1842
2464	2591
2778	3335
2102	2189
2040	2131
2047	2589
3140	3320
957	1190
1290	1796
2108	2290
2806	2880
2724	3210
995	1271
1135	1497
1405	1614
2172	2216
3854	3918
1098	1567
2800	3040
1397	1844
2331	2482
994	1192
2862	2988
2877	2896
1916	2282
1271	1826
1004	1707
1660	1766
2750	2969
1730	1845
501	564
2007	2489
2005	2409
983	1736
2109	2123
1184	1888
1985	2563
2323	2331
1366	1482
3437	3693
583	670
2088	2500
1612	1835
1718	2068
2135	2351
2087	2117
1329	1407
983	1793
2188	2307
1260	1709
2125	2333
2881	2894
1003	1827
1131	1709
373	561
2837	3257
1684	2878
2864	3119
1017	1149
1469	1869
1305	1617
2114	2119
3050	3296
2075	2110
2763	3228
1953	2395
2292	2649
1984	2433
1447	1685
2072	2279
1050	1822
1290	1700
994	1492
3596	3604
1920	2117
107	1345
1730	1768
1275	1310
3210	3302
2292	2294
1163	1886
2462	2604
903	1493
3505	3685
2283	2438
2683	2994
2340	2619
431	563
2185	2289
3610	3979
2753	3386
2068	2111
1189	1831
2078	2485
3437	3458
2115	2624
1948	2117
1912	2478
2028	2273
2665	2781
1465	2054
170	260
2729	2887
2480	2540
3296	3337
1622	1753
2153	2384
1006	1810
2159	2365
1929	2410
1953	2200
2059	2492
2132	2518
2376	2392
1940	2330
1380	1868
2602	2654
2123	2407
1431	1557
1675	1714
2920	3033
966	1040
3437	3729
483	1536
526	1630
2996	3307
395	428
132	277
2846	3299
789	818
2333	2603
2299	2323
2607	2646
2347	2575
694	829
2108	2356
1614	1689
3557	3938
1497	1813
1921	2472
728	780
2669	2913
2509	2510
2273	2643
1339	1816
1159	1258
1472	1815
359	376
0	30
2020	2560
946	1185
2135	2436
2679	2910
1121	1189
1577	2547
2276	2331
1238	1610
3106	3267
2276	2563
930	1318
432	438
2030	2630
1666	2968
1955	2333
1078	1683
2003	2328
2401	2486
1953	2073
2059	2324
2133	2315
2376	2553
2262	2387
1454	1706
2300	2631
2920	3108
1684	3112
107	1285
1355	1876
925	1796
1198	1613
2323	2430
1026	1172
2092	2383
2665	3327
3527	3902
1041	1624
1347	1379
236	272
802	806
1427	1801
3792	3951
2138	2194
2030	2190
3664	3918
3150	3297
376	547
2312	2384
0	313
2275	2376
577	595
368	456
1964	2189
1729	1893
2944	3108
2733	3152
1993	2573
1735	1867
2556	2625
3188	3411
2901	3380
934	1721
2943	3426
1225	1366
3101	3291
2579	2624
1929	2244
2154	2546
3043	3360
1459	1479
2754	3090
2760	2813
687	797
1707	1849
2261	2578
1985	1986
2074	2078
2347	2559
2708	2894
1947	1955
1026	1883
1014	1204
2322	2366
3636	3815
1685	1813
2172	2347
917	1906
1302	1757
1079	1209
2841	3171
606	1110
2921	3353
2573	2576
2278	2287
2669	3228
3624	3806
2302	2351
536	545
2410	2464
2266	2307
107	987
1684	3131
1925	2058
2072	2203
1971	2536
439	451
1231	1812
3674	3756
3636	3907
971	1783
1341	1736
2384	2465
2220	2307
3168	3366
107	1372
2201	2276
3564	3719
1425	1801
2376	2485
1449	1735
2414	2428
1491	1839
3195	3426
1620	1707
503	527
2946	3173
1742	1848
3442	3850
1009	1322
2073	2575
2323	2551
2072	2629
1335	1352
2275	2593
2676	2943
2116	2636
1361	1470
1966	1993
1943	2172
2037	2500
1609	1902
2182	2242
3437	3758
1076	1078
1429	1502
1059	1211
1214	1613
2220	2507
917	1681
2825	3365
1048	1722
2183	2292
3198	3434
3493	3810
2226	2434
1994	2510
2187	2510
2041	2342
1352	1811
898	1282
1160	1663
1146	1685
1612	1768
2266	2560
2126	2283
2150	2489
2174	2254
1184	1620
1971	2216
2344	2582
2007	2072
2519	2582
2827	2916
515	557
2748	3274
2877	2985
3437	3930
2107	2160
1827	1886
466	531
1873	1899
686	743
2150	2619
2910	2940
1128	1391
2354	2615
2716	3015
3826	3947
1169	1428
1056	1712
2098	2625
2032	2081
2863	3021
2739	3168
414	616
2352	2564
1187	1553
2087	2292
1255	1891
3528	3930
2755	3033
2754	2945
2717	3387
2810	2927
932	982
2680	3064
3442	3597
2058	2594
1275	1630
348	424
1437	1849
1390	1665
1352	1608
1912	1964
1172	1804
655	657
3005	3403
271	332
952	1663
1149	1612
2977	3104
1097	1468
1360	1410
1086	1830
2331	2601
1122	1543
997	1101
2194	2325
3342	3421
2912	3363
3025	3238
1471	1603
2539	2604
107	1034
1075	1795
2551	2554
1227	1706
2103	2546
1391	1604
3486	3870
3174	3426
942	1018
2325	2416
2862	2910
3815	3867
484	1114
417	428
2936	2989
1185	1341
323	332
1714	1769
3162	3255
2786	2988
2112	2115
1790	1878
1528	1724
1222	1589
2137	2510
2142	2407
1509	1827
2669	2905
1329	1376
3577	3651
2188	2430
3582	3752
2121	2607
2460	2560
2151	2419
1204	1871
3657	3819
1312	1621
394	601
1917	1938
3488	3790
2719	3116
968	1540
107	1277
688	766
2039	2189
2259	2445
1431	1614
2180	2264
2047	2419
2111	2649
3510	3931
2738	3294
3131	3251
1212	1831
2977	3166
1215	1489
3437	3679
432	545
2307	2607
3316	3344
1587	1680
2122	2593
2235	2415
2005	2433
2180	2543
1271	1619
3529	3726
978	1086
2169	2194
2927	2943
2765	3351
3095	3139
2139	2370
952	1717
1163	1516
1156	1401
1680	1871
2220	2504
766	849
2292	2653
1920	2246
2023	2129
697	842
3207	3241
725	771
3524	3602
2123	2554
360	520
1912	2655
1663	1772
2151	2510
2000	2192
1989	2631
1222	1570
348	562
2213	2276
3475	3902
1335	1730
620	644
1920	2319
982	1006
2446	2574
225	278
1771	1827
2096	2438
954	1373
1383	1594
3016	3082
1970	2452
981	1872
960	1471
1083	1589
936	1179
2340	2352
2074	2090
2662	2830
1031	1165
2220	2275
2670	3318
170	211
1056	1584
1966	2142
973	1327
1472	1650
2189	2598
1963	2290
1161	1561
2463	2512
1056	1205
1999	2143
1577	2138
2047	2248
2002	2268
2142	2393
805	829
26	298
3656	3677
2033	2275
3578	3838
1184	1367
1979	2290
3490	3894
1126	1753
953	1800
1984	2329
2712	3070
1613	1665
1973	1976
85	176
57	302
1104	1279
1050	1564
2550	2625
2863	2901
2299	2300
1083	1271
2290	2646
2083	2654
712	768
1174	1676
1082	1192
2578	2604
703	823
1059	1250
1453	1575
3713	3715
916	1547
2310	2416
716	718
107	1131
1496	1681
1149	1796
3500	3967
2007	2196
1079	1584
577	662
2459	2640
1912	2094
1230	1269
2601	2638
2092	2147
361	555
107	1557
3615	3636
959	1271
3043	3093
2047	2411
3391	3434
993	1376
946	1752
1547	1737
1129	1231
1107	1269
1391	1795
3509	3706
1554	1849
3842	3851
1718	2155
2326	2477
2239	2509
3486	3714
2966	3056
1433	1825
2369	2546
3090	3363
2267	2292
140	214
1920	2472
2103	2559
3819	3912
2030	2484
395	422
2309	2556
2117	2472
2877	2925
1913	2400
961	1088
2031	2588
1373	1727
2768	3020
3508	3776
402	523
2046	2495
1124	1191
1189	1259
544	570
2069	2550
2829	3068
1577	1994
1917	2376
1949	2277
1392	1462
2033	2578
1927	2171
3864	3911
1736	1833
995	1665
2661	2876
368	493
1712	1879
1211	1799
2111	2189
3002	3086
2863	3258
1101	1556
924	1141
2190	2323
1707	1816
1409	1604
1995	2435
1	133
3692	3841
708	781
1156	1256
1460	1662
2901	3206
1912	2590
1366	1630
966	1351
3007	3371
25	188
1035	1646
2661	3116
927	1750
2679	3158
2410	2478
2424	2587
2023	2193
2324	2623
1966	2090
1214	1902
374	456
2340	2553
1983	2469
2043	2324
726	823
127	284
1127	1709
2666	2905
3381	3434
1608	1617
1993	2624
3674	3948
2086	2492
2110	2222
2507	2604
352	517
2384	2588
2978	3059
927	1799
1146	1796
1198	1488
58	3003
1269	1334
1587	1628
1164	1377
2863	3267
1290	1407
1376	1879
635	675
491	548
1538	1780
2664	2786
353	1514
2666	2906
3069	3162
2118	2477
2074	2271
297	324
2236	2523
1623	1879
686	711
2755	3339
988	1873
2874	3417
2446	2611
975	1899
3040	3426
2164	2278
1217	1910
1078	1653
1945	2135
1659	1717
905	1114
3437	3977
1298	1404
650	658
1925	2206
107	1600
2925	3085
1217	1897
1669	1746
2994	3149
3048	3178
2139	2308
2164	2492
107	1771
2698	2966
2307	2655
3218	3354
1078	1256
1973	2319
3021	3297
1976	2583
1026	1570
1979	2590
2309	2433
2936	3291
2347	2451
1971	2275
414	637
354	555
1542	1665
1997	2546
1598	1816
1432	1899
3631	3903
20	44
1389	1663
2334	2575
2199	2283
2914	3276
1017	1250
3455	3498
736	746
1132	1605
1948	2351
2611	2638
2852	2916
1920	2054
1447	1849
1011	1624
2123	2552
2047	2366
2763	2912
348	553
1309	1495
1107	1289
1993	2074
3437	3931
2216	2370
2078	2407
3532	3617
2007	2218
122	186
917	1241
3638	3918
2786	3324
3656	3830
2661	3007
2920	2969
374	507
69	236
3769	3977
1257	1345
438	645
1804	1816
1684	2798
1049	1827
1945	2642
3160	3240
2132	2594
2867	3243
1173	1280
348	472
1983	2324
1941	2510
2398	2451
366	1490
476	501
1182	1835
2007	2067
1370	1612
3792	3924
3207	3371
2894	3280
754	824
1684	2835
2780	3136
3116	3431
2679	3054
2326	2539
2190	2240
596	1650
1677	1844
492	506
2664	2929
2777	2985
3107	3340
1205	1793
1255	1447
3784	3896
1006	1125
2324	2550
2784	3219
2939	3148
3794	3909
524	567
1536	1906
1279	1728
1605	1843
1015	1100
3262	3350
2276	2339
1467	1612
55	200
1377	1497
1280	1723
3082	3145
1068	1644
2077	2376
1113	1763
1543	1677
3140	3302
3041	3299
2849	2939
1774	1799
2083	2165
1535	1717
2093	2216
3038	3302
2464	2624
2037	2414
2720	3076
1684	2872
3110	3313
2174	2289
2032	2635
2573	2607
1596	1628
1684	3218
3793	3825
2139	2154
3301	3387
1163	1619
2090	2131
1217	1487
497	557
1067	1192
3842	3938
2348	2521
2351	2616
1479	1893
1551	1621
1288	1663
2920	3117
1006	1603
422	619
917	957
2047	2242
609	620
966	1832
1184	1643
2462	2550
2332	2510
2780	3335
3101	3179
354	452
1528	1827
2579	2625
2299	2551
1915	2341
3196	3327
3712	3938
3008	3318
1948	2294
2133	2242
3449	3618
3140	3219
1377	1811
1352	1757
1622	1643
1132	1341
2125	2243
2837	3030
1468	1880
2278	2559
2149	2398
1947	2274
2165	2172
2949	3155
2355	2384
1184	1823
1047	1734
2753	2793
0	166
3604	3915
1288	1402
934	1668
2025	2657
1078	1662
954	1732
2847	3341
3456	3596
3101	3316
420	1692
366	1574
1040	1069
1163	1610
1388	1722
1945	2199
1533	1880
2907	2988
79	200
694	828
2240	2244
2916	3085
2081	2479
3080	3388
2118	2359
1122	1744
2313	2443
414	622
1153	1288
348	469
2507	2573
2362	2416
2429	2543
975	1655
2218	2542
2020	2363
1181	1886
2864	2956
916	1839
968	1794
2778	2853
2377	2537
2101	2110
3602	3945
3051	3102
1986	2121
574	621
1772	1888
2241	2343
2829	3077
1059	1340
1447	1730
2734	3343
2104	2363
3235	3397
2030	2037
1964	2517
2680	3085
2974	3339
2278	2460
1255	1471
1459	1680
3069	3140
2661	2991
2839	2927
2754	3226
2199	2609
1431	1597
2683	3080
88	336
2863	3252
1059	1339
2201	2329
1352	1516
1522	1609
2874	2915
2088	2172
3170	3377
917	969
2916	3149
1465	2372
1232	1787
1014	1257
1999	2365
2066	2517
2921	3345
2806	3213
3038	3212
2188	2363
3035	3391
2108	2586
1323	1530
2074	2356
1684	3197
2976	3378
2992	3240
2904	3360
916	1551
1242	1407
3150	3223
946	1004
1366	1496
348	1025
2743	2794
1323	1604
2164	2586
2143	2571
2415	2617
3297	3316
0	58
925	1597
2683	2943
592	597
2974	3387
897	1553
2001	2116
938	1363
2009	2268
995	1868
1287	1623
2278	2404
2264	2417
1932	2516
2664	2912
2026	2543
2162	2371
1217	1525
2800	3096
2423	2607
2123	2287
1927	2024
257	315
1167	1260
1004	1146
906	1376
2063	2275
0	273
370	483
2056	2271
615	632
1086	1622
1298	1423
1129	1277
2353	2499
1361	1714
2342	2456
1588	1593
921	1329
1003	1877
3759	3837
1437	1721
1172	1535
1017	1823
708	856
1239	1730
1427	1549
2023	2488
695	697
2427	2478
3790	3830
24	302
2287	2495
1207	1488
1756	1831
2046	2552
1391	1399
3034	3261
103	200
1912	1962
1020	1894
2408	2630
2290	2299
1966	2559
21	274
513	683
1175	1782
2549	2573
1488	1868
1020	1104
2897	2912
1929	2356
2279	2293
1067	1628
1920	2292
881	895
933	1742
1918	2339
1933	2317
1608	1637
2282	2533
3810	3881
2026	2451
1557	1835
2673	3004
1014	1894
2283	2302
1684	2739
2118	2139
2046	2266
1329	1639
1456	1810
2235	2608
993	1175
2266	2611
2154	2381
3656	3756
2624	2630
1597	1612
3437	3646
1926	2612
2043	2240
1684	3235
397	518
1926	2007
3500	3655
348	551
2662	3154
1291	1736
1018	1595
1021	1413
1163	1816
1912	2383
2189	2510
566	1320
107	1359
2037	2090
348	518
2940	3426
1958	2097
2352	2554
1684	2863
1039	1736
2275	2418
1917	2257
2150	2539
2562	2656
1298	1479
3758	3768
2020	2326
2108	2560
686	697
200	276
2340	2347
2833	3351
1542	1668
2131	2306
2121	2489
2925	3284
947	1639
3611	3851
2904	3016
2347	2500
3804	3884
2090	2604
1101	1804
1291	1813
915	1766
925	1125
2706	3052
3172	3350
2283	2292
1469	1866
3021	3332
1036	1573
391	431
896	1550
1212	1356
3514	3674
2925	3324
3498	3867
3041	3352
2142	2586
1912	2185
2032	2537
2074	2492
3080	3104
1107	1471
2088	2554
1014	1872
25	84
906	1730
615	659
3989	3991
718	803
2053	2463
2151	2512
2144	2451
1378	1880
3520	3667
2498	2610
3445	3538
1938	2165
2186	2406
2538	2659
2718	3187
698	872
3437	3459
2354	2423
1575	1885
3573	3838
1129	1583
1125	1610
1637	1851
1258	1634
1471	1909
955	1197
1216	1733
901	1648
1199	1746
1912	1918
1520	1768
980	1267
1298	1728
1532	1597
3710	3722
2049	2628
3593	3601
917	1899
1707	1721
2031	2406
3440	3842
378	414
2910	3108
1516	1735
1260	1725
2659	2660
1359	1741
2010	2582
2717	3065
1333	1378
1945	2292
1230	1361
2033	2482
2525	2637
2777	2928
107	1115
2135	2511
2224	2367
2694	2960
580	1427
1278	1344
1188	1634
2283	2468
2297	2633
2037	2370
694	845
3185	3396
2945	3433
2390	2501
1976	2024
2115	2290
978	1589
1101	1551
398	431
3495	3978
1963	2395
3599	3921
820	830
3749	3918
2083	2142
1940	2502
3545	3684
3339	3363
107	1573
3017	3225
1361	1741
3060	3185
2894	3253
3247	3330
3442	3977
3179	3182
3456	3938
400	487
1551	1683
2850	2927
2793	2992
1175	1652
947	1367
2737	2775
2020	2348
2013	2018
1048	1484
2123	2206
1153	1341
3051	3106
1107	1845
1684	2925
1927	2097
942	1102
3773	3850
563	569
2809	3030
2559	2561
2567	2653
439	465
2039	2471
1669	1842
2088	2395
3568	3866
2689	2867
1277	1820
1447	1722
2717	2986
1040	1712
1112	1242
2283	2333
3610	3732
1236	1633
975	1786
1085	3501
826	842
2753	2976
924	1703
2122	2278
997	1323
545	561
2782	2827
2785	3041
2005	2477
1107	1380
2347	2539
1671	1878
1236	1906
2142	2468
1399	1467
1285	1370
2683	3286
2864	2925
2131	2348
1330	1861
3514	3737
2	333
1126	1341
1036	1235
2260	2341
1385	1529
1577	2125
2087	2461
2449	2623
2353	2500
2343	2419
2021	2410
374	419
483	1454
2331	2340
1101	1402
1577	1618
2759	2820
3022	3149
2206	2521
1037	1549
1334	1377
2156	2424
1684	2691
948	1464
0	110
728	819
1323	1813
2060	2624
1407	1768
2199	2616
747	758
1979	2063
1267	1589
348	543
917	1502
159	184
654	666
1554	1827
1006	1488
1322	1345
2124	2275
1912	2151
1953	2104
2111	2336
2179	2464
1488	1547
465	567
1059	1789
2232	2327
2118	2495
2268	2588
3596	3962
2521	2543
2063	2370
497	559
1663	1888
3153	3428
1663	1721
2734	2923
1999	2620
3512	3533
1550	1578
2125	2247
3508	3698
2127	2617
1970	2110
967	1637
901	1733
2988	3084
3039	3199
1243	1721
1115	1647
1613	1683
1938	2623
1551	1811
3115	3411
2078	2212
980	1209
2762	3279
966	1083
2164	2276
1912	2353
525	545
2125	2282
2780	3360
2666	2669
2011	2284
313	342
763	804
1211	1302
1125	1191
2040	2220
2423	2532
1979	2542
2338	2533
2839	3056
2347	2582
2506	2602
1867	1888
2782	2985
2177	2294
1054	1752
1684	2853
1083	1851
475	546
760	766
1359	1772
3214	3249
902	1104
1918	2348
3331	3395
1086	1832
1912	2489
1621	1886
2264	2458
2512	2519
2099	2313
1113	1602
1864	1902
1280	1609
3111	3145
1669	1861
2157	2225
1335	1714
420	430
1159	1496
2201	2386
446	517
1222	1341
1449	1480
1352	1891
2270	2425
2103	2307
1989	2078
1986	2124
1987	2039
2782	3213
2607	2624
1669	1891
1125	1199
107	420
1959	2555
592	680
2299	2504
360	388
3490	3546
2042	2333
1452	1880
1479	1872
739	764
1018	1573
2232	2455
2169	2279
2078	2464
1021	1479
3481	3613
2296	2406
2863	2904
1981	2053
1420	1714
1290	1559
2240	2261
2187	2338
2095	2299
2233	2240
2095	2237
1985	2108
392	436
1110	1659
1437	1911
1557	1689
1509	1761
2135	2241
1358	1692
1954	2111
1371	1784
2862	2993
2090	2467
2675	3087
1984	2218
1547	1554
1083	1832
525	538
2172	2404
791	796
2278	2323
2285	2294
496	507
2123	2334
1799	1845
1990	2286
2180	2183
827	830
2815	3142
2052	2643
2244	2409
1083	1804
3040	3142
1452	1629
993	1341
1684	2926
1724	1816
3234	3390
3525	3851
3530	3673
2136	2370
1305	1485
2352	2354
3437	3957
3035	3335
1376	1589
3555	3829
1184	1509
2532	2552
1123	1485
1538	1589
2179	2309
1300	1740
2308	2601
3526	3629
2140	2370
3017	3377
1185	1603
1361	1542
1597	1653
647	662
1153	1156
1245	1824
3948	3962
2129	2628
2915	3117
1997	2381
517	976
1542	1832
2863	3051
1210	1692
3458	3810
1938	2638
1604	1800
1059	1600
1712	1863
2224	2344
3118	3412
2194	2629
1367	1757
916	1287
1465	2292
2083	2266
2795	3296
2676	2683
1391	1898
1917	2300
2593	2602
3762	3930
2176	2344
2059	2590
2410	2586
2443	2622
3082	3344
2264	2472
348	480
2	149
1630	1738
1571	1622
3789	3918
1230	1845
0	121
1250	1685
2946	3149
2543	2654
1112	1737
1047	1551
2909	2913
917	1052
1931	2025
1132	1207
2107	2145
2199	2338
2354	2418
1753	1769
2093	2131
2265	2291
993	1126
1577	1941
141	224
2207	2466
1598	1603
2913	2916
1227	1459
3395	3415
2102	2176
916	1182
2275	2613
925	1643
1570	1891
2261	2604
1536	1633
1006	1449
3557	3730
1912	2354
2304	2509
2936	3344
2247	2610
2054	2491
2521	2564
2911	3426
2064	2123
3292	3341
2946	2957
2271	2575
412	493
2681	2756
3460	3956
1337	1585
2022	2225
2510	2617
977	1249
2240	2625
1329	1563
2399	2466
2266	2550
45	221
1982	2235
2875	3320
1943	1971
1479	1583
2047	2543
1549	1844
616	639
1380	1879
2738	2896
1954	2143
2542	2611
1126	1584
1684	3323
941	1894
2263	2313
3170	3320
45	104
2069	2507
2467	2600
3040	3098
2179	2381
1942	2353
2268	2642
1918	2654
1086	1214
1012	1770
2090	2556
1006	1522
2266	2359
384	464
2779	3366
2247	2332
1359	1768
2210	2611
3569	3833
3852	3877
2323	2619
2103	2309
1222	1331
2326	2340
3800	3944
1172	1813
1048	1509
3667	3842
107	1588
2347	2506
1951	2061
1331	1612
2308	2478
3060	3378
3442	3470
107	1535
3442	3505
1517	1580
2943	3135
3285	3356
1913	2389
1565	1881
2800	2912
2059	2507
3449	3938
993	1557
1465	2642
2384	2531
2226	2598
1146	1886
3558	3768
3221	3275
2032	2445
2008	2152
2742	3132
1662	1809
2134	2465
1079	1278
2730	3264
1006	1370
1026	1827
2712	3280
1135	1222
1941	2598
2049	2082
2681	3085
2352	2356
2165	2212
1979	2624
1410	1825
2031	2362
1515	1820
2139	2307
2134	2268
2873	3387
1919	2346
1684	3261
2258	2404
1340	1516
1488	1619
3830	3926
1530	1608
2782	3250
2462	2521
2007	2582
2098	2300
2038	2239
1554	1877
2142	2271
2010	2384
2279	2396
2784	3349
1367	1839
686	820
1943	2655
3590	3599
1426	1680
3545	3830
1370	1723
0	238
1822	1905
1734	1800
1997	2331
2706	2749
1945	2054
1123	1196
422	657
2908	3426
2352	2353
2229	2409
1570	1663
107	1717
1938	2526
272	280
3442	3865
1280	1488
2172	2560
348	404
2416	2610
399	476
3437	3959
2118	2469
2323	2521
3027	3107
2347	2460
1784	1837
2307	2520
641	1425
1390	1608
1125	1367
3150	3253
1984	2551
1511	1687
3540	3556
2630	2631
3629	3815
1292	1691
2206	2429
3473	3871
3866	3947
107	1326
107	1381
2333	2498
1084	1519
2775	3346
1721	1849
1106	1630
1753	1835
3684	3721
107	1532
2905	3426
3980	4003
2115	2462
1250	1816
3817	3831
484	500
747	849
1589	1623
2719	3391
3154	3366
2062	2235
2121	2206
373	438
425	563
2758	3385
9	56
1036	1899
2275	2359
2399	2461
1970	2471
2027	2636
3640	3737
1647	1841
2149	2471
1335	1842
3219	3404
2773	2915
2083	2244
1044	1680
1024	1370
1230	1584
1117	1707
641	1374
636	653
1816	1827
2285	2629
2290	2446
3661	3948
2282	2338
1089	1507
2326	2600
2370	2607
2698	2786
3042	3237
1004	1399
2099	2358
200	223
2135	2196
2044	2602
1029	1804
1684	3043
223	325
3084	3384
2765	3252
308	322
2706	2777
2228	2570
2155	2475
1962	2386
2088	2142
3416	3419
1396	1820
398	462
1542	1839
2351	2461
1741	1816
694	812
2460	2604
1086	1180
1495	1595
1042	1536
720	764
2284	2346
1237	1313
754	821
3437	3935
1388	1768
1033	1698
2083	2103
374	514
1584	1845
2755	2993
1684	2897
2032	2176
1327	1702
1684	3248
3506	3591
1920	2608
439	520
1580	1842
1912	2595
2172	2469
1079	1849
2755	3284
1435	1539
3	122
3578	3670
2124	2352
1535	1609
691	782
2964	2979
1377	1513
2133	2198
1423	1872
1912	2106
2717	3096
2338	2377
1449	1839
639	682
3587	3967
1283	1641
1130	1501
136	2268
1263	1783
483	1490
2374	2495
2073	2347
52	192
2004	2659
1352	1898
1753	1888
1912	2132
2419	2498
3293	3435
1953	2624
1639	1891
2786	3029
1132	1456
2698	2913
0	22
997	1835
2561	2655
2104	2539
2339	2551
1369	1779
1074	1399
53	346
1918	2299
2779	3233
2914	3302
1275	1355
2184	2356
1235	1347
1312	1361
2440	2644
3177	3203
1997	2356
2907	3433
2127	2241
2045	2253
1483	1849
2763	3052
1217	1247
952	1621
1595	1893
2294	2525
2433	2551
451	471
916	1632
1158	1716
2347	2354
1288	1399
708	830
2313	2628
2730	2783
2384	2544
1390	1570
3038	3150
2355	2413
3550	3971
2339	2356
2585	2657
1185	1746
1912	2116
1953	2059
2843	2865
2866	3174
1944	2031
236	315
2340	2484
2063	2104
1380	1741
563	1745
2060	2352
2828	3102
1938	2433
2037	2179
2872	3047
2731	3036
2695	2920
2150	2551
2250	2273
2265	2566
2133	2416
2872	3040
3463	3861
3488	3824
2919	2993
2040	2308
2222	2384
2410	2578
1736	1864
1211	1520
993	1554
2542	2559
2757	3065
62	318
131	225
2213	2386
2059	2206
1207	1800
1021	1104
2911	3004
1056	1135
2047	2144
1554	1845
947	1302
3170	3211
738	794
1336	1449
1229	1459
1375	1620
1238	1712
2730	3327
2091	2411
1978	1990
2509	2592
2118	2625
254	266
1551	1604
107	1496
3509	3869
2973	3049
2047	2474
926	1409
2500	2536
400	417
3672	3797
2989	3355
1047	1557
3545	3596
1078	1467
2943	2974
698	776
2123	2623
2833	3239
3593	3931
898	1102
1376	1659
2996	3330
759	766
3462	3838
2150	2615
1351	1864
2510	2533
505	551
2913	3387
3244	3246
3299	3434
1259	1348
2083	2084
53	101
3060	3260
2304	2327
1017	1416
3332	3347
2151	2498
1416	1827
212	344
1985	2500
2190	2551
3596	3730
3115	3351
2564	2591
930	1349
2679	2729
366	1801
1916	2328
1504	1725
2669	3129
2326	2625
2696	2870
1302	1900
208	291
2117	2643
1571	1598
1420	1584
3616	3699
921	1393
1097	1802
3168	3405
2386	2521
1049	1752
2187	2543
1257	1576
1948	2247
2280	2511
2064	2386
1541	1904
3616	3932
1941	2042
1328	1687
1269	1331
967	1367
2342	2628
2839	3293
147	319
545	563
2065	2560
2492	2520
3172	3261
922	1590
1979	2331
1987	2138
2172	2237
2030	2172
694	754
1146	1175
103	136
3437	3754
34	348
3655	3776
2702	3275
1205	1331
2904	3017
1940	2028
484	1080
3197	3224
1123	1735
1665	1757
1441	1905
3014	3084
2164	2201
1912	1937
1367	1375
3199	3280
966	1449
2035	2091
1207	1449
2556	2619
1184	1557
1472	1500
2381	2615
2716	2797
2115	2271
1957	2097
1238	1888
2231	2497
2300	2464
993	1302
107	1449
993	1407
3082	3203
1946	2561
2709	2795
917	1338
417	445
1920	2582
2164	2188
3470	3753
2347	2521
1912	1960
2043	2154
3376	3425
824	829
3236	3253
1291	1750
2176	2304
2676	3363
2125	2594
2414	2550
1125	1665
3232	3339
2223	2598
2209	2525
3739	3912
2463	2649
2758	3233
995	1519
1917	2266
2109	2593
2161	2259
1993	2376
2144	2616
107	1346
1277	1899
1628	1873
3546	3963
1149	1250
3102	3132
1963	2077
958	1601
1918	2607
1714	1768
2109	2542
1638	1742
712	736
1190	1515
1377	1431
2213	2550
896	988
2928	2929
3468	3718
1684	3077
2841	3097
1929	2323
2131	2489
236	271
1941	2090
1523	1622
107	1890
348	499
2680	2835
2463	2509
637	1025
3504	3530
2216	2611
2139	2446
556	614
1080	1766
2793	3146
2052	2377
2673	2919
3731	3938
1190	1715
2220	2324
3101	3366
2071	2463
1173	1199
2727	3140
2578	2638
1985	2208
3643	3711
3252	3321
1277	1591
1947	2479
2340	2573
2663	3231
2073	2573
1941	2564
2211	2637
1983	2430
2352	2404
3022	3108
599	600
1577	2385
2003	2415
2104	2391
2352	2578
1358	1400
2009	2365
2464	2556
1425	1778
2880	2920
946	1207
1938	2484
966	1335
1329	1843
2865	3124
2161	2390
946	1024
1663	1746
2949	3020
1265	1376
1092	1250
2213	2266
946	1132
360	561
925	1209
1925	2553
2674	3101
2958	3011
2707	2778
2275	2550
1352	1523
2796	3347
1916	2498
1943	2123
1684	2734
3557	3604
500	614
2118	2334
2125	2642
368	412
1044	1158
2005	2060
2032	2508
1054	1717
2190	2409
1042	1634
0	260
2134	2643
1238	1809
56	238
445	460
172	231
948	1801
3146	3291
391	517
3097	3342
1757	1804
2077	2625
2551	2606
641	1616
1184	1737
2103	2433
2896	3363
1086	1377
3547	3548
2033	2532
2864	3284
1416	1833
2103	2290
2237	2429
999	1351
2031	2211
1971	2021
1097	1333
1684	2896
2109	2477
2084	2482
2233	2460
1516	1799
2328	2542
3107	3275
2913	3098
1196	1467
3605	3756
107	1526
2836	2840
3292	3331
1465	2543
2982	3423
2926	3401
3288	3332
38	141
1943	2124
2142	2229
1238	1730
2078	2619
2386	2604
2149	2368
3437	3659
938	1232
2331	2520
2753	3350
1047	1800
1926	2161
3000	3363
1997	2554
2125	2328
2347	2464
2047	2367
2135	2417
2873	2953
2955	3289
2468	2631
3035	3330
1684	2707
3123	3158
1120	1129
1482	1847
2823	2845
1912	2146
2710	2851
1932	2629
752	815
1092	1846
2753	3120
369	378
2461	2649
1156	1730
3680	3826
1337	1626
1278	1471
2552	2561
2140	2290
728	747
1684	3086
953	1390
2073	2340
1231	1426
40	203
2367	2612
1287	1367
1032	1473
2590	2630
1201	1551
1277	1715
1365	1799
1943	2484
2743	3435
1570	1768
1078	1243
1918	2573
1183	1686
2352	2624
3305	3374
3159	3168
2104	2307
2247	2516
3632	3787
2347	2446
2138	2189
2874	2940
3288	3411
1684	3186
2314	2540
1211	1377
2046	2324
3184	3193
397	444
2916	3064
3068	3366
3169	3201
2703	3314
376	450
1935	2389
1985	2033
1293	1613
925	1842
1584	1799
1221	1872
3734	3756
3998	4018
1970	2176
1376	1559
1465	2328
3102	3145
3101	3113
107	1362
2847	3173
898	1751
2768	3302
1718	2133
1329	1774
2064	2370
3253	3289
957	1423
982	1809
3797	3968
2708	2869
2103	2308
3107	3330
2245	2281
1323	1868
1598	1877
1126	1685
994	1630
2043	2323
1152	1703
128	186
2062	2243
966	1799
3252	3416
2078	2624
36	108
2022	2659
1076	1361
2484	2591
1351	1702
2027	2645
497	517
1029	1675
2069	2619
1159	1217
3172	3381
1516	1621
1983	2093
2701	3261
2579	2655
2118	2631
3154	3411
2061	2657
2661	3355
2331	2615
3026	3234
2183	2451
2172	2506
1684	3176
3024	3225
1454	1729
1007	1531
1339	1538
1269	1714
2952	3045
1684	3070
1984	2275
2738	2773
1195	1520
3254	3280
2184	2206
1999	2297
3525	3889
2384	2597
2086	2560
538	1778
239	323
960	1163
1086	1804
2928	3029
2499	2520
897	1535
627	670
1334	1637
107	1821
3201	3397
1551	1563
3261	3332
3625	3692
1953	2206
2030	2069
3090	3426
2060	2492
1542	1589
3035	3038
2738	3362
2780	3211
107	1283
1684	3153
1048	1185
1663	1811
980	1078
1242	1683
1813	1911
2877	2912
1239	1721
1997	2374
1083	1256
1575	1818
897	1058
2501	2649
40	200
2920	2927
2430	2601
2047	2397
3004	3117
2363	2467
2102	2368
2030	2278
1320	1695
3533	3734
107	1129
2323	2549
1407	1730
902	1298
1804	1827
1522	1604
1032	1661
2059	2560
967	1621
2344	2501
2133	2189
3299	3397
2806	2967
2867	2974
3576	3731
3669	3830
1684	2816
3794	3947
2364	2660
369	389
921	1540
2081	2138
1523	1827
2732	3180
3004	3023
2091	2488
686	847
2708	3397
2118	2244
2338	2351
3247	3416
1725	1749
2423	2624
3021	3397
799	835
3198	3255
2273	2384
2123	2213
3483	3782
2071	2351
2681	3054
2233	2492
2392	2556
1995	2025
2306	2542
1912	2503
2729	2915
2951	3214
2392	2574
709	843
2328	2498
3466	3761
1488	1832
2053	2183
1551	1800
3725	3874
2093	2307
2026	2434
2386	2638
1952	2110
492	542
2448	2540
3124	3196
2040	2567
3621	3861
1573	1592
2266	2308
107	945
921	1718
2074	2308
3353	3397
1590	1765
2026	2268
2056	2216
1126	1523
1976	2284
2253	2352
1962	2550
984	1502
2068	2333
575	664
3437	3592
2849	3347
2306	2460
101	254
1204	1691
960	1456
1684	3321
2729	3137
3076	3291
933	1573
3719	3927
2180	2279
1453	1478
2059	2309
1267	1752
1989	2045
2107	2236
1079	1211
2739	3050
3437	3841
1928	2268
1076	1597
882	889
954	1102
2750	2755
3256	3397
2038	2068
1920	2343
3225	3287
1049	1075
2037	2560
2453	2651
1363	1880
2694	2880
1482	1650
1196	1563
2125	2605
1611	1862
947	1128
1938	2418
2333	2399
2876	3306
1993	2309
3225	3403
1465	2509
3782	3927
1645	1878
2282	2384
1812	1893
2210	2446
1110	1407
2064	2573
1185	1559
122	315
2717	2755
1126	1399
1997	2619
3015	3329
3521	3592
3298	3328
1074	1845
1988	2170
3082	3306
2679	3135
745	794
1557	1800
1045	1368
422	685
2233	2631
2597	2649
3573	3891
828	830
1379	1628
1971	2340
999	1125
906	1480
2282	2642
2127	2543
1334	1341
3291	3330
760	794
2327	2533
25	72
1079	1199
1989	2299
2197	2371
2763	2931
3154	3253
2294	2547
1973	2284
1123	1765
3017	3027
1611	1857
2759	3426
3437	3690
3228	3324
3599	3715
1330	1669
1962	2520
3437	3737
158	168
643	665
3604	3902
958	1216
561	591
1006	1285
2017	2041
226	326
21	123
1927	2435
1435	1622
2043	2201
1718	2325
1431	1779
3555	3600
1965	2474
3550	3625
1367	1653
1919	2647
1153	1879
2445	2511
606	1673
2054	2138
3521	3840
1184	1255
3985	3995
2940	2960
2815	3096
1947	2438
1126	1420
2059	2323
755	787
651	1080
2154	2615
2121	2482
304	308
1237	1616
967	1420
3437	3899
2115	2590
2077	2348
252	261
3736	3785
1435	1473
1488	1737
934	1902
2945	3163
606	1313
807	838
1049	1528
3381	3419
2324	2408
2244	2542
373	378
707	833
1041	1703
2046	2468
1153	1772
1469	1536
2064	2354
2674	3097
1004	1800
2324	2495
659	681
3498	3599
3455	3685
1684	3178
2832	3276
2081	2241
1426	1647
2849	2904
2377	2419
2144	2282
2669	3390
1537	1856
2793	2973
2500	2586
1199	1835
1970	2438
3120	3335
1912	1924
495	514
2331	2363
2873	3301
2772	3342
1941	2206
3304	3324
2233	2521
2728	3077
2113	2439
2877	3202
2333	2608
774	805
740	748
1370	1517
3547	3684
3884	3930
2689	2743
2351	2598
2396	2434
1185	1520
1235	1298
392	482
2724	3266
993	1864
1222	1431
760	830
1912	2301
2924	3433
1590	1819
1109	1259
1483	1604
807	843
3998	4014
2135	2187
389	1507
2153	2199
729	889
2032	2384
261	325
79	252
2323	2386
1966	2030
360	567
2026	2475
13	21
2960	3364
2780	3265
2286	2371
2944	3362
3756	3800
2046	2507
2003	2161
2327	2508
3545	3697
2112	2308
1697	1718
2619	2655
3049	3115
941	1227
3705	3802
2073	2083
1396	1661
1159	1225
2229	2564
86	227
1079	1146
2758	2865
1754	1845
2085	2226
2043	2630
1800	1864
2662	3353
3291	3351
2060	2093
2504	2638
3038	3247
3620	3792
2117	2458
1917	2201
2469	2601
2728	3233
1940	2176
2703	3008
1126	1799
2326	2369
1078	1431
1132	1351
1647	1872
2748	2869
597	677
694	821
3212	3406
2200	2460
3642	3658
1940	2471
2240	2407
650	662
2033	2593
1789	1833
600	662
3714	3900
1524	1888
3602	3761
946	991
5	169
2117	2327
2468	2526
2993	3163
611	636
1396	1751
1637	1675
960	1617
2789	2851
304	341
2032	2643
2973	3299
4004	4031
376	388
2216	2275
3599	3850
2140	2323
1369	1559
936	1012
1352	1539
1420	1509
1116	1540
3469	3945
2886	3336
2060	2495
2059	2098
1149	1209
484	536
370	438
1557	1845
2389	2626
2914	3321
1173	1447
764	823
2311	2539
3117	3213
698	870
1189	1681
1404	1426
2056	2233
975	1060
3114	3139
1684	2708
1985	2654
2289	2653
431	436
2026	2125
1290	1791
1912	2426
1006	1214
2278	2520
2151	2224
1962	2460
3768	3945
1912	2025
412	515
1530	1669
1534	3278
2711	3412
2103	2179
1979	2200
993	1287
2991	3201
1036	1691
2326	2601
953	1622
1941	2279
2233	2520
2023	2366
242	266
1130	1153
1584	1703
2073	2201
426	525
3345	3355
1223	1778
3437	3684
1593	1866
897	1305
1702	1722
2409	2591
1399	1736
925	1637
3320	3377
1943	2409
2749	3149
1020	1158
969	1406
1083	1101
2828	3082
2912	2985
380	424
1160	1519
3060	3199
2149	2629
605	609
2033	2037
1367	1668
367	555
2118	2559
2866	2915
2073	2559
1918	2369
1255	1753
1983	2499
988	1204
2492	2543
1150	1337
2683	3084
3438	3784
2064	2359
2308	2340
651	1882
1327	1520
1004	1330
2253	2542
1621	1823
3521	3831
1125	1898
2040	2275
1752	1886
3172	3258
1591	1781
1304	1725
2479	2617
3148	3215
2915	3232
1287	1816
2469	2550
412	492
1126	1272
3605	3687
1524	1800
2200	2220
1282	1475
1984	2418
2093	2606
252	308
3197	3299
2937	3353
1004	1559
2460	2542
1459	1887
2396	2537
1684	2812
277	290
3189	3259
641	1060
2047	2310
2139	2507
1155	1490
2116	2159
1085	3651
1040	1199
1003	1380
1416	1610
2840	3145
2030	2563
1772	1868
1277	1661
2161	2328
922	1341
2573	2593
2464	2495
3515	3706
2055	2059
2086	2216
1471	1600
2081	2149
2942	2989
1048	1376
3029	3257
2176	2211
2153	2246
1462	1862
2037	2266
2184	2574
993	1026
2235	2265
2112	2352
1636	1859
1048	1811
2154	2578
1966	2575
3448	3756
1940	2081
3654	3938
3101	3214
3087	3404
1454	1515
2161	2232
2376	2430
1488	1714
2972	3309
3203	3291
2151	2475
2056	2350
1056	1604
2347	2404
2966	3022
1255	1663
1734	1845
3586	3677
1148	1716
322	341
3439	3638
1026	1622
2026	2384
3049	3132
3049	3102
1344	1524
1684	2890
1912	2513
2298	2425
953	1791
1917	2478
2789	3045
816	833
1125	1804
1374	1673
1172	1173
2131	2339
1917	2593
506	591
2124	2467
514	569
3980	4011
2323	2586
107	1791
1984	2560
2666	2786
1242	1480
2839	3426
3706	3869
1156	1584
1971	2115
901	1468
1925	2352
2364	2620
1309	1373
2862	3286
1684	3344
2087	2588
348	397
2104	2136
366	580
1993	2499
1416	1623
3111	3320
1085	3677
1336	1888
2073	2564
2869	3201
3344	3355
2986	3417
2870	2990
1534	3248
2261	2539
948	1113
203	239
2846	3209
1290	1746
353	515
3078	3364
1588	1678
3442	3644
1056	1173
3437	3775
1598	1839
2715	2936
1418	1504
600	635
2698	3052
1926	2366
1076	1621
2849	2853
3532	3622
2153	2250
2055	2347
3456	3830
2444	2486
1334	1793
1437	1843
26	291
1020	1273
19	115
916	1524
66	142
2148	2241
2122	2184
1947	2588
2460	2478
2272	2289
1107	1662
2757	3304
1169	1904
258	272
2769	2807
1985	2065
1267	1886
1404	1578
3021	3419
2071	2191
1235	1423
2823	3079
2446	2564
1449	1782
2246	2282
1017	1736
2913	3363
2220	2359
1966	2542
2702	2748
2299	2309
896	1438
3680	3718
1381	1857
3524	3866
2271	2611
951	1641
2030	2646
1149	1689
2853	3150
285	345
2206	2339
3169	3239
1691	1857
1992	2207
2047	2081
428	434
2188	2216
2188	2478
2155	2176
2240	2347
2223	2458
1124	1399
1940	2032
1926	2304
3980	3986
2492	2539
1598	1795
1117	1888
2104	2271
1782	1888
1330	1391
1668	1791
2239	2555
265	311
1351	1522
408	512
2319	2508
952	1530
719	722
2026	2054
2353	2464
483	1899
1076	1532
1056	1800
778	830
2988	3025
2756	2981
3474	3738
2872	2912
2033	2654
2915	2929
901	1892
2103	2109
1004	1163
3002	3082
2117	2199
1069	1488
954	1120
2756	3384
2526	2579
1522	1617
1917	2484
1964	2291
2196	2273
2083	2409
1730	1842
2782	3052
2069	2348
1389	1843
2800	3044
1723	1827
1589	1662
3726	3738
2340	2428
1388	1741
461	492
2202	2647
526	1644
2250	2629
1066	1245
1741	1888
2127	2582
1993	2539
496	514
2122	2539
2077	2460
1117	1813
1170	1303
1966	2409
2098	2553
2087	2343
1963	2462
2275	2655
3365	3397
1195	1420
1257	1592
589	620
981	1257
993	1589
3437	3617
546	563
3118	3366
1290	1659
958	1837
1522	1689
2968	3258
976	1882
1024	1211
983	1163
1175	1480
1983	2539
1962	2409
2694	2928
126	322
2030	2611
3988	4021
982	1101
824	853
1204	1257
1339	1736
3452	3902
3115	3116
1350	1628
2839	2916
1730	1879
2123	2299
1341	1610
804	878
2935	3066
1275	1296
727	805
2451	2471
405	513
1954	2054
2133	2318
2119	2488
3150	3335
1735	1886
563	1688
2404	2414
1238	1483
1966	2354
2784	2813
3532	3767
1456	1547
1684	3424
2032	2629
917	1699
3448	3828
2757	3040
2694	2905
1171	1387
2369	2404
2005	2560
2464	2553
2950	3411
2302	2347
2381	2539
2323	2625
2323	2559
1583	1903
3204	3296
2053	2226
634	645
1921	2202
2083	2115
376	481
2144	2148
3437	3773
2150	2266
2086	2404
2664	2877
1004	1827
2342	2644
2278	2339
1163	1804
350	552
975	1872
1336	1391
3437	3846
582	662
466	529
2911	3284
2059	2611
1984	2257
1989	2520
2415	2432
2471	2491
2258	2369
1924	2622
1377	1643
1610	1796
1185	1488
2672	3182
2819	3140
2071	2254
1291	1675
438	488
921	1685
1993	2244
2001	2639
1947	2617
2038	2133
2154	2354
1125	1398
412	604
1658	1881
2059	2200
980	1126
2916	2960
2428	2430
2049	2644
1004	1092
2782	2800
941	1277
925	1833
2970	3419
3107	3242
1240	1394
1067	1682
1305	1538
2467	2484
705	805
348	504
1218	1593
1416	1659
1603	1612
2826	3165
2220	2551
1078	1219
2367	2461
2906	3098
231	315
2991	3277
2713	3252
1683	1821
2115	2334
353	524
2075	2274
1055	1434
107	1144
1912	1928
1205	1271
2184	2615
2832	3015
2810	3417
1577	2143
2667	3214
2275	2521
2772	3374
1053	1896
2257	2381
2916	2925
1916	2125
3542	3852
3562	3898
2192	2648
2326	2564
2328	2557
3617	3754
2433	2507
2043	2469
2716	3058
2681	2929
2339	2655
3437	3517
1723	1898
3212	3335
2391	2395
60	322
1067	1459
1287	1352
1083	1130
1178	1369
978	1623
1100	1158
984	1396
1456	1804
2045	2575
1075	1644
3514	3578
348	420
1359	1377
2313	2540
2139	2504
1125	1185
897	953
1916	2332
3038	3321
1416	1644
419	486
2235	2384
21	304
1684	2834
2915	2928
1222	1678
1391	1712
1530	1849
2862	3232
2515	2650
2669	3384
2772	2958
1684	2770
2145	2473
1665	1750
1932	2597
2839	2905
3728	3867
2901	2904
967	1523
2098	2172
2485	2543
2475	2516
1610	1623
1966	2184
1235	1716
2359	2604
0	150
1001	1217
1482	1876
2127	2292
2236	2335
2115	2507
2299	2611
2543	2606
2111	2498
1985	2074
2073	2484
2554	2624
3145	3330
2043	2485
2428	2602
428	1109
2242	2642
107	1818
2216	2460
2392	2410
1589	1621
1281	1871
2140	2507
1284	1502
1985	2560
2030	2088
1379	1655
2047	2371
3604	3860
2749	2810
483	1108
2716	2936
1626	1780
414	632
2047	2185
1124	1888
0	148
1962	2136
440	496
363	1767
1628	1720
1920	2509
1363	1533
2661	3150
3099	3369
1408	1575
2283	2343
1190	1322
2071	2176
2043	2560
107	968
2675	3136
2981	3158
2046	2347
967	1390
1036	1229
1525	1709
955	1030
2643	2649
1429	1850
1957	1998
2111	2588
1431	1736
1170	1691
1113	1473
1066	1102
376	1313
2253	2408
916	1163
2434	2582
3903	3969
2356	2433
2873	3000
2062	2434
1150	1321
1066	1812
3767	3958
2433	2477
2664	2749
2929	3232
2872	2913
2559	2586
2359	2553
1236	1770
573	626
373	502
1238	1608
2715	3187
1942	2631
1021	1899
2109	2586
526	1074
1447	1811
1304	1876
3785	3860
2586	2591
2254	2396
3304	3404
3449	3797
2369	2563
3731	3913
2224	2471
2327	2652
2387	2611
1365	1491
1917	2261
1684	3111
1338	1745
415	495
2445	2649
1124	1359
2785	3299
2345	2537
2240	2591
3038	3082
3437	3864
1101	1793
2779	3412
1079	1597
688	719
2216	2638
2670	3283
3437	3832
3896	3903
1893	1894
967	1054
1985	2407
2620	2627
3079	3182
2129	2448
1195	1621
2188	2624
852	855
1458	1769
2007	2398
1684	3183
2046	2619
1277	1894
2164	2542
2102	2116
136	2494
2294	2603
2331	2395
1914	2061
640	681
1447	1597
814	842
960	1519
3664	3901
3016	3277
2738	2786
1491	1888
3029	3435
1963	2326
2038	2053
3690	3869
2137	2533
3498	3862
2285	2398
1083	1741
2913	3047
1946	2607
1637	1845
1502	1729
2754	2906
2955	3369
1219	1842
78	306
2111	2125
1640	1703
536	561
2229	2253
2206	2324
402	428
1127	1134
2045	2055
2139	2542
2489	2602
2007	2224
1523	1795
983	1832
107	990
2672	3255
2150	2261
1126	1391
1099	1848
1191	1861
3101	3350
1613	1689
1938	2334
2124	2624
2226	2345
2927	3090
3437	3865
389	551
3568	3906
3761	3829
1204	1857
1966	2118
2042	2347
2281	2535
1003	1597
3518	3824
1945	2259
3079	3172
1919	1935
3458	3951
3132	3280
1166	1820
438	495
2665	3253
3120	3351
3296	3304
2550	2551
913	1487
3538	3874
2203	2250
2342	2402
2233	2574
1090	1634
2117	2209
1275	1781
3599	3722
3596	3603
107	1517
1341	1377
3120	3397
8	259
2149	2543
3066	3336
2105	2342
2359	2469
3496	3547
2109	2430
2172	2593
2038	2367
1431	1712
2088	2206
975	1475
637	1778
1959	2062
778	844
26	62
2589	2594
1047	1835
2213	2308
3750	3884
1014	1316
1684	3090
1125	1842
409	431
2772	3027
1467	1539
3076	3101
2742	2849
56	88
249	299
2190	2410
2090	2507
934	1420
1733	1784
3649	3695
1110	1721
1004	1888
2756	2773
1554	1888
1557	1736
3021	3351
978	1559
559	606
3437	3475
1049	1750
1459	1859
1205	1813
2796	3204
2220	2654
1132	1810
1349	1677
1946	2611
2123	2370
107	992
2853	3120
3291	3297
997	1205
3051	3373
921	1612
2756	2887
3569	3951
2334	2560
3734	3851
2136	2201
1247	1850
2604	2619
1159	1188
0	226
3437	3961
952	1267
2339	2464
703	817
1160	1800
1107	1622
2680	2706
2827	3387
590	617
0	72
2186	2232
2240	2395
461	524
719	774
3590	3728
1983	2237
2122	2542
1009	1862
2190	2607
1214	1833
960	1126
1166	1221
3189	3369
1507	1672
1277	1893
1153	1302
2925	3304
2750	2827
688	694
3437	3954
1812	1820
1070	1473
907	1677
2877	2887
2046	2190
1917	2485
1086	1101
2827	3417
2560	2563
2060	2506
3437	3593
1029	1707
1480	1805
1064	1694
93	310
404	545
2215	2259
2283	2529
1480	1816
2055	2060
2329	2604
3154	3371
1954	2116
2665	3240
1912	2429
1684	3151
1402	1559
999	1799
1113	1660
107	1570
1319	1880
1819	1867
2069	2334
2773	2890
353	1855
1590	1612
2376	2482
1539	1652
1917	2499
1079	1352
3347	3366
2020	2550
2108	2556
715	805
1085	3577
916	1900
2869	3021
1597	1819
3034	3287
2045	2329
1962	2069
2804	3416
2290	2309
2832	3082
2395	2414
2755	3117
1166	1661
2675	3259
3711	3794
2165	2546
3499	3564
3410	3412
1335	1522
2992	3277
404	559
2067	2387
1153	1181
2669	2986
1250	1714
1962	2212
2669	3056
1042	1831
1721	1879
3988	4030
412	503
1867	1885
2172	2331
0	256
1912	2571
2773	2925
3117	3124
1480	1789
456	497
2423	2564
352	484
3326	3393
2212	2482
2768	3077
1231	1322
1493	1601
2533	2543
2586	2615
2078	2623
2739	3346
2604	2606
1146	1741
1589	1722
1257	1292
1563	1782
2232	2289
1427	1794
2977	2993
1710	1827
2489	2600
1577	2198
627	659
747	800
2629	2642
2297	2585
1452	1895
3277	3321
1029	1078
2186	2367
1505	3011
1075	1523
973	1505
2958	3377
1912	2202
1284	1720
26	122
2911	2912
1334	1620
830	846
1299	1500
1960	2618
2423	2428
2005	2340
2514	2517
1467	1639
2148	2302
2164	2484
2206	2218
971	984
2006	2659
2271	2485
465	500
2138	2394
1132	1879
2836	2841
2283	2436
2138	2224
2063	2306
1613	1768
2401	2594
2810	2887
697	698
422	653
1345	1592
1984	2220
2280	2598
3738	3829
2910	3284
958	1232
1359	1517
1280	1431
2748	3320
1988	2515
2201	2573
0	16
2054	2568
1663	1665
1665	1868
2731	3400
1235	1273
3755	3926
1941	2334
1521	1702
1376	1813
2064	2615
2839	2945
107	1453
2293	2333
1592	1628
1918	2485
272	346
2992	3302
2172	2374
3103	3176
107	1420
2118	2376
1981	2304
1338	1525
2043	2058
706	773
3663	3977
3152	3247
1234	1531
2339	2526
3756	3943
531	543
1036	1459
1047	1811
2765	3267
3459	3782
2386	2395
2499	2549
2266	2427
2854	2969
1954	2128
2271	2308
408	559
2261	2340
1912	2630
436	606
2414	2638
763	849
713	815
934	1613
977	1748
1425	1743
2259	2468
2935	2949
1456	1772
2988	3090
2743	3301
2243	2336
1970	2396
1344	1431
1993	2306
1971	2184
460	463
637	645
954	1706
2063	2123
2815	2986
606	1436
2941	3068
2833	3017
1339	1799
1159	1828
1099	1638
355	361
3107	3215
2550	2574
1066	1515
2128	2294
2917	3195
1987	2273
9	271
1059	1329
777	829
3022	3078
2139	2469
2059	2601
925	1390
1443	1453
2679	3384
2083	2404
2469	2638
2677	3185
1998	2378
314	342
2064	2290
1513	1791
2872	3195
2075	2617
1359	1637
475	1358
1291	1793
2320	2349
2812	3287
1986	2550
2810	3362
1993	2407
724	736
1951	2459
3077	3342
1557	1685
2724	3359
2482	2551
2064	2233
2233	2531
2695	2967
461	475
3145	3204
1959	2347
2409	2430
1287	1714
2755	2910
3203	3275
2525	2557
901	1378
3152	3258
2030	2348
2712	3350
2669	2750
1075	1572
1946	2552
2115	2154
2267	2294
2250	2617
925	1836
348	487
916	1685
2351	2592
5	213
2418	2615
2415	2501
2032	2072
1665	1821
1984	1989
3320	3378
1021	1661
2030	2184
2955	3196
3437	3860
1229	1592
1420	1833
3257	3362
957	1550
1995	2640
2200	2646
927	1185
2135	2372
1944	2211
1828	1894
402	543
1132	1597
1116	1331
1312	1612
1271	1833
2038	2145
2922	3028
2509	2582
2206	2323
2908	2920
2383	2391
2180	2510
2850	3363
107	1017
2370	2429
2685	3136
2741	3085
2686	3395
1078	1789
1918	2266
1986	2084
2507	2579
2729	2928
1039	1809
2410	2602
2061	2636
3043	3313
2279	2463
896	1120
1912	2022
952	1376
380	554
2039	2629
2125	2183
896	1282
1182	1376
2118	2266
3734	3788
107	1106
3437	3825
1003	1835
1663	1819
1047	1076
1335	1827
48	199
1117	1736
2986	3054
1004	1017
2124	2216
2275	2340
2228	2402
1966	2109
1389	1610
1037	1469
3157	3350
2739	3019
686	803
2417	2491
1277	1841
1946	2216
1916	2512
3106	3406
1040	1707
2038	2174
2046	2331
3101	3347
3437	3756
2819	3306
2056	2234
2872	2890
1971	2520
2164	2601
3026	3384
2463	2547
1958	1980
2873	3084
2069	2478
3437	3772
3038	3258
1962	2103
2074	2499
2623	2624
2751	3177
1970	2333
2062	2072
2299	2579
1685	1741
2468	2560
2038	2637
3670	3686
3780	3966
1742	1893
2033	2551
348	475
946	1416
2719	3262
2057	2111
2064	2407
2994	3047
3355	3386
1199	1409
825	884
2347	2356
3611	3672
897	1398
1508	1820
1017	1614
2781	3076
2007	2058
3252	3347
941	1406
1250	1757
2179	2271
2244	2484
2200	2339
1955	2598
2123	2323
1017	1551
1099	1783
3115	3342
2131	2602
2415	2434
2820	2870
1047	1768
1992	2466
1199	1603
2669	3362
2757	2777
1427	1853
1980	2284
1431	1467
2908	2986
2955	3018
430	559
3089	3120
1751	1783
3871	3917
3261	3397
1925	2655
1479	1884
1026	1559
1613	1707
2063	2266
1557	1833
2058	2601
1017	1821
2212	2469
1227	1591
1390	1750
1181	1810
966	1898
1963	2655
2196	2224
3680	3870
2574	2579
2043	2093
2786	3284
1361	1637
1983	2073
1577	2605
1955	2458
2543	2638
2807	2978
1332	1606
3306	3422
2711	3198
1509	1622
2768	3403
3301	3426
374	504
1912	2615
2504	2526
694	848
946	1086
1935	2620
586	645
1126	1836
1122	1801
3488	3573
2880	3004
1173	1487
2863	3365
1423	1448
1994	2351
2828	2936
2401	2650
3737	3938
2127	2389
641	915
2271	2638
1447	1800
2150	2257
1128	1888
2091	2130
1441	1585
2950	3101
1623	1768
1712	1832
2395	2573
1558	1860
2813	2971
897	1219
1941	2495
3056	3117
1940	2241
107	1187
2664	2897
2161	2652
2111	2187
2679	2940
953	1707
1614	1768
2951	3353
2398	2508
483	496
1522	1842
2386	2625
107	1347
2172	2340
1004	1302
1179	1349
2059	2539
172	268
2564	2586
2748	2976
1714	1868
1943	2467
1757	1827
719	728
1536	1690
766	847
1256	1832
2279	2537
3713	3735
1939	2434
2043	2428
3794	3951
3210	3346
2183	2367
2165	2591
2010	2039
999	1530
1566	1814
1049	1375
223	315
2290	2359
2086	2172
1040	1793
2833	3267
2471	2616
1927	1995
3066	3126
941	1282
1217	1482
2334	2410
1747	1784
376	561
3529	3758
1115	1257
1331	1663
3596	3750
1535	1898
1305	1559
1675	1843
3437	3952
2030	2165
2033	2210
506	645
1076	1737
428	1320
1471	1605
1963	2218
1330	1399
1204	1315
2834	3325
941	1379
1577	2241
2724	3415
606	641
3437	3550
1623	1714
1971	2601
1107	1335
0	37
2087	2294
1736	1800
1004	1804
2068	2199
357	389
1600	1746
989	1227
1125	1800
423	428
353	930
2154	2607
947	1563
2030	2150
3490	3814
2037	2606
997	1267
632	658
1192	1841
391	491
1307	1825
500	514
1079	1344
1482	1904
705	773
2927	3000
993	1833
1480	1639
1647	1682
1058	1552
2135	2293
2007	2038
1066	1783
1520	1714
3558	3909
10	200
597	611
2090	2506
1684	3365
1554	1663
1132	1416
1800	1823
3848	3918
2038	2330
1971	2408
2863	2992
925	1554
77	117
460	547
1214	1559
1114	1248
2064	2549
1216	1371
2005	2037
2302	2475
3111	3302
1827	1861
1359	1402
1684	3290
2121	2370
2662	3019
3005	3072
2088	2600
1912	2186
2901	3224
1994	2319
2047	2241
917	1739
1729	1794
1314	1895
2881	3274
2874	3400
198	441
1175	1675
1941	2187
2754	3033
3605	3880
3437	3842
2484	2625
1993	2324
1968	1999
1180	1330
2864	3004
107	1871
1596	1872
917	1037
2339	2391
496	566
897	1173
483	538
3671	3770
600	665
2235	2434
1481	1876
1948	2102
3510	3634
1668	1886
360	558
475	527
1941	2567
3163	3387
963	1371
1695	1881
2095	2630
3051	3198
1516	1557
2241	2398
1149	1375
1454	1875
2045	2561
2661	3406
2275	2386
2220	2602
2669	2866
3460	3474
2282	2608
745	805
2206	2563
1940	2135
862	3633
40	231
2139	2564
2764	3278
1912	2174
1610	1685
1059	1653
483	1881
975	1636
993	1757
1435	1807
1684	2715
1231	1587
3633	3760
171	3290
395	525
1364	1747
1993	2237
1807	1897
1287	1617
370	544
1059	1877
1024	1668
2338	2510
2073	2093
2046	2108
1438	1628
1684	2766
2093	2123
3201	3261
2196	2543
698	800
2103	2646
408	561
142	239
2020	2083
1483	1723
2775	2951
1983	2229
1036	1221
1583	1783
3201	3347
1520	1765
1994	2187
2308	2467
2078	2615
2047	2592
1011	1109
2196	2347
1622	1843
507	513
1378	1733
1932	2223
784	842
2218	2539
2374	2551
2220	2464
1126	1669
1076	1149
1993	2484
2850	2915
1684	3027
2086	2253
1146	1827
2395	2404
2073	2324
1184	1849
2839	2920
1284	1841
2782	2864
2133	2231
436	483
2676	3426
1662	1879
2374	2467
1435	1444
1714	1800
969	1794
2064	2324
1981	2264
947	1622
2274	2390
1912	2617
2084	2429
2140	2428
1968	2018
3051	3298
635	662
1381	1628
2913	3348
1480	1839
2064	2210
107	1233
1538	1789
2907	2944
2869	3113
2661	3397
2139	2392
2086	2381
2101	2390
3078	3435
2579	2601
2929	3104
1204	1413
2132	2642
428	559
3437	3546
2183	2351
1261	1893
2781	3425
2802	3267
2519	2649
3089	3109
1291	1341
3760	3948
1480	1612
2937	3170
606	1357
1118	1378
1124	1772
3838	3944
2076	2320
2155	2438
376	587
1689	1813
3493	3558
3136	3189
2993	3033
967	1520
2333	2555
2898	3214
921	1570
1609	1663
473	495
2404	2418
2694	3149
3299	3345
2130	2313
80	299
1083	1605
3473	3739
2793	3082
3448	3586
1941	2131
1079	1737
1584	1603
2793	3136
1684	2717
1912	2131
3089	3321
1986	2323
3096	3399
3152	3373
928	1144
2165	2299
2115	2404
1107	1291
2133	2267
2131	2467
3150	3198
1302	1589
1941	2300
3677	3930
1972	2297
2729	3123
2703	3309
1066	1382
1844	1878
2276	2654
1049	1146
2916	2986
1985	2446
1925	2026
1926	2191
2284	2645
2507	2625
719	794
1528	1559
2058	2590
3135	3166
1684	2696
3005	3320
1342	1700
2489	2507
2408	2602
1132	1816
3223	3420
3437	3590
1912	2550
3573	3902
2742	3265
2210	2601
1159	1584
966	1663
423	587
1409	1535
990	3164
13	236
2815	3232
2781	3280
173	348
3728	3835
2037	2165
1946	2363
2043	2563
2715	3027
1137	1798
185	271
698	811
1335	1612
2183	2567
3261	3262
1080	1526
2369	2604
408	444
705	799
1339	1724
1971	2507
1975	2313
1242	1612
444	545
2933	3066
387	417
2304	2461
2266	2607
2148	2196
1191	1361
1051	1525
2730	3385
360	565
2956	3026
2060	2218
2149	2319
1614	1665
2827	2906
3642	3730
3506	3690
2127	2400
2040	2551
3442	3835
2033	2059
1988	2398
3257	3364
2093	2404
2348	2385
2090	2500
1665	1888
2841	3327
1704	1786
1021	1475
107	940
2074	2564
3224	3240
2231	2405
1991	2639
2002	2137
2026	2153
3247	3347
1054	1059
2138	2344
1465	2180
2913	3104
2199	2537
2086	2638
942	1204
934	1399
3316	3416
2409	2410
1914	1980
2428	2578
1172	1793
2240	2404
1993	2646
98	277
107	1380
2859	2984
1733	1747
2244	2611
2078	2536
1684	3232
1059	1390
107	1237
2257	2340
1070	1213
53	322
964	1507
1508	1824
745	755
3730	3790
2669	3184
2018	2571
2433	2492
414	668
3148	3422
2806	2909
1076	1447
3259	3365
1619	1816
2040	2347
3502	3911
3035	3344
3231	3269
483	936
3073	3078
1923	2117
1505	3258
2956	3364
2090	2611
1932	2047
1559	1839
2706	3286
857	865
2877	3117
3291	3355
107	1169
511	559
981	1857
2294	2616
2056	2545
1475	1682
361	475
3033	3435
2169	2246
606	1744
1160	1483
504	547
2029	2344
2839	2948
3115	3397
3152	3169
1926	2589
1943	2266
3568	3825
2069	2123
361	530
1980	2364
983	1457
1419	1780
948	1332
1360	1588
2208	2229
522	529
1114	1746
3391	3397
2185	2434
2003	2333
2078	2329
694	823
2284	2633
1918	2212
1412	1429
1375	1557
2141	2209
1963	2485
2216	2386
2322	2397
1431	1898
3140	3225
507	526
2463	2582
526	1078
0	228
980	1086
2191	2642
2477	2624
2102	2451
1730	1736
896	1475
2043	2112
1172	1238
2364	2378
1029	1153
1184	1721
1409	1563
2276	2467
1420	1614
3463	3909
917	1451
107	939
1989	2464
2673	3193
415	542
1668	1782
1471	1868
2352	2500
2191	2511
2075	2652
982	1346
2627	2645
1522	1603
1377	1509
814	829
2880	2960
2103	2190
1962	2122
1985	2619
694	780
2698	2866
1945	2399
3437	3741
3666	3728
2220	2418
1944	2270
3997	4019
1124	1845
975	1903
812	815
2384	2451
2047	2305
751	795
195	273
2133	2232
2123	2430
1684	3333
993	1689
2386	2484
1020	1591
2271	2468
3120	3406
1940	2384
481	504
3526	3862
4001	4029
483	542
2946	2996
2679	2907
82	169
1331	1619
596	663
1156	1810
1189	1553
2243	2594
2239	2327
1962	2542
3321	3360
2462	2464
2334	2561
2140	2433
106	332
1124	1175
2753	3397
2030	2331
3458	3822
3247	3277
2381	2521
1080	1853
1997	2507
0	335
545	566
2057	2592
2438	2511
3594	3898
1334	1718
1427	1807
2215	2285
606	1300
2735	3173
312	326
504	529
1185	1675
2064	2121
1464	1526
1509	1718
2043	2482
2694	3384
1948	2567
21	56
3456	3842
2938	3253
1199	1402
1098	1505
1201	1598
2955	2999
1104	1495
2235	2510
1015	1462
3498	3740
3233	3285
3000	3400
2940	2944
580	606
0	84
2785	3306
107	1409
412	423
2156	2160
2294	2512
2046	2542
1170	1500
1584	1752
1520	1861
960	1125
2712	3198
2052	2491
2749	3364
2906	2909
758	836
1955	2081
2383	2507
3468	3826
2882	2958
601	1122
2142	2408
1172	1471
1327	1600
450	519
2339	2554
348	540
2944	3023
1467	1886
580	1692
1592	1872
462	525
3758	3764
1604	1741
1925	2654
2164	2376
1403	1889
1156	1437
3447	3624
3553	3753
2370	2549
1345	1404
2020	2237
695	700
128	199
2676	3064
2863	3169
2010	2028
507	559
1665	1791
107	1089
398	512
3443	3937
3113	3201
2307	2326
2936	3051
389	1472
1214	1622
1070	1110
2074	2088
2757	3078
2112	2552
2011	2192
1918	2560
1379	1426
1085	3684
1292	1573
2911	3033
2153	2491
2198	2224
3316	3391
2046	2150
2542	2549
2921	2955
2586	2646
2211	2594
2138	2417
242	330
1397	1882
1126	1810
1232	1798
2155	2283
2090	2631
1684	3229
2850	2969
107	1707
2579	2631
396	570
3447	3679
1589	1610
116	214
2348	2492
1954	2102
2933	2999
400	591
2507	2542
1985	2655
2046	2578
2708	2845
2737	2845
3684	3830
2098	2352
1605	1902
1994	2282
246	339
567	590
2043	2095
2409	2655
3025	3119
2921	3018
1180	1447
2832	3124
1236	1504
1094	1531
363	580
1796	1799
2033	2590
2589	2598
2853	3297
3776	3920
2169	2582
2877	2915
1205	1608
0	229
3495	3525
1365	1752
1361	1465
3090	3229
1416	1620
2104	2492
2331	2611
2237	2306
2556	2604
2098	2561
2920	3417
2220	2287
925	967
1912	2468
107	1563
2039	2176
1097	1232
363	1740
2063	2646
2410	2600
960	1827
1026	1663
2153	2498
2905	2956
1954	2627
2381	2623
2005	2150
2098	2579
2894	3274
2028	2292
2551	2559
2647	2657
3001	3273
3617	3622
3021	3070
1457	1898
2084	2460
2782	3387
348	447
3785	3858
2491	2508
1932	2247
2123	2276
3437	3843
704	770
3033	3085
1621	1730
711	847
1722	1768
2206	2404
350	519
2153	2254
3049	3397
1107	1184
2069	2564
3518	3790
2419	2582
2006	2297
353	976
1449	1826
2043	2601
1086	1663
359	475
2684	3262
1703	1876
1191	1491
397	477
1180	1685
2292	2347
3684	3873
3574	3830
2098	2591
1936	2503
2103	2539
2414	2602
2188	2554
2084	2552
2233	2495
2149	2419
3553	3867
2153	2241
2769	3300
23	61
2180	2642
1232	1593
697	731
940	1906
1083	1402
1108	1502
2026	2250
2331	2499
856	888
107	1486
2877	3284
2072	2169
3437	3669
2183	2649
370	452
1917	2468
2030	2410
2253	2356
2038	2555
1271	1613
438	523
1144	1494
1663	1761
2088	2607
1215	1783
3481	3594
1926	2594
1405	1883
2754	2928
2867	3022
2862	3000
944	1469
2143	2420
3113	3391
1565	1744
3768	3786
507	524
3615	3629
1230	1431
2034	2204
2532	2575
1212	1901
2321	2581
2915	3364
3651	3756
2218	2339
1125	1886
1143	1591
967	1305
1163	1888
1953	2370
1671	1763
2679	2985
2071	2293
1191	1214
1066	1277
3073	3163
1049	1222
1059	1761
2436	2475
2410	2512
1659	1752
419	456
2201	2433
1173	1389
1293	1662
2462	2581
2102	2138
694	703
1320	1400
2777	2908
1467	1804
3140	3179
1965	2286
200	203
2140	2600
1684	2725
107	1201
460	542
2085	2152
1181	1752
2134	2385
2275	2482
2093	2550
2257	2549
1079	1793
2218	2240
2254	2344
1985	2615
1925	2266
2369	2500
3080	3394
1120	1192
2138	2319
2184	2308
3458	3793
1449	1604
1684	3249
2006	2225
1916	2039
1959	2215
1085	3877
3248	3360
1416	1509
1917	2590
2378	2636
1358	1427
2669	2994
2402	2488
2724	2728
3588	3827
1997	2423
3509	3855
1432	1495
977	1831
1399	1702
2273	2582
2463	2588
686	712
1010	1667
1256	1516
353	1425
2708	3298
2007	2598
107	1356
376	646
1563	1613
2134	2372
1989	2410
2573	2578
2052	2649
373	553
2669	3096
3132	3267
2700	3067
2679	2839
0	175
2327	2509
2082	2644
3764	3793
1132	1331
1437	1839
1960	2577
1392	1899
1918	2619
2787	3038
1563	1669
3791	3960
2101	2516
913	1910
1986	2142
1712	1793
2917	3301
354	474
3017	3320
2786	2862
708	797
2143	2533
2733	3011
1370	1827
1298	1587
2509	2512
2054	2498
409	503
932	1156
2338	2343
2074	2339
2324	2354
1918	2290
2428	2446
1980	2378
2332	2572
2084	2602
916	1004
1125	1619
24	242
1099	1324
1080	1294
2369	2409
952	1522
1026	1730
1358	1565
2194	2199
2749	2943
1238	1380
465	487
1086	1201
1925	2078
1448	1472
3558	3826
1049	1572
2095	2213
1922	1990
2007	2597
1590	1717
515	614
2040	2428
2124	2387
1402	1483
2124	2573
2423	2560
1578	1596
2081	2436
3595	3917
2670	2834
1352	1752
1211	1230
1979	2078
745	830
2323	2500
2039	2510
2482	2489
1826	1879
107	1437
978	1791
2060	2307
1163	1663
3164	3263
2460	2552
3655	3783
2989	3386
3656	3684
1591	1783
500	553
1323	1753
1126	1280
3660	3775
932	1675
3577	3851
2112	2275
2064	2613
1120	1583
2992	3330
2088	2154
1073	1307
2326	2630
1993	2564
1953	2184
2745	2786
3518	3605
2136	2220
1465	2198
2081	2603
1312	1369
2059	2369
1522	1608
1135	1334
2750	2786
1571	1768
3633	3842
2751	3115
1246	1785
1530	1598
1454	1751
1459	1893
2904	3132
1191	1563
901	1568
1107	1522
2261	2468
3256	3385
1598	1639
107	1027
2186	2211
2202	2626
2561	2564
1684	3415
1684	2910
2078	2460
239	303
984	1382
2201	2575
508	534
2124	2395
1303	1582
2289	2461
2002	2226
1947	2415
1496	1569
2067	2334
3051	3075
3333	3388
2379	2598
3524	3535
2198	2461
493	526
1469	1541
1048	1341
3116	3239
3322	3336
2292	2617
1231	1273
1683	1774
4019	4026
407	455
1420	1483
2553	2646
1019	1828
3034	3327
1414	1862
2081	2110
26	280
1305	1800
1971	2381
1550	1647
2071	2267
3483	3878
1287	1757
1597	1623
378	566
2328	2529
28	115
2309	2630
2386	2654
1966	2376
2069	2370
2858	2921
2828	3396
2132	2479
1126	1323
1126	1375
2979	3101
1939	2438
1684	3033
1117	1849
136	2458
1343	1473
2292	2603
2084	2467
1234	1453
921	1341
2133	2419
3633	3788
1211	1439
2433	2563
2755	2815
2172	2229
2271	2381
966	1864
1917	2278
2520	2631
1036	1479
1570	1652
2690	3365
500	520
2810	3023
2409	2593
2724	3366
1487	1677
2773	3166
2074	2573
170	185
3877	3902
2500	2553
1703	1748
2115	2200
3511	3566
2006	2284
1684	3122
2485	2591
1559	1843
3534	3761
1597	1800
2108	2131
2032	2347
2994	3084
2033	2352
2354	2395
1160	1813
3731	3800
2233	2350
3499	3793
1465	2398
1941	2137
3737	3873
960	1153
1998	2494
1966	2381
352	398
170	313
3779	3938
2348	2478
2254	2471
2323	2520
1250	1610
596	1022
1302	1370
1250	1804
3101	3411
2172	2275
1359	1620
778	828
56	119
2398	2629
2943	3417
1014	1231
525	544
3793	3924
107	935
1519	1528
1265	1782
1467	1520
2500	2604
1456	1556
1052	1225
1203	1555
606	614
3437	3708
2267	2293
2138	2254
252	304
2460	2630
378	517
982	1409
2038	2187
1518	1683
2369	2560
2329	2504
3480	3674
1367	1730
1554	1707
428	461
2468	2619
2064	2323
2047	2512
694	842
2356	2646
2091	2099
2687	2914
355	519
2266	2443
1632	1665
261	318
2552	2593
2396	2603
2054	2273
1712	1757
3149	3195
1074	1707
1028	1589
919	1824
1250	1632
1613	1835
3086	3168
3253	3255
865	868
3877	3929
0	345
1388	1456
1619	1757
903	1648
1955	2268
1059	1746
946	1287
2058	2063
1126	1741
2112	2546
1172	1409
1173	1730
2307	2446
1036	1204
2512	2576
787	817
2123	2172
1125	1380
1916	2273
3437	3796
2232	2313
1914	2657
3049	3082
1966	2339
1995	2364
3082	3191
3115	3344
1191	1516
353	373
366	542
1255	1563
2529	2530
966	1390
2297	2364
136	2279
1123	1153
2032	2332
2183	2247
2174	2588
1515	1828
1377	1753
1684	3389
1523	1835
1020	1099
1269	1305
2187	2461
0	302
2101	2510
3529	3777
787	836
2771	2858
2045	2324
2172	2520
1962	2593
2262	2266
1389	1535
3437	3776
1642	2941
363	1427
1163	1622
2996	3279
107	1751
941	1257
2328	2592
3060	3347
394	620
2018	2346
2010	2461
134	304
1250	1435
1144	1593
2142	2561
2724	3221
932	1730
2890	2953
1288	1816
1431	1669
1291	1590
2381	2386
2282	2438
2172	2370
2787	3302
2410	2573
2140	2654
26	236
2231	2577
1132	1380
901	1787
1125	1230
3437	3791
3182	3397
1146	1399
2282	2292
1158	1454
2354	2638
3801	3921
2112	2154
2308	2324
1080	1113
75	322
437	499
1014	1582
3584	3951
1146	1589
566	1128
1577	2594
2715	3276
2469	2611
1684	2677
471	561
2866	2985
2203	2223
2520	2607
7	322
2220	2560
2464	2468
1250	1547
450	548
3615	3815
3437	3686
1473	1502
363	566
857	862
3794	3914
3577	3611
2873	3435
2559	2611
1928	2013
1367	1376
2007	2623
2683	2867
738	774
2117	2436
2142	2184
2109	2460
2764	3263
1378	1493
1542	1605
1153	1205
1547	1823
214	289
1995	2636
1075	1845
2095	2220
2755	3363
1451	1495
967	1516
921	1389
2268	2516
1113	1210
2328	2419
1432	1583
2190	2201
1377	1612
1333	1798
1534	3101
1613	1809
2877	2929
3017	3403
2717	3363
577	632
1369	1561
1521	1626
2266	2477
2140	2520
2261	2625
2330	2510
936	1506
2526	2607
1355	1473
3258	3332
1277	1479
3448	3475
3027	3217
1028	1757
2304	2603
355	510
3472	3840
756	847
1929	2083
1268	1529
2153	2597
471	507
2828	3320
2965	3242
934	952
2764	2923
1267	1341
2354	2507
2210	2290
1032	1406
1014	1638
3476	3708
980	1845
807	819
3891	3916
414	675
2730	3097
2969	3085
2200	2654
1330	1335
1817	1846
2369	2469
2299	2625
919	1396
2677	3103
1052	1727
173	649
958	1533
2897	3033
1393	1754
2028	2283
1923	2273
1479	1841
2136	2646
1984	2464
3077	3176
2068	2153
1962	2139
2064	2150
2030	2098
1556	1810
981	1100
2264	2302
906	1269
1426	1720
2180	2643
3545	3902
2828	2875
2210	2564
2007	2303
2078	2154
2323	2550
1530	1800
925	1632
3198	3379
2087	2533
1652	1717
2872	2985
1256	1288
2672	3185
1912	2310
1912	2358
1155	1487
444	517
977	1131
1912	2395
2121	2409
1001	1179
2335	2503
2040	2623
3764	3818
526	1407
1557	1609
542	683
2851	2978
3167	3256
1416	1886
421	543
2086	2218
3835	3850
1929	2551
1941	2630
995	1826
1966	2005
1417	1621
2909	3052
971	1347
2115	2218
962	1425
2500	2630
2890	2928
3115	3182
1520	1846
1041	1348
484	1574
2982	3314
3146	3297
3838	3934
2104	2278
374	430
1361	1557
1379	1423
2816	3369
1117	1370
1075	1819
107	911
2098	2423
25	79
3438	3586
1983	2083
2404	2575
2758	3307
483	1104
2676	2717
1461	1505
1962	2059
985	1840
376	517
2229	2576
946	1589
2334	2573
1993	2123
1278	1524
1331	1843
3027	3296
1962	2276
1966	2563
2904	3150
2010	2176
3033	3238
597	618
3793	3833
1117	1361
1156	1799
2134	2510
3506	3584
981	1347
1925	2414
304	315
1596	1873
2088	2108
13	65
1215	1347
2043	2506
3651	3841
457	459
2326	2624
1120	1448
698	753
2392	2507
3437	3852
3692	3938
2327	2598
1054	1688
2428	2654
2828	3411
924	1275
1315	1647
1597	1622
1258	1366
1994	2143
959	960
2131	2404
1007	1573
1941	2005
0	69
1604	1707
3648	3719
1943	2150
2414	2433
1190	1426
353	1012
528	543
1385	1531
1970	2384
2173	2403
2404	2467
2045	2074
3118	3379
19	343
1929	2271
1184	1390
2240	2381
2161	2294
1527	1852
2064	2124
3726	3861
3618	3684
2059	2086
1684	2963
988	1298
2840	2881
2768	3274
2764	3222
1055	1822
1101	1813
107	1433
3438	3734
3256	3402
2462	2630
3145	3347
1017	1181
2240	2542
2578	2601
2939	3391
2844	3034
3635	3830
2397	2403
67	271
3679	3863
3523	3649
1839	1849
2074	2103
1516	1823
2141	2419
3907	3960
1612	1668
2120	2448
414	631
1529	1574
1048	1753
703	824
1622	1879
1393	1835
2849	3297
1029	1391
2309	2553
2043	2654
2429	2492
1142	1358
1979	2074
2142	2446
2026	2128
1068	1839
1336	1809
1217	1630
2005	2266
2478	2556
1943	1979
2324	2339
158	315
2546	2574
3459	3529
1003	1641
2287	2363
2404	2579
2090	2124
921	1377
1917	2043
2869	2950
2827	3108
1199	1431
9	176
2427	2429
1431	1516
1847	1866
3452	3576
2712	2748
1864	1879
2244	2253
2109	2374
1215	1871
1465	2102
1230	1530
2556	2593
2059	2109
2094	2535
1912	2415
1598	1741
119	150
3572	3705
619	678
2404	2611
990	3248
3613	3649
2069	2374
3490	3905
3401	3425
616	663
2087	2134
2915	3324
402	566
2193	2373
1345	1475
1525	1630
1009	1857
538	1692
107	926
2199	2223
419	559
1426	1462
1125	1547
1344	1688
1932	2368
2408	2600
2989	3391
1288	1849
1175	1471
1201	1359
1032	1102
2047	2138
1415	1507
2123	2414
2326	2619
1946	2046
1302	1367
2715	2865
3248	3274
2077	2290
3522	3979
2271	2275
2084	2139
2109	2507
3076	3396
2206	2574
3323	3397
2937	3011
926	1835
1539	1867
1405	1622
1945	2608
1123	1460
2118	2654
31	280
1971	2164
2966	3026
596	1680
1577	2555
1603	1621
3000	3226
2356	2526
3150	3152
641	1122
2735	3385
2986	2988
2482	2646
2716	2853
2406	2453
2939	3267
436	542
3077	3273
2862	3364
1097	1363
1300	1320
3025	3026
2063	2093
1609	1637
1266	1431
719	815
3773	3778
1214	1888
363	487
3265	3316
2266	2404
2133	2512
1983	1986
2198	2588
940	1109
992	1733
376	492
3120	3267
3521	3921
3213	3303
2117	2582
1272	1612
1056	1861
1272	1765
2030	2240
1912	2445
1483	1722
2376	2536
2266	2469
431	538
483	484
1530	1888
2665	2844
2461	2508
2216	2507
156	235
2485	2551
1480	1809
1205	1826
2937	3082
1470	1553
2894	3011
983	1040
1912	2287
2343	2509
1985	2451
2526	2625
1185	1826
2986	3426
1993	2601
2117	2302
2218	2553
3437	3660
2229	2573
2615	2623
2275	2339
1420	1891
2666	3098
1707	1845
688	734
482	507
1429	1489
3437	3563
2924	2960
2059	2261
2924	3220
739	787
2401	2444
186	239
2186	2379
1916	2143
1272	1793
3087	3249
591	683
1591	1764
2863	3050
1083	1126
3120	3132
1267	1689
2232	2649
954	1324
792	824
2707	3019
3731	3884
348	403
944	1011
2118	2329
2951	3379
3247	3335
353	1349
2336	2509
503	513
3012	3028
2131	2410
1060	1277
3506	3829
2131	2308
1914	2171
2326	2482
2046	2212
2047	2247
3584	3906
1970	2377
2343	2384
747	752
2828	3201
107	1864
134	248
2354	2409
2363	2615
3443	3529
920	1792
592	684
1185	1456
3469	3764
1548	1892
2773	3417
2139	2275
1929	2109
3062	3343
1398	1833
2282	2643
1003	1075
2662	3051
1278	1810
381	486
1721	1835
2095	2499
949	1630
978	1827
2006	2202
1227	1742
503	553
373	471
694	713
3107	3379
1298	1841
1912	1985
2332	2508
947	1621
1529	1699
760	814
1480	1620
3545	3788
1199	1334
2037	2074
2059	2460
363	936
3084	3238
107	1422
2206	2564
3023	3232
724	814
1393	1409
3265	3267
2028	2629
952	1126
2293	2567
1552	1674
395	553
436	507
1391	1793
1209	1340
3203	3342
1174	1825
1997	2184
2128	2479
1086	1273
1494	1705
428	1425
1734	1741
1932	1947
2142	2462
3168	3379
353	460
2761	2948
1107	1902
969	1824
2719	3261
2757	2800
2098	2142
1381	1720
2749	2919
107	1309
285	322
454	564
2108	2506
1509	1528
1271	1612
2937	3267
1551	1617
1124	1637
1487	1497
2150	2586
2247	2555
3223	3406
2203	2224
2762	2904
3280	3296
2125	2458
46	143
834	844
2345	2406
1237	1332
1957	2159
2387	2393
1953	2347
1832	1888
3018	3346
1707	1842
2084	2495
2064	2340
2133	2247
2701	2937
595	659
2040	2139
1583	1812
414	638
3396	3411
1526	1766
348	549
1982	2280
1953	2115
2229	2467
3090	3123
1942	2058
2940	3064
200	232
3056	3228
0	281
1481	1569
3586	3830
916	1431
2307	2418
2069	2460
694	847
426	431
2267	2273
1080	1142
2875	3115
2309	2340
1382	1729
932	1622
1684	2690
2682	2775
1238	1542
1183	1223
1419	1674
947	1845
1516	1589
739	792
503	539
2877	3142
844	848
1491	1735
1028	1886
1237	1397
2795	3353
3256	3393
2694	2915
919	1277
1551	1717
2501	2652
1110	1754
1052	1226
2271	2433
728	765
1981	2652
1126	1330
1124	1768
1520	1612
1107	1542
1235	1636
456	462
1035	1496
2224	2345
2078	2122
2149	2351
2026	2292
2924	2928
2103	2136
2770	3185
1185	1376
3715	3921
2172	2353
2408	2468
2853	3342
544	559
2130	2618
637	1545
2749	3085
1577	2246
2002	2516
2347	2395
1450	3011
2960	3153
966	978
705	731
3283	3318
1199	1554
1149	1554
3092	3303
2133	2372
925	1110
2938	3118
2991	3247
3547	3950
1416	1721
2803	2881
211	271
2072	2597
2206	2590
3754	3927
600	670
1175	1811
2033	2109
2224	2635
136	2128
1979	2323
1916	2133
2748	3313
2199	2547
2364	2538
774	811
2216	2504
1306	1756
1250	1768
2047	2149
0	309
1516	1868
2074	2229
2815	3195
1219	1361
993	1598
582	650
420	936
1916	1940
3608	3728
2551	2630
1480	1851
2768	3118
26	67
1024	1458
1510	1770
2931	3026
3358	3385
2866	2897
1912	2076
2078	2579
2257	2331
1540	1807
3078	3384
2240	2573
2088	2549
2748	3160
3005	3111
1134	1709
939	1829
1547	1826
2213	2611
1509	1765
538	1565
414	612
482	484
1036	1158
2782	2913
2090	2520
45	322
3051	3168
3599	3867
107	1357
1943	2604
3172	3298
3488	3702
1669	1833
1377	1723
483	1349
366	1155
2108	2376
2076	2207
2024	2365
2328	2445
2032	2491
803	820
2176	2419
1214	1858
2074	2348
2183	2461
1067	1611
967	1589
1730	1902
2138	2451
1405	3304
3455	3728
452	531
2751	3342
204	266
2910	3426
2464	2646
1562	1896
1630	1876
1081	1751
136	2491
2901	3397
2250	2333
3076	3079
2340	2623
2399	2512
3746	3846
1014	1381
3224	3355
2749	2839
1256	1480
1941	1947
1820	1907
1345	1857
993	1590
1192	1284
481	547
2030	2329
2295	2649
1684	3267
1964	2488
1519	1768
2201	2549
1929	2093
1011	1249
271	285
1049	1184
2853	3201
1149	1222
1011	1052
3024	3366
1041	1507
2777	2943
2753	3070
1984	2414
1291	1613
2502	2543
2067	2391
2064	2112
2661	2833
2137	2491
1636	1716
1186	1798
2775	3018
3980	4019
2081	2653
2410	2554
1684	3240
2083	2433
1920	2643
1537	1613
1758	1858
2239	2543
2071	2598
1912	2216
2928	3400
3502	3864
1006	1712
1068	1619
3224	3313
960	1059
2067	2526
1526	1692
1943	2098
897	1888
376	673
1912	2058
2087	2471
3514	3640
1068	1456
2870	3244
2244	2299
137	167
1917	2591
2751	3335
2194	2399
1944	2242
1055	1564
2240	2539
2061	2225
2910	3000
2755	3324
2029	2328
1940	2174
373	591
930	1773
2408	2654
3920	3964
2161	2222
2117	2368
1255	1613
2095	2646
3495	3721
2985	3022
354	507
2738	3229
1277	1322
1028	1305
3574	3642
2196	2246
1516	1737
591	634
766	823
21	223
1082	1628
2264	2280
2037	2446
988	1459
828	853
2416	2425
960	1006
1359	1509
946	1804
2802	3419
3675	3759
1538	1542
2273	2608
1412	1549
1616	1790
494	503
107	1541
644	680
2777	3417
2063	2526
394	488
3455	3876
3545	3790
1258	1343
3758	3786
2232	2325
3437	3463
3756	3797
9	169
1278	1746
1043	1111
2142	2363
2123	2237
3054	3228
2824	3091
1018	1099
1288	1833
1643	1789
139	320
1959	2032
2674	3145
2416	2525
1932	2475
2123	2546
1109	1630
2124	2213
2797	2823
2777	3056
1021	1423
1941	2033
2020	2504
2370	2374
1714	1821
107	1322
3078	3174
1375	1659
1912	2164
3032	3140
2076	2170
902	1204
1577	2445
2554	2560
1275	1473
1941	2165
2500	2624
2800	3119
2328	2368
2827	2897
1464	1844
1335	1800
518	554
2007	2176
1917	2492
2715	2787
3443	3906
3648	3816
1336	1610
1959	2351
1250	1754
519	547
1663	1683
1004	1644
2059	2655
2384	2434
2928	3090
1485	1554
1004	1335
3043	3369
2176	2603
407	543
107	1559
690	784
434	488
526	1800
2176	2480
606	1371
136	2302
2377	2588
2292	2385
394	408
1912	2474
1361	1547
2104	2604
2093	2383
2906	2916
2007	2472
1528	1757
1079	1557
1059	1717
1468	1892
2354	2381
2088	2460
2165	2240
1912	2181
504	544
98	265
2386	2561
2779	3086
713	772
1108	1382
1487	1885
2249	2268
461	561
1172	1456
2258	2542
1405	1544
2317	2361
2220	2607
348	557
3060	3150
2991	3049
1975	2248
107	1853
409	500
2174	2203
2783	3060
2127	2508
1912	2530
2306	2561
3351	3391
1912	2355
2043	2532
1668	1902
1551	1663
774	820
1684	3133
398	561
1402	1605
2090	2093
3697	3831
465	483
2326	2386
2149	2226
3442	3941
1132	1302
898	1277
1912	2300
698	888
2271	2630
1210	1606
1971	2546
1345	1379
1512	1660
1269	1827
3056	3065
916	1175
508	520
941	1706
3525	3677
2694	3033
1245	1282
3636	3835
2042	2279
1489	1794
3347	3397
1181	1714
2282	2501
2069	2504
2007	2600
2706	3184
414	583
1003	1618
686	774
2786	3084
1449	1888
1912	2256
1572	1800
2069	2172
1945	2345
1985	2210
1405	2752
48	180
252	324
718	797
1993	2600
2057	2511
2059	2602
3093	3171
1925	1983
637	1647
2187	2336
17	144
997	1214
2976	3280
3318	3382
422	561
1737	1750
2328	2616
2381	2532
2087	2127
1312	1846
404	500
213	277
1661	1751
2053	2629
1591	1715
1549	1703
3684	3741
107	1250
2131	2521
1609	1791
2674	2853
2047	2336
3525	3842
2201	2206
2229	2504
953	1205
2190	2395
984	1786
3639	3830
3528	3627
2536	2553
1917	2212
1024	1078
2115	2574
2965	3060
1917	2069
2052	2289
1559	1668
3207	3285
2772	2895
2071	2285
376	500
1059	1659
364	476
1912	2317
1912	2518
2030	2602
3831	3938
1261	1324
2302	2338
366	402
21	315
1985	2124
3525	3683
1547	1888
1469	1725
2216	2383
2274	2328
1538	1584
2172	2201
2948	3436
2344	2463
1550	1875
1684	3180
1382	1396
353	420
1684	3206
708	869
3007	3412
1684	3347
1730	1816
2020	2244
1376	1819
3250	3363
2159	2284
455	539
24	80
2939	3132
1305	1637
1269	1735
2992	3381
2801	3221
3062	3395
1331	1367
2683	3220
3113	3252
2087	2372
524	606
422	455
1139	1624
786	829
1923	2511
2201	2275
3448	3800
1980	2620
504	507
2664	2906
2115	2593
2956	3117
2738	2944
1267	1714
2128	2310
3025	3158
2755	3232
596	1032
55	123
1470	1605
2311	2446
921	1813
21	323
2215	2333
583	643
2184	2324
2267	2472
2404	2586
1347	1495
1475	1887
997	1173
3657	3857
1267	1603
2140	2554
1315	1413
2359	2504
125	136
1309	1871
3291	3386
2992	3107
1153	1598
967	1590
1964	2176
1049	1816
2169	2436
1758	3432
1912	2160
2103	2553
2325	2379
3610	3659
2063	2172
2136	2244
1735	1761
915	1487
2326	2578
1329	1389
21	31
2188	2556
1926	2347
1488	1689
1250	1557
1942	2078
2325	2343
3655	3964
1753	1845
3191	3366
1947	2419
2828	3060
1019	1021
1187	1511
2369	2485
2020	2300
2763	3294
2257	2559
2047	2085
1460	1768
2273	2333
580	936
2093	2164
1985	2329
2030	2154
5	87
1090	1749
2402	2614
2783	2976
2074	2593
2139	2244
1992	2513
1951	1973
2212	2539
946	1653
2881	3287
1912	2631
2098	2266
1941	2148
3189	3331
1752	1835
1925	2218
1237	1853
2853	3267
2768	2973
2553	2586
1929	2433
2210	2404
3046	3209
1923	2032
2138	2372
2600	2604
119	323
3021	3115
2223	2279
1981	2062
952	1399
1938	2386
1160	1669
1356	1478
2123	2563
3188	3260
1041	1226
1559	1613
1520	1584
2199	2372
1017	1839
3503	3785
2060	2446
2265	2406
1373	1502
693	844
1399	1902
2664	3033
687	728
3093	3342
2254	2268
3034	3152
2098	2229
917	1042
2543	2573
1010	1770
150	163
3711	3826
1985	2506
2140	2275
3280	3422
2945	3026
107	1768
946	1048
517	606
2161	2458
3703	3968
3437	3480
66	239
2078	2164
805	831
946	1662
1370	1833
2866	3047
56	232
1230	1597
2104	2290
2053	2315
1291	1622
2839	3078
2132	2246
756	826
428	508
2399	2617
2123	2574
2206	2271
1750	1849
2730	3359
2839	2919
1130	1449
3609	3797
2973	3021
2689	3417
1014	1066
2745	3139
1290	1669
2254	2649
2113	2548
1352	1528
2002	2087
2057	2065
1736	1757
417	461
2376	2552
2184	2363
2098	2499
2020	2059
3610	3927
1222	1861
2730	3214
1509	1735
1932	2582
948	1320
2240	2600
170	342
1017	1669
2944	3433
1127	1183
2729	3090
2103	2237
2491	2510
1962	2084
1214	1471
107	475
544	683
1361	1376
2813	2883
3296	3411
2526	2606
1425	1671
3620	3870
45	345
2233	2552
1173	1570
2949	2997
3442	3615
2115	2240
1970	2501
1684	3310
1668	1879
1684	2870
60	239
1608	1842
2007	2071
2436	2588
3471	3838
107	483
455	561
2863	3256
896	1284
3980	4017
1112	1724
82	313
234	239
107	1491
1750	1799
2863	3277
1598	1604
3692	3756
2268	2458
1662	1845
1330	1714
1243	1835
7	246
2742	3355
620	678
2683	2945
0	177
1919	2633
2200	2546
772	828
1100	1479
1959	2543
2132	2343
1912	2064
936	1300
1271	1849
2866	3040
2069	2410
2734	3347
2793	3347
1938	2290
2086	2507
3136	3419
3280	3431
212	252
2916	3078
1107	1130
2888	3231
2078	2553
1447	1551
1696	1761
946	1399
107	924
1921	1980
1079	1827
3437	3746
3456	3703
2951	3086
402	438
2991	3051
1126	1128
1117	1399
2340	2526
16	329
2665	3274
2313	2375
1211	1559
436	525
2047	2315
86	175
2271	2532
2324	2462
252	313
3463	3569
2310	2318
718	758
1352	1845
2550	2552
0	75
1577	2491
3116	3152
2120	2577
2791	2812
3077	3420
2904	3206
1729	1907
1464	1853
1610	1619
1017	1269
2044	2142
1959	2223
2188	2559
417	514
2559	2574
2183	2420
1583	1728
2709	3138
2661	2904
2384	2543
1717	1891
989	1322
2336	2347
2661	3351
2850	2916
1565	1870
1459	1649
2172	2574
2084	2546
107	1686
2833	2937
1919	2297
1528	1669
2126	2301
2960	2985
353	1114
2218	2370
909	1889
908	1719
3260	3299
1955	2125
2276	2611
1117	1746
701	778
3090	3232
1917	2370
2174	2209
1622	1659
1319	1371
696	738
983	1456
1271	1457
3158	3363
2354	2460
1287	1746
1080	1870
500	521
3572	3794
1605	1730
1098	1534
1125	1663
2539	2575
3741	3938
1226	1847
1912	2021
2108	2520
2086	2485
2235	2432
355	376
3596	3642
1348	1624
1124	1334
3604	3889
523	561
2477	2561
1059	1547
353	475
1729	1850
517	936
2032	2417
513	641
2016	2225
1954	2199
703	730
2943	3213
3051	3252
917	1282
2674	3049
2863	3206
980	1393
2240	2554
2958	3100
1620	1683
3629	3722
2715	2844
1132	1621
87	339
1113	1565
2907	3056
2330	2649
3981	4023
1970	2419
1082	1392
3586	3796
967	1570
107	1192
2224	2351
1409	1551
3438	3449
1110	1845
1685	1902
2184	2306
2045	2064
1338	1906
1085	3456
2372	2511
963	1787
1804	1823
612	680
2261	2624
1912	2484
1483	1800
2030	2303
1140	1450
1025	1487
1015	1423
1243	1330
1110	1242
387	461
389	1699
1153	1842
1584	1839
526	1778
2001	2018
2289	2594
2836	2898
3620	3906
2679	3426
2869	3170
2623	2625
1465	2087
3782	3945
989	1824
1983	2542
1688	1795
2877	3064
1447	1605
2701	3076
3605	3702
1228	1412
2163	2516
2149	2533
1432	1635
2282	2537
118	211
2471	2473
3297	3335
2144	2241
2172	2499
2206	2409
2551	2638
1265	1608
2661	3411
2123	2499
391	500
2347	2463
2568	2603
1292	1899
3227	3269
3133	3366
2468	2510
482	496
687	856
1357	1897
2150	2326
538	1870
2958	3302
2866	2940
1091	1598
2071	2384
2141	2242
3449	3692
1329	1377
1940	2292
1331	1420
48	302
3005	3027
1684	3202
2340	2429
1577	2327
1957	1972
2718	3263
2121	2564
1399	1431
1916	2002
1926	2071
3717	3744
1275	1536
1427	1446
659	675
1077	1911
1181	1491
1584	1665
2333	2377
72	291
2864	3098
524	561
2078	2468
21	121
3253	3327
2030	2560
1556	1610
2508	2589
1929	2574
1173	1331
982	1598
2734	3157
475	1427
1123	1272
2059	2414
506	557
1603	1717
1666	1684
2081	2127
360	548
2121	2504
952	1054
1003	1435
637	896
3082	3421
3046	3109
2690	2882
1072	1904
2748	3058
3090	3430
2307	2542
3545	3654
1170	1745
3488	3557
2057	2134
1112	1184
2376	2404
3469	3761
1369	1590
1123	1619
2939	3347
2869	3132
2167	2281
966	1619
1912	2248
2664	2782
2839	3202
2123	2607
2229	2586
2663	3130
2521	2607
1136	1360
1126	1132
1663	1849
2936	3082
2749	2909
2848	3280
2916	3129
107	1835
2319	2649
2329	2546
2131	2546
2056	2188
378	651
2216	2307
2240	2467
2087	2149
1347	1432
1359	1389
130	213
2711	2829
3289	3396
3050	3214
526	1358
2095	2340
3472	3685
2086	2261
1030	1788
1447	1826
2036	2318
2118	2276
2225	2620
1146	1160
39	257
3102	3169
3591	3924
2782	3090
2244	2551
2589	2617
2116	2128
3584	3792
1912	2324
1107	1538
1951	2645
921	1613
1407	1663
2950	3076
3274	3397
400	428
366	1844
3198	3342
3489	3665
1351	1437
1004	1612
1048	1669
1670	1772
2275	2619
2172	2188
3793	3870
1917	2140
2334	2374
2095	2619
1983	2213
1920	2196
2031	2318
3069	3168
1912	2411
2467	2611
2200	2340
2105	2236
1334	1540
2937	3079
1337	1437
2264	2347
2077	2220
2464	2559
2085	2406
1516	1610
107	1516
1758	1835
3132	3296
1185	1431
1331	1861
2779	3019
2992	3132
1979	2506
2781	2863
1166	1366
916	1312
790	832
1563	1603
3527	3938
2280	2608
2810	3363
2738	2960
420	553
2229	2536
1471	1637
906	1323
596	609
3721	3968
481	555
2679	2993
3084	3158
1024	1804
2257	2352
1459	1495
419	430
2458	2653
2348	2446
2853	3240
3466	3829
823	824
2187	2279
1083	1668
739	840
1555	1676
1663	1697
1059	1302
1716	1720
1345	1438
2244	2482
2937	3152
993	1800
2019	2067
2104	2556
1410	1494
261	285
2054	2189
3439	3716
1604	1617
2425	2637
2069	2307
2365	2447
2717	2864
962	1210
3084	3123
1123	1610
1107	1714
1986	2393
1933	2360
3872	3979
2555	2649
1351	1730
941	1764
2161	2417
2748	3335
62	322
1078	1839
1115	1277
334	339
1918	2409
2276	2554
2139	2578
1199	1539
1078	1668
1175	1398
471	524
1944	2325
2392	2549
2730	3162
1973	2011
960	1107
2229	2237
1126	1535
2074	2098
1315	1611
3324	3390
2894	3079
2690	2759
2950	3070
2031	2174
1146	1753
2410	2542
1199	1557
611	680
503	524
2379	2594
1628	1691
2073	2392
2914	3117
726	844
3480	3841
542	580
1651	1768
348	529
2047	2302
1730	1867
1912	2082
3584	3900
3018	3086
3051	3160
953	1809
1092	1124
2039	2616
355	367
1019	1611
2123	2154
2003	2101
1619	1868
2084	2500
404	560
2770	3419
2835	3417
703	807
370	565
1634	1686
1595	1661
357	516
2927	3430
1081	1495
1962	2414
1029	1663
728	754
1953	2122
1251	1410
939	1154
3909	3945
2275	2484
2200	2477
2112	2374
925	1688
2770	3247
2093	2564
1993	2429
1779	1883
896	1812
1004	1185
3076	3381
2131	2331
3291	3347
1963	2020
1930	2397
3509	3593
2916	2987
3437	3815
3496	3505
2278	2303
2184	2619
2130	2448
566	580
1979	2253
2001	2627
1399	1827
3016	3416
1288	1331
1173	1791
3280	3378
1054	1293
2123	2220
2199	2594
1971	2359
897	1388
3676	3825
2434	2461
1370	1886
1097	1837
1283	1554
1472	1529
1153	1331
3064	3339
2052	2344
1485	1509
1158	1573
2674	2796
2048	2211
1163	1380
1515	1706
1345	1841
2150	2359
1989	2257
2148	2417
2010	2155
2927	3065
3683	3830
3538	3912
2697	3292
124	157
2823	3258
2420	2629
3203	3240
2905	3098
1175	1265
1912	2553
1932	2191
407	513
1590	1735
1070	1152
1250	1750
1163	1604
1207	1302
1786	1907
1794	1844
2291	2406
1555	1588
2309	2409
1348	1541
3720	3918
976	1677
236	276
1086	1471
3488	3884
1973	2297
2213	2331
999	1821
2839	2974
2742	2904
2800	3073
2419	2608
1943	2340
414	647
3462	3800
1923	2637
2007	2463
2864	2909
688	701
1150	1283
3145	3386
1211	1858
1467	1614
3455	3588
3541	3892
1118	1837
820	834
422	680
1143	1231
2078	2430
3449	3684
107	1375
2645	2660
2346	2389
171	1486
1491	1795
2689	3108
622	625
2340	2579
2464	2539
168	277
2145	2502
1124	1610
2095	2150
2973	3038
1534	2764
1871	1907
1957	2648
1411	1450
2681	2924
2183	2384
2038	2566
373	513
168	291
2107	2313
3711	3870
3505	3936
1912	2345
2002	2344
2694	3195
1621	1717
688	780
2111	2254
2151	2509
1440	1909
2090	2112
428	544
3674	3888
1049	1230
1568	1798
1222	1663
908	1511
2233	2573
2171	2633
0	207
1684	3031
2951	3313
2754	2940
2229	2500
2238	2361
1730	1774
2934	3244
2172	2356
2241	2384
1166	1504
2154	2464
2029	2298
3501	3596
927	1827
2550	2615
2742	2796
1963	2139
1989	2290
2757	3324
376	515
1345	1862
3106	3198
3625	3830
1707	1868
2054	2420
1929	2542
2068	2643
583	662
766	834
2872	3166
3022	3184
2867	2925
2944	3348
2187	2264
107	1221
2147	2604
2311	2646
2200	2381
2117	2347
1339	1471
1302	1791
389	1681
2363	2560
1983	2601
414	427
2174	2498
965	1070
2462	2646
109	119
1520	1639
1576	1691
2203	2389
40	277
1291	1730
2426	2490
713	781
661	670
1067	1404
1979	2539
1223	1436
2783	2932
1934	2145
107	1685
1941	2081
1736	1750
1488	1782
2782	3104
700	745
107	1787
1983	2108
2909	3000
1332	1487
126	260
1352	1614
2892	2995
1945	2508
2324	2409
3786	3945
404	483
272	304
2083	2615
2397	2448
1059	1598
728	803
1580	1868
3035	3211
2674	3280
2125	2555
2512	2544
1542	1809
1285	1668
2950	3357
2778	2894
1191	1800
1491	1827
67	170
1961	2128
2888	3137
2094	2487
146	317
107	1206
2694	3364
1429	1704
2590	2591
394	400
2107	2656
1714	1793
1320	1349
3038	3406
2112	2418
1514	1679
2132	2438
1091	1472
1108	1582
376	523
1516	1804
1684	2713
2206	2607
4	78
703	754
2081	2161
1391	1707
1114	1808
1997	2654
1684	2871
1049	1659
1583	1647
1467	1551
1004	1842
2095	2190
1412	1500
3033	3119
1926	2169
1597	1721
3559	3681
109	239
1132	1361
1983	2077
1360	1433
2495	2631
303	322
2084	2165
2979	3340
2738	3231
1577	2344
1943	2356
2552	2586
2309	2476
1269	1584
2436	2458
3137	3149
2484	2546
2700	3248
1146	1377
3437	3685
2284	2378
952	1735
2240	2619
2679	2969
637	1677
2663	2899
88	186
2874	2966
1035	1778
1591	1596
461	606
1917	2575
1813	1888
2823	3145
2125	2224
2781	3169
2738	3036
1086	1255
2123	2408
2303	2526
2318	2480
2150	2433
1946	1989
1460	1513
2093	2467
1287	1390
107	1180
2138	2149
1309	1515
2112	2423
2793	2936
2142	2326
3001	3331
1989	2084
1207	1809
902	1438
1525	1686
2174	2211
1946	2564
1730	1753
1149	1791
2176	2594
1794	1850
2276	2414
3527	3926
2909	3054
1109	1482
2184	2307
2261	2654
2132	2292
1017	1810
2949	3066
2165	2553
3620	3764
3070	3154
2219	2406
1199	1730
1604	1897
2772	3221
2037	2112
1245	1495
2201	2331
927	1846
2319	2351
2187	2347
2002	2510
1391	1608
1577	2247
2266	2323
2078	2088
1598	1833
2266	2309
1796	1833
2040	2590
1413	1859
2674	3252
2057	2149
719	820
1547	1879
2674	3116
2064	2395
1021	1100
2687	2846
2718	3236
1222	1811
1543	1844
967	1800
1028	1329
1287	1663
2451	2463
1222	1879
2825	3027
739	828
1953	2418
2063	2329
2142	2521
2680	3304
3471	3851
1365	1669
2680	2986
1714	1826
2381	2624
3498	3835
3049	3101
949	1507
2806	3184
2338	2594
3052	3348
2430	2543
2077	2381
997	1604
1646	1881
107	1763
1125	1707
141	304
1513	1842
1912	2393
2020	2229
1620	1665
1255	1622
2063	2500
2839	3234
537	567
368	497
1370	1584
2404	2601
2138	2294
107	1454
2030	2550
1928	2378
2234	2404
1003	1391
1918	2549
1436	1794
2188	2552
2384	2463
113	261
376	397
2664	3384
1683	1813
2199	2396
3017	3172
1983	2550
1968	1973
376	566
2199	2273
1999	2378
492	553
3613	3883
3172	3204
1219	1547
1112	1888
3473	3595
1003	1293
1017	1380
2103	2115
1067	1438
101	204
1361	1723
2071	2328
1942	2092
989	1647
1329	1590
2143	2283
1156	1816
2510	2588
1736	1789
2711	3177
1198	1800
711	842
136	2635
1960	2371
1571	1902
2317	2474
1917	2549
2875	3111
1626	1883
2748	3342
3267	3381
1684	2791
1971	1985
807	823
2694	3388
1032	1066
2367	2617
1616	1694
1684	3012
1791	1849
2282	2616
1984	2443
2716	2785
1184	1816
962	1844
1199	1449
2028	2054
748	764
2124	2553
1131	1304
2546	2615
2072	2377
3690	3878
2432	2537
2855	2904
1957	2640
1946	2428
2778	3049
1960	2146
2376	2520
2264	2510
2326	2593
1989	2339
2748	3224
507	514
1097	1798
395	471
3830	3957
2068	2196
925	1196
1338	1482
2271	2542
3240	3342
2139	2233
1983	2064
2334	2363
1338	1815
1539	1621
1104	1720
2187	2463
3601	3823
431	651
2793	3140
2880	3117
2159	2171
3562	3830
213	303
1971	2573
2720	2753
2916	2944
2639	2647
1292	1550
1018	1824
2000	2022
688	815
705	726
2546	2552
2226	2518
1920	2010
1787	1892
2213	2324
2174	2384
1418	1650
2944	3158
104	128
3633	3684
1495	1515
2236	2628
2880	3065
2056	2607
2020	2495
2090	2308
1370	1480
2172	2624
1684	2695
1237	1744
686	736
376	400
1341	1821
3090	3387
2077	2124
2536	2546
3000	3232
2777	3108
3437	3613
0	11
2062	2101
979	1889
1454	1783
2765	2973
1296	1338
1545	1853
1912	2163
2161	2543
38	339
2307	2414
1169	1529
1211	1449
1980	2583
3456	3943
952	1584
1333	1533
1927	2364
2992	3079
412	544
1337	1384
2363	2408
3586	3841
2374	2477
2669	3387
905	1217
1303	1812
1957	2116
1595	1875
3636	3769
2760	3222
1979	2271
3184	3324
2683	3036
1209	1522
2187	2327
2292	2544
2140	2638
705	835
2978	3090
2071	2491
1213	1415
980	1399
1014	1742
1056	1222
1245	1281
2197	2341
1625	1878
3499	3719
2386	2549
3297	3397
1952	2111
2033	2408
1199	1782
2031	2327
2297	2538
2063	2507
1979	2552
2150	2352
1929	2290
438	651
2549	2654
136	2081
1730	1891
919	1102
2065	2530
2149	2185
1676	1713
2355	2529
954	1783
1939	2652
475	1122
925	1721
2669	3022
2214	2288
947	1391
19	175
609	653
246	322
82	98
194	196
1402	1580
1938	2218
1291	1584
2423	2654
2020	2103
2153	2344
2333	2512
2832	3256
2078	2275
2176	2242
9	323
2880	3220
1159	1807
2374	2532
2880	3023
2784	3259
3734	3877
1213	1739
2669	3301
2717	3085
2127	2312
2227	2313
1291	1879
3000	3090
2928	2966
412	566
2834	2972
2849	3332
1684	2978
1675	1765
3001	3244
348	361
2032	2134
2029	2325
1114	1677
2484	2553
962	1294
1509	1513
369	435
2235	2243
0	263
2115	2560
1219	1813
1653	1835
2258	2354
2979	3409
925	1092
2017	2565
1459	1899
1612	1782
2020	2124
1941	2348
3090	3433
2165	2602
1080	1095
2803	3100
2330	2491
2297	2435
1684	2965
1332	1844
2099	2197
1612	1839
1015	1479
1623	1867
3051	3406
964	1428
378	527
2187	2472
1080	1677
3573	3576
1117	1621
1026	1613
2085	2107
1121	1847
2267	2617
2003	2434
2087	2241
2597	2608
1080	1464
2134	2273
2060	2206
1243	1885
2267	2510
1377	1535
1939	2304
2138	2436
2683	3123
1003	1598
2097	2284
3324	3363
2676	2864
3313	3342
3166	3400
1736	1879
2005	2615
455	506
1754	1819
2086	2590
3509	3947
916	1563
2499	2591
1358	1490
754	777
580	1210
1091	1890
1559	1570
2492	2646
952	993
3258	3434
3005	3113
1989	2607
1649	1783
2892	2934
1912	2436
1211	1437
1399	1447
1026	1431
1919	2341
1548	1880
2038	2209
1329	1845
917	1225
1001	1114
2088	2418
1290	1460
2451	2608
2669	2985
1953	2551
970	1360
3728	3740
1800	1811
2396	2459
2340	2615
2877	3184
1011	1189
2108	2244
1984	2340
1935	2001
1352	1621
1107	1530
2063	2078
1344	1861
3656	3929
1768	1813
2340	2591
2376	2601
3648	3758
1086	1877
2730	3219
2145	2357
1648	1837
2101	2223
1341	1352
3154	3223
2347	2543
1963	2324
1388	1813
223	252
2414	2507
2030	2271
370	520
686	728
1172	1330
1982	2345
3029	3364
1195	1554
2084	2201
2278	2395
1740	1778
1017	1390
1199	1604
1167	1275
2073	2556
89	147
2246	2368
1136	1307
3821	3878
308	329
1076	1816
1660	1773
2144	2336
353	370
907	1730
1305	1312
1082	1347
3437	3883
970	1615
1684	3040
2033	2063
2224	2267
230	253
1128	1538
2188	2526
1683	1799
1355	1472
2698	2905
1256	1652
1355	1686
1505	3020
1718	2461
1938	1943
3010	3090
1938	2150
1431	1564
1032	1820
2220	2370
142	203
1973	2016
2326	2352
920	1584
1181	1746
93	137
2098	2376
2170	2426
2139	2646
1704	1794
1074	1409
2084	2590
2229	2347
1037	1727
2912	3026
2830	3434
2218	2631
2074	2140
2526	2619
3049	3344
373	483
2507	2624
1912	2600
2257	2601
408	409
2111	2259
2352	2561
1361	1835
3039	3185
2333	2592
2960	3000
1204	1824
1026	1835
1191	1352
784	824
3980	3996
1621	1622
2138	2332
1182	1509
1535	1571
2140	2506
1522	1551
2348	2630
107	1561
1747	1895
397	449
1637	1791
2093	2593
2381	2489
2460	2607
1479	1786
2344	2419
2986	3073
1993	2030
1603	1707
1917	2553
1966	2507
1979	2492
1112	1312
1102	1273
228	283
223	246
2771	2841
2022	2157
3096	3098
2718	3296
906	1222
2242	2399
2742	3198
2881	3422
2507	2619
3491	3968
3448	3930
2774	3055
1941	2379
1130	1584
977	1072
3485	3930
1983	2212
1074	1329
3132	3154
172	252
3456	3851
2931	3238
348	389
2218	2347
1469	1482
2122	2356
1320	1679
3516	3898
3462	3604
1817	1863
400	444
573	666
1653	1827
2123	2165
626	677
1804	1902
2059	2237
2926	3376
2196	2289
3102	3116
2510	2512
242	299
2459	2620
1986	2559
1158	1495
3228	3293
1079	1867
3170	3350
252	280
947	1028
2508	2543
1075	1870
2374	2564
1545	1743
213	231
2112	2619
107	1047
2095	2363
1512	1767
2803	3048
1390	1554
2833	3381
199	325
2276	2542
2121	2423
2929	2931
1983	2233
2032	2087
1675	1867
1410	1866
1450	3289
2222	2537
175	225
2414	2552
461	506
3684	3780
98	331
2037	2244
1971	2095
942	1783
906	1554
1101	1637
754	823
3543	3859
1954	2598
1668	1809
2407	2414
2179	2200
3535	3694
3179	3262
3463	3486
2754	3257
2283	2594
1941	2547
2154	2213
2072	2509
3101	3140
3534	3568
1981	2336
2290	2500
3692	3873
2675	3337
2206	2460
2133	2451
2125	2434
484	1740
1126	1589
2077	2414
2229	2551
1515	1794
107	1280
1612	1769
2795	2832
2183	2223
1684	3256
2026	2279
1590	1637
1618	1622
2086	2370
3656	3692
1306	1507
2102	2267
3471	3966
779	823
896	1018
930	1113
2101	2221
764	827
3776	3933
2233	2575
1684	3374
257	322
2267	2547
1290	1750
1617	1643
1983	2040
1078	1393
1584	1613
2958	3276
902	1573
1275	1709
1959	2509
1912	2451
3017	3291
353	520
14	310
2045	2600
2122	2323
2939	3397
1113	1870
1972	2000
2118	2630
2083	2550
2864	2910
2060	2075
1149	1816
1584	1622
2165	2309
3532	3535
475	1332
1012	1155
1126	1879
3687	3824
1254	1368
2266	2363
2244	2477
1021	1862
1132	1547
2392	2542
2960	3433
701	754
2300	2601
1577	2203
3437	3490
2668	3256
2716	3041
2781	3297
2392	2590
1485	1659
953	1520
640	661
1006	1083
376	434
1944	2452
1941	2040
2084	2352
2664	2988
3726	3945
1312	1879
3001	3154
1491	1597
1117	1722
925	1180
1953	2477
705	831
1199	1250
3137	3394
1598	1832
3763	3782
1938	2559
999	1652
2180	2372
1288	1470
492	537
2067	2646
3506	3515
2136	2340
2047	2134
2088	2331
1718	2328
376	559
392	492
2592	2629
1721	1804
2716	2914
1684	2732
3011	3332
1451	1515
2299	2560
1753	1833
2300	2556
703	815
3437	3850
1815	1906
3347	3434
2115	2278
1131	1249
993	1329
2233	2464
3481	3562
2551	2597
1683	1836
582	658
2742	3277
3956	3964
2275	2356
1021	1235
1083	1826
2084	2172
402	482
589	636
1791	1902
2332	2473
1986	2590
2433	2504
1379	1573
966	1789
2352	2574
198	476
953	1605
686	816
2125	2203
1948	2327
3291	3320
1929	2164
1577	2608
732	788
1499	1889
2071	2149
1919	2583
2040	2266
1584	1717
2319	2372
3359	3412
483	1875
1643	1768
2469	2604
1483	1793
995	1205
2095	2590
1983	2184
2026	2381
3728	3769
1210	1744
2770	3411
2054	2508
2122	2586
2894	3017
1995	2171
1059	1352
1917	2271
1547	1559
2121	2381
107	917
1965	2335
2233	2579
1352	1584
1017	1336
2275	2348
2328	2438
500	566
3677	3839
1939	2319
2078	2495
2386	2477
2290	2556
2720	2793
2102	2125
994	1584
3658	3828
2791	2844
694	820
3101	3335
56	290
2538	2639
1718	2629
974	1228
2336	2543
2088	2560
1274	1825
3437	3674
1912	2460
2111	2176
1273	1515
483	1487
402	558
1736	1845
366	1645
724	828
944	1525
2268	2302
3982	4021
2081	2642
896	1764
3893	3941
112	174
1017	1721
142	236
2436	2445
1929	2418
1516	1752
1104	1373
400	513
2164	2551
2728	3002
1319	1648
1097	1892
1374	1487
2591	2607
2088	2306
1962	2655
2210	2604
2669	2969
2302	2324
1761	1885
1684	3160
3329	3409
726	778
36	309
988	1347
2002	2143
982	1821
2602	2623
3583	3869
1284	1647
1912	1949
2161	2471
2783	3087
3538	3819
1450	1656
2020	2428
1221	1275
2229	2591
1238	1336
1947	2547
1592	1647
1365	1617
363	656
2090	2154
1912	1925
1107	1842
1076	1589
2583	2639
1001	1155
1305	1524
2059	2139
1987	2134
3756	3772
1732	1751
1453	1807
1380	1789
3035	3267
1683	1750
1048	1612
1684	3274
2223	2336
627	661
1003	1557
2185	2198
2110	2161
3641	3655
980	1813
2203	2509
3438	3877
457	518
2053	2537
2806	2920
2081	2224
2987	2993
1076	1352
730	797
2909	3384
2284	2660
2715	2747
2327	2471
1487	1660
1620	1813
2533	2643
662	670
2359	2446
2782	3301
1684	3024
2279	2292
1923	2310
687	759
2786	3119
493	500
2753	3060
2221	2603
1225	1338
2224	2283
2944	2978
3406	3409
1052	1453
1668	1746
1243	1269
122	235
1083	1663
3997	4021
2084	2625
2276	2604
3473	3541
1172	1376
2240	2550
390	539
3611	3762
2327	2537
1569	1658
1718	2508
2010	2087
1912	2338
348	510
1470	1519
2728	2830
2777	2810
997	1336
1966	2551
1184	1845
2845	3298
3377	3378
781	815
773	824
2423	2542
2989	3320
2074	2489
958	1186
2280	2458
2293	2338
2064	2604
0	92
2334	2376
1639	1902
2201	2354
2738	3426
3540	3674
3455	3526
1832	1898
3514	3545
1981	2101
1333	1548
1060	1227
953	1456
544	557
651	1169
1523	1659
592	612
1003	1717
1364	1540
1468	1802
2118	2542
1279	1379
3578	3683
320	329
1221	1862
1160	1736
1516	1741
3237	3426
1861	1888
726	731
1369	1846
2754	2920
2111	2344
2719	2973
1628	1716
1920	2438
863	888
1066	1504
3064	3232
2769	3130
1189	1783
1305	1516
107	1165
1160	1361
3468	3645
3604	3737
2309	2500
2466	2650
3599	3773
3750	3877
426	455
2072	2224
1198	1799
897	1160
995	1274
304	332
2144	2642
1185	1255
1539	1861
1684	2757
969	1729
2212	2275
2593	2631
2128	2283
1070	1259
2024	2364
3870	3900
1991	2225
1126	1598
3148	3378
1993	2200
2142	2495
3604	3611
2011	2585
2052	2143
366	391
2060	2188
2368	2533
1117	1389
3128	3336
2123	2602
2773	3362
1613	1793
1689	1877
2212	2237
3473	3912
1669	1791
2900	3162
1238	1323
465	570
1647	1899
483	580
2073	2140
107	923
2896	3293
1148	1454
2785	3431
2600	2615
2002	2194
1684	2800
348	567
2827	3348
2340	2354
2102	2351
1117	1205
2334	2464
2296	2345
3077	3125
3028	3368
2482	2604
885	887
1214	1813
1021	1462
1953	2290
1026	1520
1361	1849
863	878
705	844
2683	2874
1290	1619
1259	1541
2729	2794
463	500
107	1571
2343	2530
1214	1861
348	496
1958	2297
3448	3938
1359	1551
1909	1911
2696	2820
2246	2247
2062	2338
2327	2436
1070	1529
1079	1622
413	535
2093	2190
1984	1993
1465	2135
1972	2012
2109	2552
2283	2319
2244	2579
1305	1402
1347	1628
107	1114
1705	1719
2084	2090
1584	1675
2976	3089
2668	2702
242	346
1024	1571
1786	1893
1341	1619
2244	2386
903	1186
2716	3385
428	1446
1936	2644
1449	1868
107	1039
2511	2533
2571	2598
1918	2201
2924	3085
1052	1496
1229	1862
2154	2309
1946	2150
2087	2148
2171	2660
2340	2423
3701	3774
1916	2544
2165	2408
2469	2602
2872	3056
1663	1735
2039	2232
1305	1622
1647	1862
1066	1261
906	1653
3448	3604
694	710
354	450
2309	2573
2668	3374
2236	2440
1912	1957
1535	1551
1309	1751
1939	2458
2485	2549
376	1357
583	681
870	894
2492	2553
2477	2549
3130	3300
438	513
3039	3225
2810	2867
1303	1894
2083	2299
363	1514
1943	2190
133	183
2407	2542
1026	1753
2800	3078
2280	2518
1800	1827
1160	1388
2010	2616
1603	1675
3437	3540
3642	3860
1609	1610
1017	1714
1006	1078
136	2472
1971	2404
1352	1902
2224	2516
2753	3406
2064	2560
1056	1330
2184	2591
3762	3824
2484	2564
2116	2616
1136	1494
1684	3239
2108	2299
2758	2813
2785	3046
1146	1793
1993	2560
953	1243
2695	3213
1953	2112
1827	1891
1580	1608
3486	3833
1678	1852
2172	2218
67	313
1339	1623
2748	2901
589	592
1954	2649
2823	3403
1684	3000
1927	2011
2180	2328
2112	2172
1722	1909
701	830
58	1684
1274	1553
2244	2287
1522	1791
1615	1806
1985	2408
2982	3309
2123	2630
1912	2482
2950	3060
1345	1872
1463	1675
1943	2404
2976	3289
2212	2240
924	1260
1309	1786
1557	1761
2225	2639
2081	2243
526	1710
1029	1084
1219	1902
370	497
2347	2593
2718	3253
2173	2357
1104	1473
1107	1563
993	1135
2391	2611
107	1104
2750	3056
1182	1888
2472	2609
1451	1824
1190	1284
1336	1491
4000	4033
3086	3177
647	681
14	343
1277	1884
3051	3140
526	1367
428	436
1199	1467
1981	2132
2081	2394
705	728
2739	3068
1912	2653
739	819
2229	2553
1955	2594
2927	3085
1367	1800
1256	1620
2037	2308
1334	1492
118	277
2533	2649
2139	2615
1509	1683
2672	2781
2058	2104
456	506
109	325
359	489
2439	2558
1222	1513
2862	3025
2047	2594
3437	3856
391	539
2329	2410
53	249
1366	1709
990	3057
3170	3291
1190	1857
2268	2459
1505	2760
2040	2410
1939	2222
1198	1367
1167	1686
2131	2359
2835	2946
2026	2350
1026	1460
1238	1456
3022	3052
1520	1746
1219	1888
1199	1614
1577	2068
1018	1751
1941	2138
3182	3291
2782	2920
2794	3000
2904	3253
395	683
2948	3065
3553	3685
506	566
2554	2611
1028	1522
3678	3791
1938	2266
3080	3137
1214	1359
1973	2006
2865	3402
1030	1252
3077	3356
23	51
2183	2187
1287	1730
1912	2339
373	587
766	780
2047	2187
1985	2058
1339	1610
2142	2624
1668	1839
2795	3211
1059	1589
2203	2598
2867	2877
1246	1738
960	1271
2283	2501
1957	1968
0	320
566	1844
1943	2307
2918	2955
3994	4019
148	224
1014	1020
432	465
3103	3207
2187	2254
1533	1837
618	685
0	118
2244	2275
3097	3117
4	306
3196	3289
87	315
0	61
2102	2616
2750	2839
2188	2507
916	1668
3506	3855
2326	2556
2755	2944
2081	2189
107	1338
2395	2551
1610	1813
2132	2185
1107	1559
68	296
3708	3836
591	604
1431	1905
3437	3906
1962	2553
2370	2464
1293	1796
3051	3386
2706	2864
1243	1590
942	1396
2940	3238
2665	2984
2073	2165
2887	3036
611	684
1355	1525
2542	2561
1959	2075
2007	2189
3051	3260
1391	1746
1488	1863
1454	1871
2250	2413
2189	2384
2212	2408
3629	3698
1156	1604
1953	2623
1742	1907
1947	2174
1917	2184
2796	3172
948	1881
2095	2121
537	538
1559	1598
3198	3395
82	211
2189	2451
1584	1589
2028	2128
1994	2420
3403	3422
2679	3084
686	819
2894	3185
939	1566
2313	2439
1535	1730
1925	2410
2218	2266
2363	2559
2979	3201
1714	1730
3944	3948
2035	2082
2694	2988
1505	1656
362	570
2359	2578
1510	1650
2174	2224
1514	1677
2117	2246
0	53
2138	2368
2890	3078
2200	2329
2184	2564
763	803
2096	2603
2897	3174
777	824
2810	3025
2150	2200
2675	2871
2216	2600
2370	2395
2053	2072
3533	3948
434	515
925	1048
2730	3210
1912	2167
1329	1753
966	1367
2140	2374
2332	2333
1163	1185
982	1380
2384	2617
1003	1653
1059	1796
1029	1551
1545	1778
3680	3878
2773	3104
3514	3860
444	503
2461	2616
3386	3434
3512	3604
3805	3916
1211	1702
3136	3171
107	171
3906	3924
2705	2754
2115	2150
480	563
378	580
2889	2959
1688	1710
2340	2550
2947	3273
1661	1742
953	1610
1181	1375
139	159
3690	3895
704	799
2778	3345
483	1281
981	1120
1035	1109
1214	1409
732	839
1850	1893
1330	1604
2986	3065
2104	2655
1175	1456
2393	2584
25	280
1267	1447
3440	3633
1998	2538
1003	1819
416	563
2907	2974
2931	3090
3085	3250
436	553
2254	2463
1565	1695
483	1396
931	1694
1532	1757
1559	1816
2359	2542
2093	2353
1557	1793
3501	3674
2069	2244
392	537
2905	2946
2469	2492
271	313
2216	2324
1074	1185
2261	2276
2223	2436
1912	2526
2059	2118
2165	2324
2054	2153
2436	2510
2140	2150
2068	2143
1816	1835
696	840
2213	2257
2184	2625
3101	3150
2407	2543
3267	3270
2037	2536
2680	2960
2083	2559
2123	2500
1377	1842
53	196
3185	3377
3201	3406
1955	2111
963	1378
897	1519
2878	3049
997	1520
2967	3324
1636	1742
2333	2458
1943	2359
1604	1849
1914	1995
1037	1876
2302	2642
1485	1637
2711	3062
3866	3881
3174	3362
1293	1617
107	1735
2414	2607
3462	3877
2689	2920
2315	2567
2950	3219
526	1334
1600	1761
1610	1874
2469	2624
107	1682
2060	2308
2088	2590
1978	2497
2028	2289
2528	2621
2495	2552
2163	2283
1684	3371
107	1728
2778	2939
2246	2498
395	630
2876	2904
1752	1867
2154	2646
3537	3664
1665	1736
943	1244
515	517
1143	1706
2849	2973
3017	3198
1684	3376
1578	1716
1258	1738
30	303
1953	2526
946	1238
9	231
3793	3976
2146	2488
947	1267
1420	1538
3117	3363
460	523
925	1734
2779	3285
107	1050
1479	1682
1938	1953
1725	1794
2054	2501
2489	2563
136	2337
2095	2446
1483	1570
917	1032
2381	2484
1943	1946
1377	1902
1551	1813
1299	1686
370	514
1926	2214
1919	1954
1718	2199
1067	1257
526	1768
1378	1533
966	1810
1460	1522
72	252
1965	2133
2151	2588
2743	2756
1150	1702
2370	2564
1335	1367
3490	3585
348	365
3362	3390
2020	2561
1082	1279
1290	1754
2007	2399
397	481
1925	2347
0	20
2712	3035
3437	3608
2020	2308
1153	1207
989	1728
1125	1652
1216	1747
2364	2647
2338	2508
2059	2575
1589	1795
1655	1716
1261	1894
2928	3084
2675	3196
107	1333
2038	2215
3479	3639
0	73
2849	3265
917	1907
1340	1800
85	188
1613	1712
2134	2149
3567	3912
1467	1827
320	346
1465	2053
1994	2592
2073	2428
1689	1721
2264	2394
2926	3425
3521	3556
2693	3302
946	1559
1280	1359
2121	2253
2285	2511
236	304
1951	2000
2394	2589
3256	3358
2921	3009
3776	3967
1684	2700
1115	1680
1330	1623
1370	1391
964	1725
949	1681
3256	3365
2087	2516
927	1467
2064	2552
1984	2655
1424	1733
531	568
3448	3797
3488	3658
553	555
2697	2870
1912	2189
4009	4030
1155	1349
995	1280
2763	2943
194	302
2108	2549
2946	3054
2872	3363
3648	3792
2716	3070
3697	3824
2364	2494
686	794
3082	3204
1942	2044
1074	1219
1104	1190
1258	1815
1132	1399
1530	1689
1787	1876
2591	2601
2138	2617
2839	2906
2374	2655
774	843
915	962
2054	2510
3084	3090
3838	3926
1465	2567
1130	1879
2146	2173
2124	2552
65	82
1456	1736
916	1256
2102	2617
28	140
1014	1100
2117	2224
747	783
2738	2862
2851	3229
2446	2489
1075	1123
3747	3783
3447	3682
3302	3373
348	383
3437	3625
2972	3423
1080	1565
21	159
1448	1479
3070	3316
1730	1898
1203	1588
917	1412
2815	2866
1675	1761
1927	1951
3437	3924
1912	2376
98	113
1799	1810
232	298
641	1830
3107	3219
908	1421
980	1079
2793	3253
2827	2993
1018	1907
1132	1826
1330	1331
2909	3348
483	1273
1158	1503
1242	1600
1099	1245
510	533
2306	2354
2661	3076
2875	3360
2229	2476
1912	1977
2356	2504
348	450
2176	2241
525	548
2709	2780
3897	3908
2133	2543
1335	1584
3017	3051
395	398
1617	1849
2200	2602
2129	2614
693	828
3000	3025
1229	1729
2111	2555
719	827
3033	3399
1245	1451
352	493
2229	2261
2215	2292
3542	3604
1042	1052
404	511
1234	1356
1721	1833
1146	1723
1182	1613
2153	2599
694	766
1962	2165
1423	1438
969	1014
1941	2430
2865	3167
2484	2552
2331	2462
2918	3369
2074	2507
2551	2602
1918	2624
800	830
3324	3362
592	633
993	1714
2887	3073
2916	3096
1199	1632
3111	3395
2237	2560
2056	2584
3495	3948
117	231
2412	2424
830	847
2873	3137
2271	2326
2127	2451
3108	3195
3001	3019
2430	2500
2699	2982
1172	1201
350	531
1409	1580
2132	2509
2065	2324
1075	1146
3609	3830
82	318
2201	2229
2037	2136
2467	2554
1932	2153
2961	3098
3214	3312
3617	3680
3437	3442
1238	1902
2309	2600
3437	3558
1465	2148
3035	3182
2340	2631
21	136
2966	3142
517	651
2789	2807
2293	2533
2290	2507
1126	1659
353	538
2028	2068
1128	1768
1684	3354
2410	2593
1180	1804
2086	2131
2507	2526
2114	2361
2108	2430
1235	1448
56	323
2191	2597
3189	3219
1298	1628
1932	2445
2974	3096
1946	2278
2072	2111
3475	3545
2803	3140
916	960
1668	1761
544	604
2717	2985
947	1584
2103	2478
2131	2423
2150	2542
483	1801
2276	2532
2117	2169
1964	2047
975	1423
1431	1793
3096	3426
2090	2579
3695	3919
2742	3013
2005	2112
2028	2598
1707	1827
2873	3238
373	634
1256	1604
3702	3877
641	1625
2433	2549
1320	1645
2395	2410
2218	2326
438	465
2029	2062
1746	1891
1137	1533
2445	2508
2133	2199
2807	3025
1693	1760
385	461
3265	3277
1375	1867
1246	1611
510	563
3038	3240
2392	2560
366	1122
686	852
3160	3355
2224	2461
1489	1661
957	1628
483	1179
1921	2297
1086	1632
1101	1757
203	238
1281	1907
2304	2328
2115	2124
1329	1516
3578	3737
2344	2461
1952	2062
2640	2658
3456	3884
1259	1311
2271	2554
1540	1683
1124	1669
1375	1886
1881	1910
1347	1479
1361	1516
2326	2521
2084	2607
1113	1881
2138	2282
2324	2591
2053	2264
3488	3804
3707	3737
2189	2543
2095	2188
2190	2407
2679	3119
2362	2425
2853	3239
2891	3184
1966	2631
614	676
1081	1871
1321	1626
3082	3299
942	1495
3069	3088
2323	2506
2267	2537
2056	2323
606	1699
983	1285
2755	3098
2927	3052
3116	3252
249	302
357	457
2126	2181
1684	2829
3542	3702
2879	3325
2032	2377
696	829
1730	1861
2289	2637
1173	1861
1399	1605
1312	1522
2879	3008
1694	1910
2024	2027
2675	2781
3346	3415
370	683
2077	2240
1949	2173
2872	2910
3465	3957
2472	2598
1954	2368
1199	1201
1988	2513
1191	1707
1985	2047
1076	1700
705	778
1449	1538
2471	2537
2477	2607
1450	1792
980	1782
1535	1669
2104	2578
2059	2353
128	169
2186	2566
2749	2974
1049	1278
2445	2510
2199	2629
2196	2279
1026	1589
2104	2542
2093	2244
3038	3386
3674	3979
1305	1367
1912	2243
1971	1979
1026	1075
1097	1493
713	747
2793	3051
2233	2353
966	1488
2032	2588
3615	3867
2765	3419
2073	2646
836	853
1590	1613
3089	3188
2083	2564
944	1306
1939	2111
697	747
2387	2429
1684	3072
107	1385
2282	2592
99	227
1003	1712
2084	2619
2151	2336
2067	2147
3258	3350
1920	2223
1068	1712
1199	1551
136	2183
3106	3240
3646	3969
1600	1789
1335	1707
2257	2423
2140	2549
2915	3174
2344	2598
1928	2447
2727	2795
2914	3320
3079	3288
1912	1920
3132	3391
3101	3224
2287	2464
3902	3938
2464	2630
1003	1888
3509	3714
2611	2631
1048	1290
2849	3239
3758	3810
2906	3033
2282	2512
946	1083
1668	1714
2216	2477
1761	1827
1929	1962
2592	2609
1221	1583
3526	3599
2056	2359
1324	1382
2125	2372
2184	2433
1684	2679
1269	1603
2086	2088
3480	3633
984	1661
1551	1804
2227	2558
931	1743
2543	2597
1667	1672
3510	3821
1684	2943
954	1245
2721	3091
988	1573
633	636
3449	3838
2333	2384
2125	2273
2203	2516
1195	1782
1981	2054
1501	1513
651	1545
2090	2172
2642	2649
496	669
2028	2332
2352	2591
925	1086
2831	2996
2112	2188
2348	2561
2930	3181
2072	2117
637	957
1008	1708
1242	1538
1570	1835
919	1245
2410	2591
3540	3692
1482	1525
1554	1730
2334	2655
1413	1783
3211	3329
2037	2586
348	464
394	512
2169	2199
741	747
3020	3258
2766	2907
363	524
2377	2617
2608	2629
26	295
2741	2986
1923	1945
1148	1192
2840	3172
3198	3351
2347	2436
1763	1878
2862	3026
1522	1563
2133	2514
2768	2918
416	567
1361	1644
2211	2425
1499	1546
1376	1547
1684	3212
3002	3353
2969	3301
69	304
526	1054
1613	1737
78	195
96	274
816	850
2356	2477
957	1120
1649	1706
360	497
921	1467
1023	1806
2047	2214
3472	3629
2720	3182
764	828
2250	2502
1148	1462
2839	2946
2559	2579
3109	3188
2499	2607
2434	2617
2122	2423
1557	1717
2943	3029
2127	2598
1943	2376
2589	2608
1358	1740
556	652
2139	2468
1793	1842
2520	2655
2359	2520
2984	3192
1407	1551
1149	1750
1936	1975
3914	3967
2542	2624
1097	1186
898	1261
1741	1861
2030	2324
2030	2559
0	32
2005	2090
2165	2590
927	1888
1323	1811
1185	1211
1076	1849
2218	2233
2070	2488
1225	1634
1604	1668
927	1551
2215	2592
791	806
2331	2339
1298	1462
2128	2304
1947	2241
173	427
348	400
1179	1673
1014	1462
107	1741
1984	2591
934	1584
2019	2499
2180	2385
20	115
3568	3973
2151	2567
348	566
1940	2315
1485	1782
962	1095
2020	2482
1402	1431
2791	2975
1416	1724
2112	2306
2237	2334
1067	1871
1204	1628
1684	3069
2970	3179
2038	2325
1175	1447
1613	1639
3182	3261
2504	2564
1624	1904
3511	3515
924	1549
461	497
2691	2792
2920	2986
960	982
2467	2482
2068	2347
2996	3140
2005	2410
2083	2477
1997	2139
3625	3978
953	1389
921	980
1916	2111
2056	2103
0	328
2950	3172
1230	1243
3948	3968
2356	2507
696	834
2538	2633
1922	2126
2471	2508
1032	1751
1160	1605
768	816
2161	2594
2259	2384
1243	1420
1322	1438
2944	3098
2040	2293
1503	1794
2386	2492
1515	1595
1188	1304
1475	1573
2377	2649
1525	1549
452	463
2039	2072
2478	2501
1971	2407
1912	2534
1636	1903
1918	2030
1986	2340
1761	1888
1935	2004
2200	2520
3578	3877
1712	1846
1532	1707
1663	1800
2319	2461
903	1747
1467	1491
2133	2241
2960	3108
2164	2352
2395	2574
2410	2521
1971	2484
3437	3862
2332	2368
3491	3966
2836	3190
697	830
2074	2240
1171	1684
2123	2579
2143	2511
2992	3397
627	665
1126	1557
1465	2347
41	151
1721	1791
2018	2024
2200	2410
862	3586
2911	3064
2095	2404
2966	3363
1608	1753
2836	3157
1939	2053
1190	1583
3599	3728
2072	2289
2681	3184
3033	3284
1975	2488
1305	1610
635	670
1943	2142
2408	2553
1125	1184
1573	1691
1912	2500
2124	2591
1272	1369
2369	2392
1684	3379
2084	2381
1931	2006
592	619
1099	1382
1091	1752
1280	1868
2827	3301
1399	1714
2278	2331
2485	2590
3474	3764
1456	1539
1159	1299
916	1288
3599	3862
1160	1722
2045	2084
1971	2356
3468	3777
3028	3155
3132	3179
2107	2126
1619	1833
1645	1778
3763	3924
916	1617
2212	2218
1946	2559
2666	2915
695	784
2221	2511
1959	2471
1290	1329
1702	1813
506	513
1971	2112
2090	2615
1630	1807
363	1512
1526	1794
909	1030
947	1669
1465	2134
1219	1377
1962	2206
1983	2423
1584	1746
2777	2909
2073	2630
3025	3231
2020	2093
1335	1377
2932	2955
1241	1649
2763	3286
2183	2372
2194	2537
2101	2617
1495	1706
1918	2521
1565	1660
1125	1335
2188	2381
3925	3961
2597	2598
1359	1605
3989	4013
2376	2551
751	842
107	1018
784	794
376	431
1210	1574
966	1101
2103	2216
1494	1803
1623	1888
611	654
1271	1757
2147	2611
107	1738
1685	1800
2484	2542
1287	1370
408	511
2123	2485
1656	2964
1047	1911
825	889
2297	2659
2113	2217
1158	1729
1608	1902
2372	2398
1258	1473
3119	3362
1970	2479
1947	2068
2912	2927
2228	2644
2370	2601
1097	1548
1912	2105
1962	2164
747	774
1626	1683
901	1333
3596	3943
3151	3406
3542	3930
1932	2315
423	560
3239	3397
3173	3418
2719	2939
2220	2500
2675	2833
577	640
175	277
1076	1451
2209	2419
2333	2509
3041	3046
370	439
1993	2220
1377	1639
107	1173
3116	3335
2280	2438
925	1669
932	1827
3417	3435
2700	3373
1352	1375
1302	1886
2754	3166
697	827
2088	2115
1196	1485
2874	3000
1388	1580
2839	3040
2134	2254
2076	2650
3534	3593
2701	3258
196	254
1221	1655
2075	2328
976	1349
2243	2282
2409	2539
807	828
3455	3505
984	1204
1230	1746
2142	2154
1684	2832
3495	3684
2428	2615
1367	1632
1236	1338
1559	1902
3152	3330
1330	1804
2062	2224
1643	1774
2190	2506
1962	2532
526	1584
2121	2418
1332	1543
2369	2575
1260	1504
1943	2244
1222	1557
2709	2812
2421	2437
1377	1659
2547	2617
2956	3040
2098	2468
1047	1753
2986	3220
1100	1462
2250	2642
1706	1742
1449	1809
2196	2475
3232	3417
3116	3206
107	1730
2430	2499
2140	2331
2065	2292
2117	2598
2247	2567
3683	3886
1079	1608
429	466
3049	3316
3252	3316
2139	2216
1539	1551
1006	1768
2699	2972
3536	3682
2837	3025
760	820
2237	2324
2428	2520
2038	2533
67	261
1912	2207
1356	1910
1912	2359
1107	1668
1188	1500
2542	2563
2436	2653
1639	1746
2626	2636
3437	3946
1973	2636
1076	1632
2458	2547
1480	1610
373	461
3499	3834
1547	1809
3346	3379
1620	1827
1912	2401
3873	3962
107	1739
2510	2582
1525	1770
452	544
771	839
122	277
2276	2376
2032	2191
439	507
2095	2266
2190	2275
1377	1823
2299	2507
3485	3528
2742	3319
2063	2521
3603	3828
1915	2455
1229	1635
2216	2526
718	747
1079	1547
1081	1704
3830	3943
1230	1839
1017	1621
951	1806
755	827
2084	2560
2482	2600
2686	3404
2053	2333
376	490
1997	2103
1122	1673
1926	2247
3056	3129
2735	2996
2086	2190
1306	1348
1390	1839
3478	3809
2207	2486
489	535
2958	3178
2135	2319
3573	3966
2786	3054
2201	2489
2720	2859
465	517
1984	2559
2039	2254
2758	3253
828	846
3505	3747
1942	2206
130	346
1029	1768
1684	3067
2220	2374
203	342
3298	3332
2319	2567
1735	1746
2190	2556
2912	2913
1938	1984
2300	2353
2201	2299
1331	1826
2138	2199
2719	3291
2676	3250
978	1439
2153	2582
2951	3295
1125	1365
2172	2190
2436	2498
1589	1734
1106	1569
2930	3131
2229	2556
1946	1979
2154	2625
2863	3235
1166	1350
2098	2410
1041	1748
1070	1815
2194	2279
2111	2385
1291	1864
1684	2995
2088	2410
1052	1310
1577	2148
1083	1483
2724	3062
2220	2261
461	553
2266	2536
1964	2612
1941	2381
2913	3042
1183	1472
1912	2109
1214	1341
2436	2567
2264	2537
2871	3313
2464	2625
3920	3933
211	261
2064	2430
1993	2507
1597	1799
1445	1702
2928	3257
1024	1285
55	104
2030	2549
1060	1715
952	1793
539	568
2037	2478
2071	2344
428	465
2037	2045
1926	2379
3599	3663
1684	3236
2142	2348
1059	1757
686	828
1017	1431
2787	3320
1453	1694
3529	3937
1613	1735
2750	3090
1457	1619
1026	1845
3252	3434
2869	3289
1284	1790
2661	3291
2781	3116
2176	2250
1629	1733
2184	2428
1435	1652
3146	3381
719	724
522	531
348	474
553	591
2143	2436
2033	2615
2212	2213
2323	2504
428	431
2883	3278
1576	1628
2679	2944
2698	3104
1044	1715
2010	2174
3674	3847
2128	2533
3684	3692
1181	1530
1592	1841
592	655
2236	2360
2619	2631
915	1790
2690	2996
2793	2833
1485	1612
2073	2154
107	1208
1465	1718
2359	2559
2276	2495
2351	2377
1436	1727
506	508
2220	2395
2037	2615
947	1528
2827	3363
1078	1864
2344	2345
2028	2463
2142	2347
1653	1833
2905	3228
978	1047
1999	2018
1982	2085
2287	2630
1659	1730
2471	2498
461	523
2073	2446
2074	2495
2833	2894
2124	2556
373	376
1957	2284
107	1725
1078	1271
1299	1366
2537	2594
1399	1584
2040	2112
715	738
2059	2469
1522	1821
1126	1439
348	353
1070	1672
107	1715
3544	3808
2916	3339
3051	3182
995	1334
1684	2681
1153	1789
2345	2453
2131	2579
1380	1488
1570	1612
2664	3078
1182	1851
966	1185
2121	2369
350	419
1465	2420
1985	2266
1117	1420
428	526
688	800
970	1511
1994	2117
252	315
2071	2533
1019	1475
3830	3919
2778	3330
2278	2638
1153	1431
2237	2495
2273	2498
398	479
980	1603
2742	3350
3442	3918
2036	2047
2856	3115
2289	2582
1257	1862
2780	3138
1985	2414
3611	3930
2370	2578
1809	1832
2086	2623
1070	1699
2823	2937
2856	2996
1993	2561
1943	2154
1684	2974
3741	3830
2724	3133
2151	2616
2841	3259
2381	2564
1918	1985
2850	3228
2150	2546
1987	2385
946	1532
107	938
2906	3029
1019	1315
1912	2336
3499	3690
3051	3154
2326	2492
3487	3496
992	1378
1150	1911
3437	3827
492	561
2864	3363
2025	2626
1926	2211
2991	3416
2698	2911
2999	3263
2047	2458
3591	3706
1686	1703
1684	3349
2458	2518
916	1800
1139	1472
623	625
3052	3286
946	1516
2931	3098
2278	2307
731	773
1683	1877
1986	2575
2717	2916
1938	2037
2047	2588
2800	3348
1048	1269
2992	3199
2899	3229
62	224
2364	2583
1136	1433
1172	1388
2386	2504
2233	2536
107	1452
2951	3415
1109	1496
3084	3137
1379	1576
2033	2276
2782	2911
2669	2880
2352	2376
1619	1793
2103	2311
1303	1502
1009	1573
2089	2488
698	703
2775	2881
2032	2282
2602	2606
2331	2561
1148	1315
1577	2463
2683	3293
1009	1423
2309	2563
978	1833
1175	1431
1923	2518
1962	2615
2398	2461
1335	1370
2172	2428
2781	2958
2394	2598
2108	2352
2828	2849
538	651
2084	2290
978	1076
2021	2233
25	285
1144	1555
1132	1431
1979	2060
1049	1112
2475	2509
2943	2966
2140	2354
2352	2655
142	170
1377	1614
2206	2619
2067	2303
1964	2226
953	995
3027	3192
92	249
2005	2423
2306	2504
2038	2279
3081	3138
392	487
3213	3220
1505	1684
1626	1858
993	1637
1095	1357
2229	2307
376	396
348	458
1373	1876
2436	2502
3437	3740
1235	1680
2266	2446
1377	1522
3595	3868
445	463
654	683
2103	2220
1159	1634
2077	2526
897	991
2091	2105
1207	1390
1623	1826
2945	3243
1334	1685
1589	1707
2216	2363
567	3861
1167	1241
2374	2553
1986	2046
107	1867
1041	1338
2162	2405
30	271
2328	2333
3577	3800
2271	2309
1984	2408
1269	1302
1973	2004
1568	1747
2201	2359
686	775
1935	2346
2491	2597
2218	2520
2663	2890
1192	1347
3474	3829
2107	2325
1076	1652
367	546
422	489
1029	1214
601	629
1917	2139
1017	1826
2103	2476
1073	1528
1536	1630
2872	2920
2757	2925
1282	1373
3475	3873
3821	3881
996	1860
2233	2374
1398	1437
404	421
2068	2169
2285	2372
2556	2559
955	1368
2093	2261
896	1190
1269	1554
2126	2162
2031	2127
2030	2090
213	239
2090	2386
0	106
2839	2910
2333	2652
2890	2927
2694	3085
1221	1296
2716	3089
1173	1534
1185	1516
2737	2991
366	520
1456	1757
2133	2589
1181	1653
978	1902
2717	2940
2117	2232
2955	3419
2372	2461
2121	2309
1600	1813
1132	1752
3713	3867
1185	1608
1	92
2188	2356
1126	1456
2323	2460
949	1072
2117	2588
2065	2333
2717	3142
1936	2193
1730	1868
1648	1895
2552	2604
696	828
2081	2462
3201	3330
3524	3568
3555	3777
637	1901
3601	3604
1339	1819
3437	3494
2439	2548
1695	1882
1399	1551
2936	3060
1707	1752
2271	2348
2111	2305
1929	2020
1645	1790
686	708
1643	1663
3132	3146
1004	1643
348	502
637	1429
921	1407
2322	2473
3595	3657
2220	2573
107	1594
1954	2588
2745	3237
2142	2559
2075	2081
3499	3671
2668	2832
762	814
4017	4021
2002	2498
2108	2142
2754	2806
1075	1659
741	820
1613	1827
1575	1727
1557	1710
2059	2308
1979	2216
2927	3029
941	1081
1730	1835
1925	2188
1377	1528
997	1768
1255	1827
1571	1663
2103	2381
2960	3387
2084	2184
3299	3421
2973	3332
1912	1958
1470	1559
2002	2151
2932	3330
1042	1299
2409	2604
1912	1980
1410	1421
2386	2611
3907	3921
3465	3759
2873	3166
1345	1448
3206	3347
2665	3017
1783	1848
998	1346
409	493
1551	1877
2391	2495
1166	1828
2046	2088
984	1102
1221	1783
2030	2237
2777	2966
3980	3989
1551	1609
3321	3434
1112	1653
152	181
2005	2624
2254	2282
2636	2657
1388	1409
2414	2625
2045	2539
1390	1613
2053	2491
1979	2118
128	322
1383	1909
2986	3098
1322	1862
2063	2139
2093	2489
1554	1621
2499	2524
410	557
2150	2469
2131	2428
2308	2386
2151	2250
3219	3256
2032	2054
1959	2510
1024	1879
1291	1603
3559	3627
2491	2536
1259	1783
2073	2468
2134	2319
1983	2370
2446	2549
2133	2209
3016	3270
2418	2586
2093	2229
1997	2590
1986	2630
1800	1868
1076	1637
374	559
3488	3860
2924	3098
2768	3299
1017	1652
2212	2414
913	1813
538	948
2313	2431
1750	1833
1485	1836
1948	2434
2737	2892
392	525
1017	1156
25	322
1917	2020
2198	2336
1272	1839
1643	1757
695	754
2854	3025
1912	2268
1955	2180
394	538
2436	2508
2104	2150
941	1907
3017	3076
1153	1335
1456	1559
2194	2239
896	1628
3571	3675
2122	2369
916	1753
2290	2553
1092	1617
651	905
1916	1952
3110	3302
2233	2563
925	1614
3196	3221
2664	3090
1576	1655
2931	3394
1032	1247
2134	2180
1447	1772
2743	2887
1928	2009
2082	2488
1577	2052
1040	1604
1132	1799
1185	1439
2898	3248
2143	2241
2142	2512
2074	2275
1302	1305
2920	3348
2865	3312
1214	1772
3592	3979
3228	3348
2149	2509
3215	3239
1149	1819
916	1735
2189	2463
1198	1416
3826	3909
3136	3327
1373	1591
2719	2840
2075	2344
2445	2491
2370	2482
948	1844
1205	1730
2142	2356
2755	3348
2229	2593
2344	2479
940	1469
2001	2061
1993	2084
1536	1686
2210	2216
2111	2608
3021	3296
484	559
1918	2055
2324	2560
2287	2604
1559	1813
1964	2318
2071	2420
1912	2318
2308	2374
2032	2598
1377	1554
2191	2333
1103	1706
2280	2617
1487	1844
3642	3659
2133	2509
2318	2406
1987	2289
1659	1835
1083	1736
2909	3090
1041	1709
1390	1902
2045	2088
1500	1686
1912	2516
3587	3783
1181	1799
353	496
968	1052
1026	1376
1605	1816
3449	3721
3635	3804
422	523
2867	3004
3693	3756
457	486
400	445
637	1143
378	495
1718	2143
2593	2625
1360	1555
2559	2625
1497	1814
3538	3595
2504	2563
1599	1814
1954	2250
1204	1515
3056	3226
1146	1689
2469	2495
1075	1243
2221	2434
57	92
2901	3347
1250	1746
1041	1904
2282	2351
2176	2598
520	527
1214	1620
1688	1864
2384	2616
2074	2150
25	104
3514	3938
2292	2351
1716	1899
2253	2543
2172	2309
2812	2869
2086	2376
988	1591
2161	2475
2948	3234
3140	3353
2976	3386
2147	2218
2115	2216
2120	2129
2093	2324
1126	1827
1941	2068
2062	2509
2290	2546
1997	2339
2059	2615
2336	2394
2989	3353
2532	2600
1925	2104
2793	3097
2275	2631
1566	1761
517	1179
2860	3168
2642	2653
2698	2912
2770	3150
1024	1456
1528	1688
3550	3573
1519	1620
2073	2124
366	526
107	1127
1279	1583
2137	2506
2092	2423
2909	3390
1563	1735
959	972
1483	1663
3345	3403
3752	3761
1361	1888
2956	3426
1404	1691
1456	1480
2275	2549
2022	2633
2211	2566
1187	1803
2351	2471
2334	2478
1319	1452
1612	1886
1943	2276
2253	2477
21	334
1563	1589
2147	2575
1068	1331
2324	2370
1382	1582
107	1060
465	676
2109	2240
2418	2604
3437	3721
1132	1336
2151	2351
2071	2653
2138	2629
2409	2478
946	1375
1457	1598
2179	2546
3027	3403
3760	3830
2968	3343
2728	3171
2211	2608
2890	2929
2607	2630
3291	3391
2196	2283
2109	2556
2901	3342
503	526
2694	3174
1479	1903
2336	2445
1993	2553
2241	2246
2184	2253
1209	1339
2736	3248
1730	1819
497	560
2347	2573
2825	2868
2132	2199
2090	2271
2219	2345
2339	2654
3111	3185
3437	3727
1457	1888
2796	3377
596	1103
444	544
2873	3339
355	460
2833	3115
1912	2182
2753	3378
2560	2567
1496	1904
3534	3881
949	1536
1299	1727
2267	2268
1938	2600
2432	2486
2244	2329
2180	2465
2069	2593
1968	2202
3518	3832
710	711
1999	2012
1241	1338
2993	3047
3483	3895
79	271
2283	2398
1221	1423
908	1033
1158	1899
3943	3948
3051	3330
1255	1617
2974	3108
2960	3104
1271	1431
1931	2143
1211	1712
2758	2784
1214	1370
3491	3693
908	1698
1049	1845
967	1772
3176	3233
2940	2981
2088	2429
2716	2868
946	1730
966	1132
1100	1231
2679	2786
1243	1377
526	1278
1979	2240
946	1547
2741	2766
2179	2290
1993	2619
2925	2960
2268	2378
617	677
1912	2412
1962	2464
2188	2374
2507	2655
686	726
1135	1637
2046	2095
56	98
1675	1902
2684	2737
2907	2920
1075	1746
1269	1736
2096	2509
1940	2203
1962	2229
2144	2199
2906	2929
3188	3299
2854	3104
1943	2095
2011	2025
2132	2592
703	787
1559	1757
547	548
3968	3971
2103	2489
3119	3158
3701	3910
2103	2112
3784	3947
1064	1343
2104	2423
2590	2600
2200	2464
475	1673
2353	2630
1223	1794
3437	3556
1132	1352
2059	2300
2133	2180
728	792
2293	2555
2408	2561
1938	2108
3146	3206
1117	1222
1166	1725
2086	2233
420	566
1551	1707
1237	1882
2953	3119
1061	1676
3442	3636
1215	1893
2136	2300
2307	2579
1047	1842
1923	2031
1040	1456
2089	2440
1569	1635
2827	2911
1416	1480
2064	2326
1028	1128
606	1738
922	1467
1117	1864
1183	1667
1101	1874
94	300
1662	1689
1304	1634
2244	2520
936	1155
1060	1479
2739	3162
2111	2132
3869	3931
1074	1736
1117	1559
2007	2232
1361	1811
1613	1791
2037	2115
2333	2347
2103	2550
2061	2297
2742	3007
2035	2614
2944	2966
1040	1547
1126	1352
2734	2818
2190	2590
1684	3021
1255	1522
1282	1582
1128	1418
2232	2292
2084	2233
2090	2188
2068	2555
422	497
3298	3320
2212	2324
2172	2308
1554	1826
2873	3158
1991	2648
3145	3169
2078	2206
1521	1909
223	313
2669	2909
1117	1795
1605	1809
284	309
993	1580
2062	2242
1032	1871
1149	1327
3594	3830
1444	1807
1334	1584
1083	1707
2250	2511
2394	2594
1929	2504
2751	3215
2468	2606
1180	1665
2165	2504
2331	2638
1984	2339
1973	2640
107	1551
985	1000
1352	1659
1590	1888
2032	2398
1985	2143
2890	2919
2730	3082
728	787
2861	3271
1079	1688
1966	2578
3437	3749
1079	1768
1322	1857
2032	2294
2409	2563
1537	1567
2669	2864
1032	1515
1946	2258
982	1291
2060	2507
1192	1636
1267	1557
2795	3050
2190	2354
376	387
1926	2498
1419	3420
2084	2468
3201	3391
2059	2121
2819	3421
143	225
2071	2224
1152	1366
2063	2240
2339	2395
2264	2333
1943	2103
2148	2264
1912	2293
916	1156
1540	1730
1181	1795
400	421
1917	2477
1195	1603
3362	3387
2150	2275
2556	2579
2323	2376
2223	2543
1040	1331
2223	2471
2176	2453
2427	2476
2931	3384
28	116
1766	1882
688	751
2088	2233
3182	3280
2492	2560
1946	2526
604	651
2925	3098
2031	2254
2815	3065
212	304
2700	2957
1346	1537
912	1422
2037	2407
2067	2393
2098	2131
927	1214
2384	2420
1684	2888
1572	1789
1583	1764
211	331
1435	1897
2945	3293
1238	1613
1945	2512
2087	2133
3842	3929
1370	1431
1926	2313
862	3948
2184	2602
2369	2578
107	1863
2045	2593
2807	3428
3101	3355
109	297
1391	1535
3454	3586
641	1235
1219	1376
815	830
2890	3004
925	1644
1612	1867
1238	1547
1668	1799
1452	1593
2433	2559
2418	2625
2340	2374
1870	1882
823	835
1377	1689
1332	1427
988	1899
3577	3889
2492	2556
925	1340
2363	2500
3633	3667
373	544
1377	1557
107	1777
2128	2543
213	324
107	1552
2117	2609
1017	1712
2169	2384
1917	2560
2188	2607
2190	2484
651	1357
1925	2118
1059	1551
2095	2553
2389	2610
2151	2289
2054	2589
2753	3355
1496	1574
1344	1600
2007	2266
1126	1380
528	553
2327	2592
2224	2292
1481	1828
3330	3347
1078	1250
3442	3773
1923	2362
1075	1765
1279	1432
1659	1721
1590	1614
2046	2604
2854	3080
1979	2104
2201	2495
934	1175
2086	2482
641	1565
1946	2244
2240	2257
701	760
2257	2356
1378	1837
856	863
348	561
3525	3841
2150	2550
952	1823
408	537
1559	1750
2829	3154
1475	1716
2822	2941
1066	1742
622	639
359	391
2020	2212
2334	2615
1261	1828
1451	1794
1117	1604
2042	2047
1966	1989
1997	2428
376	497
1993	2532
1032	1282
2994	3073
1074	1849
1331	1835
1551	1643
422	614
400	517
21	308
2945	3029
1377	1539
2904	3088
1250	1879
2750	2754
1323	1554
2763	2967
56	72
1620	1646
2033	2043
2966	3098
1509	1774
2056	2218
2549	2624
2356	2546
818	822
1553	1570
991	1561
2761	2944
3119	3324
1932	2071
1305	1863
2781	3366
2784	3365
2339	2550
2872	3096
1178	1419
1125	1793
1810	1879
1622	1662
3365	3395
2757	3129
200	332
1289	1431
3981	4018
1465	2196
2598	2643
1284	1907
3586	3756
1997	2504
2044	2499
1221	1338
3086	3207
514	537
2395	2593
2149	2510
618	684
1384	1788
2669	2755
2053	2223
1185	1823
3277	3297
2556	2601
3221	3389
2289	2417
2484	2624
1920	1955
2793	3049
171	1297
1375	1589
1017	1707
2773	2810
3114	3362
2446	2468
2782	2896
3569	3706
3011	3160
927	1730
2073	2550
3578	3596
1067	1859
2765	3247
1584	1791
1920	2183
965	1500
981	1036
2088	2539
3567	3739
917	1729
1235	1381
2309	2354
1113	1237
2055	2404
2156	2412
3437	3446
605	617
2030	2093
2045	2468
997	1391
1736	1823
2756	2931
1204	1873
2247	2377
2669	3174
1272	1460
1923	2241
3018	3259
1966	2253
2782	3033
2928	2946
132	311
2786	2866
2743	3056
3830	3971
2504	2602
353	1677
158	332
1152	1584
1523	1554
1183	1876
1613	1861
1146	1265
2040	2561
993	1491
2108	2504
3267	3378
363	1677
1364	1435
878	888
2906	2928
1941	2239
1918	2184
3618	3692
3248	3424
615	675
2683	3301
3604	3658
903	1787
1391	1754
2877	2966
1923	2434
2719	2823
3536	3549
1320	1512
2235	2438
1940	2588
2112	2630
942	1066
2188	2253
3980	3984
1538	1757
1580	1791
2046	2615
1806	1908
1001	1180
1939	2068
2092	2607
3040	3348
1736	1746
1017	1867
2664	2669
2045	2601
1300	1358
1929	2607
1198	1750
2754	3417
1989	2551
2755	2890
1179	1767
400	525
1327	1852
300	346
2142	2387
2112	2485
2098	2109
3707	3828
2078	2410
2762	3385
1539	1663
465	525
2279	2516
2087	2282
2196	2567
1166	1258
2869	2980
954	1495
2151	2223
1653	1804
2247	2368
1146	1644
2718	3198
2131	2619
2142	2309
2717	2912
2102	2280
805	828
1979	2543
3448	3948
0	59
1497	1910
2116	2389
1964	2209
2395	2407
926	1255
188	290
355	359
1272	1584
1148	1691
2991	3070
2032	2199
3060	3172
2328	2603
1283	1384
1971	2033
2124	2136
2053	2351
1335	1757
1304	1500
2560	2574
1953	2309
2772	3328
1367	1735
2365	2657
2667	3242
1160	1662
1457	1839
1329	1409
1320	1767
484	1536
1480	1804
1669	1757
711	727
2235	2461
2141	2289
1551	1809
2309	2414
25	31
2200	2229
2768	3151
1367	1622
2081	2468
2111	2445
2683	3426
3666	3710
3509	3900
1267	1613
952	1736
3558	3870
2055	2200
1703	1725
1238	1302
1413	1691
2464	2504
2206	2287
1209	1416
3078	3104
1921	1954
1945	2343
513	567
951	1852
2128	2233
2088	2220
517	1313
2781	3150
927	1831
483	503
1959	2465
2222	2377
2153	2338
1955	2328
2720	3406
2037	2408
1726	3164
1351	1845
3276	3343
2302	2629
1962	2418
1548	1568
1280	1470
1539	1768
2052	2543
388	415
475	1320
1829	1831
2020	2549
1161	1337
1084	1768
2078	2190
2196	2336
1605	1685
2681	2763
2039	2149
2815	3387
2951	3106
1536	1692
2037	2543
1359	1804
1184	1644
2090	2276
1441	1822
1173	1551
3021	3116
1945	2394
592	685
2839	3108
1912	2159
41	137
2261	2556
1413	1841
1912	2259
2052	2176
1269	1782
1074	1483
1153	1620
180	194
2973	3319
280	323
2087	2208
914	1885
2423	2539
3204	3302
1984	2046
1914	2585
2253	2492
2290	2606
414	670
975	1426
1945	2518
1290	1609
2278	2306
2024	2494
1946	2131
504	548
1156	1538
1132	1665
2410	2507
2063	2220
606	1645
2187	2246
2022	2050
2247	2496
2247	2641
2202	2627
1179	1744
1173	1722
1985	2212
134	142
3590	3756
2915	3054
3980	4035
3456	3841
3505	3508
3101	3239
105	148
1943	2064
2939	3082
921	1049
1810	1868
1983	2468
2844	3101
2831	3214
2073	2309
1437	1816
3588	3862
697	780
719	847
3110	3403
2347	2351
2052	2458
1596	1691
2313	2317
953	1124
1280	1352
3463	3822
3224	3434
1483	1605
1238	1804
1597	1603
921	1714
2555	2594
25	51
1459	1720
1684	3405
3179	3297
3599	3608
2716	3007
1621	1761
2793	2989
921	1551
1230	1612
2336	2533
1063	1359
463	517
2708	3320
1040	1542
1028	1520
584	682
794	795
3033	3339
2064	2606
2348	2579
1280	1674
921	1757
3480	3491
3702	3804
1683	1700
2984	3027
934	1291
567	3487
1107	1267
2909	3250
1984	2118
374	412
2871	3353
2782	2835
220	312
1329	1603
2733	2797
1172	1597
1039	1359
2115	2266
2729	2890
2361	2402
3029	3433
2290	2574
1926	2598
2121	2559
0	47
3525	3563
619	633
728	779
947	1132
1004	1886
2131	2476
1320	1778
1358	1671
7	291
2374	2404
2386	2542
3744	3830
2275	2331
3189	3395
2507	2520
1917	2624
2348	2376
1941	2458
3792	3822
1131	1815
1610	1707
1986	2064
2032	2594
1177	1889
517	544
1929	2354
2109	2172
373	491
3750	3831
2779	3420
770	845
2661	3272
3635	3832
2414	2574
1153	1736
0	232
2751	3198
1256	1879
2376	2446
1047	1267
374	683
2747	3050
1378	1648
1513	1846
2706	2974
2292	2384
935	1680
1330	1370
136	2319
1367	1685
348	513
599	681
2122	2564
1163	1826
1017	1604
1583	1595
2143	2199
2247	2347
2667	2762
3982	4003
966	1605
353	1475
2781	3157
1352	1416
1750	1823
2189	2611
2218	2409
1972	2648
115	140
2414	2593
414	567
2009	2143
1966	2324
2196	2333
1125	1488
2098	2257
3049	3391
1181	1185
111	310
1557	1768
1684	3068
1153	1600
2139	2520
107	1642
3081	3266
3460	3761
3797	3938
2376	2506
4020	4030
1026	1149
1085	3886
3042	3095
1347	1459
1078	1339
2319	2498
1962	2326
1929	2331
906	1877
1984	2030
2165	2468
754	835
2087	2102
1736	1754
1698	1825
203	338
686	725
1497	1620
3073	3293
3005	3057
483	639
2846	3089
2257	2404
3226	3433
3437	3447
1420	1735
3256	3264
2093	2429
2911	3339
2266	2428
3145	3377
2043	2392
1616	1692
2045	2504
3759	3975
728	835
2139	2352
1291	1491
2841	3089
1577	2336
2002	2196
2801	3256
2374	2543
1741	1827
902	1459
958	1880
1250	1622
917	1595
2331	2526
960	1823
698	878
3132	3321
1492	1569
1070	1348
2329	2492
997	1637
999	1879
2469	2526
1684	3408
2728	3207
2216	2429
3021	3288
2955	3255
2370	2408
2664	2676
773	834
924	1338
1609	1804
3437	3477
2672	3261
1927	2378
1281	1828
1040	1584
2001	2657
1398	1799
2908	2909
1971	2506
1078	1175
2140	2299
1733	1895
1989	2216
248	332
2068	2241
3072	3150
1013	1109
1684	2991
107	900
2738	2969
1912	2209
2266	2381
1917	2602
2290	2409
2139	2206
271	323
3306	3353
1267	1867
2056	2067
2336	2471
2045	2526
2253	2655
107	1898
484	515
1939	2132
1211	1707
2124	2356
1453	1897
2051	2126
483	1095
3458	3493
26	239
2047	2472
67	248
734	853
1938	1985
1274	1687
1502	1515
1114	1543
1993	2347
1079	1335
3784	3973
2147	2600
2169	2338
1035	1745
1035	1170
1757	1782
2103	2602
1026	1621
1416	1471
2087	2629
484	1616
2132	2415
2087	2530
1939	2273
2914	3380
3644	3698
67	280
1354	1660
2084	2561
2103	2484
2915	2966
1577	2039
1938	2123
1340	1833
1684	3224
108	127
2190	2554
2331	2460
1543	1660
2468	2602
3980	4009
2611	2615
3170	3298
1146	1600
1912	2564
1951	2157
3239	3434
2924	3364
1927	2647
1107	1736
2258	2266
2208	2560
1361	1570
1014	1227
1577	2239
1409	1827
2309	2391
1271	1809
1962	2446
1099	1871
1551	1669
1446	1645
2157	2648
1928	1951
1128	1622
1273	1316
2002	2250
2043	2429
2045	2428
1684	3383
428	1512
1684	3395
1125	1351
3980	4023
1339	1340
3553	3773
1960	2070
2108	2354
2867	3301
1055	1266
1612	1614
1024	1833
1429	1794
1072	1681
1525	1785
1966	2521
2742	3267
1255	1757
3033	3064
460	517
1256	1888
1490	1616
2334	2477
2223	2333
1920	2398
1001	1487
2689	2917
1912	2384
1074	1191
1156	1609
3283	3325
1505	2734
999	1078
414	672
1182	1191
3126	3128
3643	3646
2218	2307
2384	2436
1516	1662
38	322
898	1081
2566	2610
1783	1871
2302	2336
3330	3422
921	1230
1469	1634
2949	2983
2426	2622
3077	3241
603	625
2697	3373
2226	2379
978	1663
2102	2510
2106	2168
2679	3220
484	1506
2755	3026
2240	2551
3272	3291
1072	1226
2064	2556
820	849
39	161
423	537
2213	2593
2339	2392
2206	2334
1288	1447
1961	2317
2973	3422
705	715
1413	1728
2756	3238
2918	3256
1447	1619
1980	2143
374	523
1561	1702
1564	1585
2919	2988
719	760
2107	2570
2273	2347
3260	3288
1993	2574
3330	3337
2078	2600
2801	3032
2149	2254
350	527
1473	1487
990	1726
2504	2601
2700	2784
1962	2244
1367	1909
2386	2559
1953	2078
136	2072
1971	2427
2712	3335
1437	1707
1935	1951
2839	3286
2378	2447
2800	3363
1235	1647
975	1857
1162	1761
1603	1685
2724	2951
1991	2494
1321	1909
2218	2623
1255	1590
107	1849
2428	2553
2150	2370
357	369
1604	1839
2974	3213
1211	1380
2716	3110
1925	2348
1344	1867
3493	3719
694	711
2662	2783
36	284
1213	1496
1743	1910
2045	2409
2038	2185
2069	2574
2989	3106
3947	3973
1587	1611
1359	1609
2031	2272
1292	1857
2200	2559
2064	2200
1912	2171
2939	3102
2078	2147
2108	2184
1491	1746
1222	1509
1409	1598
1339	1540
1938	2078
2780	3209
1684	2723
2421	2634
1563	1663
2430	2600
1063	1285
1211	1547
1059	1112
1937	2357
2398	2436
2891	3303
3529	3947
897	1312
2873	3123
186	236
2458	2589
1985	2573
2154	2206
3637	3659
2993	3387
1943	2084
2054	2649
1916	2010
1402	1791
1520	1804
2663	3229
1083	1460
1049	1086
1577	2343
429	504
2077	2218
2308	2500
363	1400
3279	3353
2354	2579
993	1516
31	122
808	809
3569	3803
1350	1859
1518	1774
3086	3162
2810	2907
1339	1712
2126	2440
0	152
1238	1289
2074	2083
2297	2640
1684	3407
1054	1278
2951	3285
3072	3118
1184	1835
3519	3705
2244	2500
1072	1624
1101	1126
2107	2260
938	1468
2093	2560
2598	2642
1161	1327
1199	1842
2972	3382
1997	2624
927	1369
2199	2332
2087	2598
1917	2539
2367	2406
2199	2361
40	265
376	432
3599	3769
2101	2438
1391	1849
2199	2304
2069	2253
2174	2241
3800	3913
1250	1340
2133	2273
1179	1645
1040	1330
1522	1730
107	1045
1315	1884
2131	2554
2042	2224
1917	2326
1964	2141
184	284
1135	1675
2849	3416
701	774
1541	1699
3626	3916
2007	2249
396	500
3651	3886
1347	1893
1620	1861
2081	2180
395	545
2757	2911
2715	3208
1914	2027
1285	1712
2076	2515
2093	2604
510	521
1004	1532
921	927
2233	2334
3790	3845
172	261
1569	1699
2095	2428
2101	2434
2970	3021
972	1006
473	503
1696	1844
1769	1799
917	1507
2420	2642
30	200
1597	1665
3615	3664
913	1497
1684	3340
2464	2575
1114	1512
2218	2464
2220	2546
2128	2567
107	1640
2007	2039
391	566
2827	3232
2135	2332
2773	2916
1925	2324
2753	3150
1367	1793
2104	2233
2386	2550
200	334
1265	1377
1557	1737
1211	1804
3786	3906
698	819
2767	2889
659	665
3456	3674
2002	2605
1075	1864
1367	1530
3563	3683
1636	1706
966	1181
921	1663
1183	1436
1643	1823
1465	2169
2024	2658
2392	2602
992	1424
2574	2624
2122	2201
376	458
3347	3416
1025	1113
3439	3513
2226	2610
2894	3179
1456	1714
2314	2503
2904	3201
2165	2201
1341	1563
1940	2068
2726	2890
2921	3221
1935	2284
2153	2420
1390	1724
2253	2395
1182	1730
764	824
1528	1782
686	766
3531	3662
2153	2333
520	524
2430	2549
3549	3682
48	126
1669	1741
2059	2586
3083	3322
2925	3065
1201	1621
2339	2521
1245	1742
1751	1820
2946	2956
1985	2150
1912	2551
2058	2604
428	651
3020	3368
500	557
1941	2127
2246	2333
1246	1781
2778	3112
2218	2579
1003	1390
1618	1819
3753	3778
475	676
2748	3154
2206	2462
2716	3240
2591	2638
1695	1870
1962	2271
1563	1662
28	41
2153	2653
99	263
1983	2573
3046	3076
932	1330
1126	1643
1419	3034
1962	2462
2121	2122
1011	1469
2761	2839
2165	2323
445	493
1191	1620
348	463
2088	2309
1370	1707
734	805
3518	3800
3001	3246
2778	2921
2777	3073
2731	2890
2207	2255
2750	3108
26	128
3640	3642
2887	3090
3184	3303
389	1415
1070	1260
2280	2282
1085	1518
627	643
1016	1403
3036	3304
1926	2280
504	543
107	1905
1718	2283
688	697
2109	2206
2278	2504
1985	2564
3397	3406
1742	1783
1577	2132
1770	1876
1080	1616
3248	3389
2229	2257
2974	3399
1467	1734
1059	1367
3493	3924
2759	2854
107	1136
107	1188
1159	1366
573	619
2124	2276
2074	2188
1431	1868
2891	3324
0	167
2057	2530
2759	3286
2418	2462
1391	1402
2151	2169
2059	2556
1066	1166
3169	3434
2859	3302
1986	2654
3104	3364
2304	2438
2033	2104
3473	3567
1684	2956
2229	2590
0	321
4021	4026
2923	3046
822	839
2869	3270
2340	2601
3463	3826
2241	2247
760	823
2342	2618
2874	3104
1429	1526
1405	1485
1916	2304
1576	1647
101	330
1943	2392
1052	1699
1101	1842
972	1359
932	1447
2790	3302
1004	1491
3558	3881
115	262
1006	1584
2028	2143
2684	2894
2074	2363
577	582
968	1523
3262	3411
2311	2460
2326	2485
224	324
1009	1158
2866	3324
2674	2828
3111	3377
1810	1816
1153	1746
2298	2325
1447	1517
3452	3596
2556	2574
2327	2368
1917	1946
2184	2244
1420	1467
3035	3307
1953	2064
2288	2468
1928	1995
2438	2617
2575	2604
2344	2436
2958	3019
2460	2615
1520	1833
3794	3903
1282	1828
246	315
2055	2266
1933	2587
2121	2140
1717	1736
1926	2002
1107	1149
2679	3108
5	316
2334	2429
1335	1516
2803	2848
2292	2425
2368	2471
2020	2579
1327	1769
3087	3385
599	647
2101	2458
1551	1827
107	1591
2290	2430
2755	2839
1483	1621
896	1423
1966	2078
908	1077
3466	3956
1697	1702
107	1327
1939	2537
1166	1495
1416	1538
1689	1795
1984	2212
2179	2334
1341	1886
1172	1530
20	149
2180	2327
752	800
2707	2938
3442	3867
3010	3036
2088	2506
2395	2467
2067	2429
483	514
2340	2536
436	556
2669	2839
1715	1899
1515	1742
2210	2492
2056	2630
1917	2551
1076	1600
1516	1717
2111	2351
3880	3908
2077	2278
2551	2611
2542	2573
402	567
1068	1881
3136	3341
1963	2464
1235	1783
416	500
972	1285
2300	2428
1415	1770
1707	1722
3101	3261
1941	2026
3437	3887
3764	3972
2241	2289
1993	2520
4	152
1684	3107
686	753
3442	3778
2702	3198
726	815
1990	2503
1800	1888
397	541
1615	1866
1984	2278
3705	3714
609	664
2223	2224
107	1397
3804	3902
98	200
2007	2148
1555	1726
1604	1605
2229	2521
2407	2446
2777	3158
92	101
2746	2864
2960	3174
2292	2598
1917	2500
1577	2347
992	1468
1070	1496
1684	2783
3782	3947
1388	1809
1981	2438
553	561
1358	1677
686	735
916	1361
1622	1800
3106	3160
1662	1799
2212	2625
1323	1460
3159	3405
103	339
978	1643
1039	1214
1584	1712
896	1060
1795	1835
547	555
1684	2719
2037	2218
3873	3938
1255	1341
1912	2506
925	1291
2849	3021
2676	2839
1091	1839
1955	2138
1006	1123
2190	2604
2007	2471
595	615
2934	3370
3113	3162
2537	2598
978	1669
1986	2307
1393	1842
2781	3148
1947	2377
1964	2505
2582	2616
2907	2943
2198	2344
2551	2600
2796	3434
999	1621
2849	3344
1172	1730
1323	1389
1256	1804
2348	2638
1991	2006
1938	2257
2674	3035
1465	2351
2996	3196
213	236
1684	2678
1919	2627
2143	2368
3645	3764
483	1751
3113	3145
1557	1614
927	1312
2022	2171
1684	3192
188	342
2090	2446
1714	1741
3144	3235
1374	1767
1684	2767
3578	3824
1341	1845
1912	2650
2919	3056
1993	2460
1309	1841
2463	2475
3728	3753
1047	1191
1012	1237
1684	2814
2853	3419
916	1665
2109	2275
1584	1761
1941	2336
2353	2654
2881	3188
3495	3577
388	492
3120	3150
107	1809
1637	1765
2037	2404
2111	2319
3495	3872
389	1428
2153	2608
2936	3224
3705	3835
1311	1482
2242	2278
1912	2247
1963	2074
1064	1831
107	1754
2344	2355
2786	3243
2290	2630
1941	2275
2000	2097
1689	1835
917	1217
2920	3004
898	1875
2804	3316
1983	2078
2108	2323
982	1331
2154	2460
2001	2171
3616	3716
2447	2645
107	957
3738	3859
1491	1689
1062	1699
2485	2593
2290	2464
2669	3149
1062	1436
348	538
2507	2559
1009	1628
927	1026
1964	2292
2108	2340
2935	2997
2787	3049
2033	2206
2973	3169
2062	2351
2914	3132
2150	2624
2306	2564
2156	2659
1078	1079
1612	1621
1379	1691
2956	3084
1836	1852
2932	3369
2071	2264
2347	2542
3437	3709
2765	3070
994	1459
1984	2542
2121	2139
1718	1835
1217	1492
1019	1857
1255	1329
2059	2464
606	1210
1104	1158
3082	3321
2142	2188
456	538
1684	3330
2786	3073
1032	1783
519	531
2717	2920
2914	3101
3506	3534
1985	2551
2973	2992
1621	1753
1926	2125
2331	2356
2052	2537
483	1677
3064	3098
605	626
1357	1397
1110	1278
1172	1816
1929	2428
1920	2592
1945	2174
1086	1714
128	252
14	28
388	544
2218	2404
2679	3324
31	109
616	621
2352	2507
2047	2052
2833	2849
2122	2404
1127	1725
1011	1258
1255	1359
1160	1377
1929	2073
3568	3593
1142	1695
1997	2240
2832	3027
3486	3591
2851	3114
1290	1563
2253	2504
2083	2271
2059	2184
960	1898
1962	2123
2924	2925
2302	2372
462	487
1912	2053
1549	1763
2093	2590
1104	1794
2228	2361
2343	2463
1059	1184
1350	1862
1966	2630
1962	2381
2088	2370
2280	2328
1214	1289
1929	2308
2409	2564
3082	3182
3016	3075
2363	2552
141	199
957	1636
398	559
475	1514
1465	2510
1947	2368
1923	2226
1185	1768
713	819
921	1827
3160	3386
2137	2597
2206	2602
824	826
107	1231
970	1555
1191	1377
2887	3362
2828	3169
2069	2189
3687	3737
952	1076
1269	1377
2109	2560
2229	2560
2135	2315
2266	2520
2180	2398
1164	1734
2090	2414
2324	2368
1283	1520
2139	2467
1117	1172
2165	2607
914	915
953	1849
3877	3966
392	412
3161	3176
44	111
2098	2324
3604	3635
637	1001
1175	1819
933	1649
1104	1893
3579	3975
2606	2607
1227	1786
1449	1485
2742	3291
2001	2143
2043	2593
483	1848
2344	2451
1916	2132
2889	3008
2040	2212
1495	1508
2520	2564
1101	1199
2260	2289
3033	3390
2198	2241
3873	3971
2482	2539
3838	3851
2306	2550
3627	3702
1938	2539
1123	1662
1684	3078
2988	3364
3233	3335
972	1238
3536	3727
3535	3584
2308	2604
1522	1835
2187	2203
2002	2463
2232	2336
921	1026
354	497
1684	2908
805	847
2874	3073
2369	2520
563	1967
2074	2374
2005	2046
1146	1540
2201	2428
824	848
2512	2637
1424	1747
2377	2399
1912	2417
2783	3182
1431	1668
2148	2509
1954	2365
2290	2549
1377	1637
2500	2520
475	525
3592	3916
1160	1707
2955	3253
2300	2590
1207	1898
2716	2796
2543	2642
2059	2190
2028	2642
107	908
1912	2335
2869	2939
1015	1655
741	836
2199	2377
1106	1273
1608	1613
3692	3968
1620	1659
2809	3269
483	1695
2102	2264
3240	3321
1086	1604
3590	3907
2229	2604
3010	3388
1164	1520
901	903
1402	1826
1810	1826
1214	1243
2090	2484
2151	2522
2871	3365
3277	3344
2171	2583
3596	3672
2077	2521
1465	2399
1929	2654
3697	3830
2180	2199
2775	2892
2191	2543
1331	1868
1159	1536
916	1285
1661	1907
2278	2564
2966	3014
2039	2071
2002	2247
500	506
3491	3938
1753	1761
997	1741
2239	2588
951	1445
1683	1761
48	130
2231	2277
1232	1452
2127	2176
1177	1896
2916	3142
1577	2285
2121	2556
1959	2250
2043	2278
2929	3220
725	818
1075	1800
1222	1888
1146	1800
48	73
1610	1752
3486	3803
107	651
1664	1876
2081	2547
3009	3206
2742	3035
2045	2563
2039	2642
3629	3907
2090	2559
414	601
1984	2550
1067	1515
1279	1347
713	842
1334	1420
934	1835
1935	2061
1925	2506
357	518
2093	2559
2423	2464
917	1828
2742	2901
3736	3831
1079	1714
3086	3241
2319	2451
1488	1826
3501	3684
2381	2563
1954	2202
170	203
2409	2414
483	1192
1918	1993
1309	1820
1387	1549
946	1714
3660	3847
553	567
1261	1638
2404	2460
2676	3142
2294	2652
2694	2956
1114	1778
1573	1661
2147	2311
3056	3284
460	544
1367	1867
1925	2240
1191	1407
2866	3430
1198	1737
3542	3804
3172	3320
1912	2625
2047	2616
1205	1722
2069	2233
2246	2294
2370	2593
1305	1813
1953	2492
423	683
1448	1475
2054	2176
2789	3104
98	211
2183	2327
3113	3120
3026	3293
2188	2278
2485	2654
1652	1737
288	315
1083	1086
2030	2339
1684	2807
930	948
2556	2575
588	678
1959	2102
1970	2327
1993	2005
2061	2627
1590	1663
2886	2949
3086	3412
3111	3136
1927	2027
1086	1619
695	738
3687	3838
2328	2432
2306	2428
2748	3350
2176	2194
2276	2347
1524	1867
1334	1516
958	1319
2909	2943
348	438
2574	2630
1962	2020
625	630
2059	2077
2743	3400
2772	2996
2124	2253
2694	2919
2068	2133
3437	3499
2348	2601
941	1893
934	1079
2237	2564
2246	2491
1800	1843
2993	3137
2664	2717
2417	2543
997	1551
3508	3791
1577	2264
1396	1783
1577	2250
2334	2339
3514	3557
819	830
2064	2347
3140	3360
3473	3874
1250	1608
3648	3711
2200	2374
2045	2046
906	1622
2947	3168
2095	2485
1684	3130
934	1456
107	1831
484	1358
1962	1979
2754	2782
2026	2224
1979	2604
1635	1862
1688	1867
3075	3357
902	1257
1271	1604
3584	3976
1017	1399
1243	1528
1039	1205
1358	1695
3169	3277
1912	2569
8	201
3106	3319
1981	2333
1957	2202
2423	2578
1939	2161
1049	1116
348	564
3521	3615
975	1204
2072	2417
2482	2655
947	1886
2064	2329
1729	1742
1931	1968
1210	1332
2378	2417
1415	1739
1375	1644
2395	2428
2410	2559
2344	2616
566	1512
2460	2573
2172	2623
2672	2875
357	486
3078	3090
3497	3672
1086	1335
2414	2504
3619	3880
1211	1833
1959	2479
1160	1902
2340	2546
2190	2348
1290	1845
1428	1469
2684	2937
98	109
1191	1864
1341	1393
2827	3174
1195	1255
980	1484
975	1576
2400	2413
2276	2655
2338	2547
1600	1811
2077	2340
2738	3400
2904	3009
2111	2163
3437	3588
2244	2638
2144	2472
2011	2472
1621	1799
1573	1636
107	1410
1577	2183
3767	3927
1057	1138
2036	2265
1370	1388
784	827
2115	2131
3533	3760
2213	2615
2377	2461
2073	2275
1983	2323
32	337
2777	2896
1292	1887
2329	2359
1547	1804
2054	2247
2743	3433
1712	1714
3097	3215
483	896
2090	2200
2849	2894
107	1724
1290	1613
1199	1789
2198	2516
3261	3274
2184	2309
1983	2521
1965	2114
2072	2468
698	861
2266	2352
2122	2299
987	1371
1199	1612
2471	2642
2698	2906
1507	1667
2046	2271
446	483
2032	2039
2223	2516
1520	1610
718	762
2862	3238
2875	3043
405	568
2742	2992
936	1740
2428	2468
1029	1056
2981	3363
2330	2588
1917	2307
3782	3906
1390	1811
2800	2988
792	803
1359	1900
378	637
2118	2218
3469	3956
2326	2376
1124	1707
26	141
2161	2434
2081	2125
3106	3321
1377	1520
1146	1420
504	571
2927	3117
1198	1589
2526	2638
1545	1767
2118	2560
3684	3841
976	1645
1329	1813
2564	2624
1357	1574
2189	2589
2663	3137
56	325
2120	2160
2090	2428
2768	2865
2661	2939
1912	1919
1979	2324
1336	1380
686	791
2043	2460
1577	1913
3657	3725
3365	3369
3741	3877
999	1068
474	547
1283	1817
3173	3431
2190	2446
2772	3256
2069	2258
698	866
1058	1642
2670	2703
1524	1613
713	818
1966	2428
1971	1993
1984	2409
359	367
2471	2555
2376	2423
3076	3353
1123	1480
178	272
3485	3838
2810	3158
353	366
1185	1584
1026	1757
1972	2659
2338	2461
3049	3267
2098	2604
1333	1468
2046	2423
1216	1837
1988	2486
1810	1833
1351	1367
1201	1768
1921	2365
1006	1516
3478	3655
2108	2339
1391	1689
132	242
1322	1592
2356	2430
107	1687
2203	2338
3437	3759
376	428
1080	1446
3000	3174
3636	3713
2246	2598
2238	2360
960	1839
2910	2911
2410	2560
1313	1694
1123	1440
2707	3145
2678	2760
971	1502
2661	3132
971	1020
1912	2020
2103	2655
2669	2908
1028	1420
1439	1610
1622	1722
159	281
1380	1523
2278	2352
136	1955
1596	1903
2913	2985
1684	2661
1963	2646
107	1857
0	259
902	1636
3600	3612
1530	1559
2006	2027
437	532
2844	2871
1256	1796
1966	2278
1941	2142
2236	2361
1107	1288
107	969
122	274
1520	1622
2218	2253
1938	2492
3139	3231
394	566
3096	3174
1968	2171
107	1773
1557	1888
1927	2022
1675	1861
2833	3146
1684	3312
1160	1604
975	1587
1247	1503
2970	3146
1288	1800
2253	2593
1367	1782
2021	2564
2057	2254
1214	1509
1086	1153
2214	2453
580	1294
2681	2862
373	556
2039	2420
3341	3359
1429	1503
1940	2151
2785	3067
1209	1816
512	545
2756	3293
1004	1091
1472	1906
2550	2559
1201	1868
1554	1683
1431	1554
1786	1812
2575	2646
1376	1721
1009	1067
246	285
2042	2458
3117	3173
932	1269
107	1645
3332	3353
376	651
104	295
2021	2601
3182	3350
2471	2475
1009	1277
1173	1391
2221	2350
2378	2645
2122	2339
606	1070
983	1791
977	1348
2586	2638
1329	1388
2775	2995
2002	2351
780	792
3020	3340
1718	2241
1356	1881
637	1808
1714	1757
1028	1833
913	1068
55	186
2282	2629
3095	3153
2363	2386
10	332
2077	2308
2973	3386
1955	2264
1457	1757
2694	3284
1577	2617
3264	3369
1985	2410
1250	1559
1929	2352
1199	1361
2985	3363
915	1425
2131	2601
2375	2558
1352	1572
2121	2323
2521	2575
3002	3366
2093	2575
1941	2623
2986	3238
2363	2460
1946	2507
955	1043
1081	1729
3266	3308
423	651
1227	1728
2778	3327
128	170
3146	3239
1932	2508
1935	1973
3529	3668
107	1392
1926	2328
703	758
1104	1432
2134	2471
567	645
2538	2658
2716	3212
394	414
419	561
961	1327
1256	1864
927	1590
2294	2592
1757	1898
2510	2653
496	517
1971	2460
387	503
1211	1620
1684	3335
2124	2190
2787	3214
2220	2591
3139	3153
3684	3938
2046	2624
984	1215
723	830
2131	2408
2299	2370
1377	1389
2103	2521
3240	3391
2460	2624
1684	3174
3332	3396
2329	2560
2104	2586
2890	2915
2237	2526
2304	2434
363	1790
747	748
2283	2315
1221	1785
2420	2597
2257	2604
2468	2625
107	1141
1003	1750
3466	3634
1238	1530
2996	3291
367	489
2669	2777
2381	2551
756	805
1163	1605
364	441
2033	2573
409	538
2331	2590
622	678
1584	1750
1912	2028
1912	2328
2563	2564
2339	2477
1100	1583
1955	2533
2250	2543
1175	1522
606	1616
3437	3824
2951	3016
2665	3326
2077	2354
107	1336
3192	3274
428	1237
461	590
3442	3710
1099	1729
2061	2116
1912	2042
3540	3684
3145	3297
2879	3318
3803	3869
1180	1352
2045	2543
500	580
2936	3434
2332	2475
1128	1539
949	1189
98	238
3525	3737
1959	2047
1170	1549
1684	2865
2045	2407
1987	2419
1124	1736
3736	3873
2033	2446
1528	1663
2103	2611
2395	2507
2180	2344
2684	3051
66	113
830	845
1101	1707
26	304
3212	3355
2153	2508
513	553
3018	3366
900	1494
3268	3407
964	1278
2117	2205
2778	3306
1551	1791
2471	2594
1235	1628
3477	3565
2098	2586
26	285
1714	1835
2103	2469
906	1242
2025	2159
3536	3606
1503	1783
1942	2164
451	506
1944	2029
1019	1235
1331	1809
483	493
1926	1932
1985	2093
0	282
2827	3033
3495	3884
3113	3182
2241	2333
2685	3345
1516	1761
1329	1609
2738	2888
1185	1390
20	162
1946	2309
2011	2657
2446	2464
2839	3022
1156	1722
107	1370
3684	3734
2862	2924
1086	1659
412	614
2556	2624
1158	1715
694	824
3092	3226
2047	2508
2116	2157
2334	2395
2088	2433
3463	3706
1163	1789
1126	1835
922	1399
374	438
140	326
1975	2335
2951	3241
20	41
2292	2338
2199	2608
2030	2059
2018	2472
107	1028
2007	2134
2134	2138
2491	2629
1929	2306
161	203
1238	1256
1101	1351
2007	2436
2752	2818
0	315
956	1016
1049	1431
2122	2504
3106	3434
1345	1459
1014	1282
2210	2590
2932	3087
2180	2267
1584	1600
3351	3381
2210	2218
907	1420
1912	2128
2104	2369
2833	3258
388	465
1642	1684
2098	2340
1020	1502
859	885
2121	2492
2095	2554
3574	3640
370	542
2609	2653
348	396
2277	2373
1215	1786
2347	2433
2300	2429
1155	1631
2936	3347
3182	3434
1997	2560
3629	3850
122	203
947	1516
3146	3247
3000	3435
3756	3841
916	1804
2892	3019
2948	3414
133	224
1356	1743
2098	2460
1449	1712
3725	3743
1943	2506
2236	2411
1227	1873
1548	1747
2737	3154
999	1416
781	836
1375	1584
1341	1376
1375	1524
1078	1488
1335	1799
2073	2429
1528	1765
2138	2183
2101	2608
2133	2517
1076	1124
3035	3101
1126	1604
3215	3302
1547	1902
2030	2136
425	534
971	1871
1943	2386
3190	3383
1235	1786
2039	2057
2960	3073
2086	2559
3076	3261
916	1707
1181	1737
2429	2546
1577	2199
4009	4019
1582	1751
2689	3000
1112	1735
119	332
1947	2598
2311	2462
1281	1495
107	1789
1274	1615
1984	2593
1945	2491
3275	3318
370	515
754	779
107	1154
1998	2011
2093	2266
2044	2476
2827	3064
1496	1507
1957	2657
1964	2651
3990	4016
1211	1289
2356	2575
1918	2275
3470	3520
896	1872
2327	2629
2304	2344
299	330
2180	2509
1487	1604
2298	2543
2905	3104
1943	2139
2433	2553
799	845
1184	1612
2468	2551
470	562
2200	2324
2306	2586
107	1877
2936	3113
3154	3370
1912	2352
1153	1480
1175	1800
119	189
1946	2575
1943	2118
2299	2506
1970	2283
2973	3060
714	822
1995	2012
1958	2659
1972	2337
1104	1575
2151	2377
1393	1879
2047	2148
906	1547
2546	2625
1078	1746
1553	1768
1199	1339
1170	1893
2199	2461
1278	1757
1954	2620
2719	2991
1314	1601
2724	2775
993	1669
2053	2285
1211	1447
1390	1480
2095	2504
3194	3212
1388	1730
2058	2216
1959	2328
1632	1800
1125	1789
2363	2542
2289	2598
122	248
698	889
3593	3631
1520	1730
1470	1535
2434	2501
2701	3011
1079	1888
1343	1540
1396	1508
3221	3248
2491	2509
2751	2772
1929	2586
1946	2433
934	1508
574	663
941	1281
2750	2974
413	415
2783	3152
3081	3365
1132	1888
2142	2172
1099	1812
993	1620
2408	2430
1983	2484
0	214
3448	3449
3529	3906
2229	2619
1925	2164
1942	2019
363	1358
2220	2646
754	815
606	1767
1222	1584
1539	1795
1988	2259
2030	2552
2690	3196
1736	1804
1751	1875
1491	1799
1367	1547
3114	3339
3470	3778
2073	2237
2198	2273
3213	3324
1156	1669
376	463
1976	2006
2755	2927
3239	3265
1388	1598
3154	3160
2287	2339
107	1083
1250	1619
2492	2590
3703	3830
3	170
4009	4023
1577	2054
2735	2819
1729	1783
1280	1483
1109	1541
1322	1550
1250	1793
3714	3823
3660	3780
2681	2916
2849	3035
376	419
687	777
3302	3330
2953	3052
391	544
1059	1652
2951	3082
1355	1634
107	1054
1003	1639
3506	3758
2747	3365
2268	2635
374	569
2164	2172
2724	3191
1143	1418
1916	1954
3527	3672
1213	1672
1076	1811
2289	2416
824	834
486	509
1083	1868
1140	1534
1323	1842
1075	1340
3075	3323
2507	2601
2115	2655
1012	1844
2119	2570
2309	2586
2372	2434
1917	2115
3185	3403
913	1217
1062	1183
630	655
745	787
1348	1770
3140	3154
1006	1791
504	539
2023	2197
611	677
977	1624
1040	1063
2028	2282
2750	3047
1128	1184
2986	3433
1340	1390
2224	2338
2482	2504
2502	2582
2336	2643
2911	3363
1496	1770
0	154
119	163
406	437
1971	2591
1122	1179
1377	1540
966	1827
2229	2543
2531	2616
1299	1681
1932	2087
2865	3156
834	853
2943	3284
94	320
2037	2206
2151	2203
1995	2538
2795	3110
1014	1292
1973	2009
2865	3061
1107	1832
373	387
978	1435
2196	2582
1577	2471
719	800
2257	2354
3497	3966
2359	2404
2865	3236
2757	3064
1944	2141
1117	1827
2233	2257
1250	1833
1912	2573
2237	2556
1620	1900
1023	1674
1620	1675
1184	1341
2986	3114
2757	3142
1337	1858
2324	2630
2502	2516
2039	2592
2109	2142
483	1661
618	619
2992	3051
3587	3964
1067	1298
1580	1805
2040	2121
1052	1529
2171	2435
3506	3623
1322	1347
2496	2543
2689	3324
3013	3209
1925	2290
1004	1211
483	524
2897	3232
3980	3994
1979	2064
1427	1584
2005	2506
2964	3326
3860	3966
2117	2144
2376	2606
3719	3764
691	771
1117	1124
1962	2579
686	793
1431	1604
200	304
3152	3353
1331	1754
2966	3426
2137	2573
2128	2509
3172	3313
1423	1479
1699	1876
1984	2309
2032	2194
2559	2575
1545	1762
26	40
2354	2369
830	838
1684	2761
2848	3133
1230	1359
2081	2501
1067	1655
1919	2061
3005	3287
1273	1595
2780	3188
2539	2593
1919	2657
3826	3969
2229	2429
479	493
590	633
1102	1373
1458	1665
80	92
1212	1478
3162	3306
3731	3877
1988	2466
3143	3153
896	1044
2049	2173
1660	1801
1435	1584
2144	2599
2087	2398
1277	1812
3002	3379
981	1426
3516	3649
3758	3855
2672	3280
2155	2328
2068	2463
3593	3714
2828	3185
107	1693
1985	2043
107	1740
2246	2512
2484	2485
3441	3538
1074	1078
1502	1704
2184	2507
694	800
2087	2592
976	1574
1237	1800
1267	1376
1604	1669
122	213
1922	2455
1249	1338
3599	3802
2679	2987
3174	3284
3038	3274
2816	3087
1647	1720
2950	3272
2282	2372
2229	2623
2046	2600
1126	1539
2062	2283
2093	2363
944	977
1916	2032
3437	3467
906	1431
947	1804
1994	2148
1287	1584
1978	2397
2104	2638
1463	1833
395	423
1668	1898
2142	2553
1912	2344
2748	3051
1059	1768
451	569
1920	2475
2916	3056
2685	3263
2475	2498
2081	2137
1557	1827
2218	2303
2966	3226
2345	2617
1643	1714
1255	1513
2560	2623
1913	2529
1070	1770
1291	1467
1935	2006
2139	2590
2261	2410
1983	2381
1583	1628
600	659
698	863
136	2127
266	346
2220	2352
3013	3194
698	708
1135	1590
3625	3667
1217	1444
2030	2551
353	1543
1718	2267
3731	3762
1963	2409
2913	3324
2084	2551
1101	1597
2433	2602
1959	2537
2068	2589
119	318
1203	1847
185	280
2354	2611
2673	2948
1970	2434
1483	1730
3172	3201
3462	3966
3617	3803
1941	2367
2085	2610
1338	1756
1281	1582
1325	1708
107	1869
967	1126
2193	2335
1467	1488
2986	3195
1092	1398
1039	1271
2074	2646
2867	3174
2869	3116
957	1764
2877	2920
273	328
2309	2526
2668	2772
3030	3080
2069	2393
3117	3195
2585	2645
2534	2659
1684	3292
2706	2839
3767	3829
896	1082
2897	3228
2266	2546
2055	2611
1516	1813
1971	2103
2074	2408
3980	4027
31	51
1101	1554
1322	1680
2906	3195
400	414
2352	2504
367	481
2845	2892
3406	3421
2763	3234
1076	1083
1132	1530
1977	2291
694	727
898	1066
496	591
2093	2323
912	1657
2376	2381
45	142
3740	3815
1948	2071
2910	3033
2786	3166
1975	2156
3602	3634
56	291
1916	2183
1184	1610
1	73
698	880
1786	1894
3174	3363
2395	2579
1833	1849
2472	2555
1488	1839
2793	3101
1567	1593
514	570
2121	2347
1348	1709
2372	2598
1954	1968
2150	2492
2226	2296
3148	3434
1005	1667
1984	2552
1255	1721
2936	3298
2287	2602
1662	1669
0	318
1190	1479
1401	1839
2925	2931
1426	1873
3226	3339
107	1744
2786	3022
1156	1331
2273	2302
107	1443
2841	3208
3363	3387
2354	2469
2087	2267
1390	1827
2340	2485
3643	3680
1954	2052
1973	2648
388	559
439	542
2054	2223
1709	1831
1873	1903
1912	2063
2738	2890
698	891
3558	3924
3117	3342
2956	3166
752	823
2778	2828
905	1692
2143	2471
2002	2187
107	1274
3051	3274
2068	2588
67	345
2069	2266
3056	3433
2866	3098
2282	2543
1367	1879
2334	2386
1595	1894
2073	2578
1926	1947
1962	2118
2986	3400
2046	2532
2072	2132
2917	3065
107	1122
925	1598
1500	1536
2086	2140
1191	1730
1935	2647
1684	3409
1768	1827
1399	1737
9	297
107	916
3601	3623
686	770
2879	3314
56	285
619	684
1190	1235
1376	1621
2123	2576
2761	3234
1104	1596
1026	1250
2521	2619
2910	2966
2068	2629
1934	1936
2241	2285
2275	2624
1983	2564
2133	2155
2201	2237
3562	3639
2724	3207
1161	1911
803	837
1912	2255
107	1254
2460	2520
3291	3406
2290	2520
947	1663
1399	1816
1953	2046
1929	2172
817	850
2666	2749
2077	2334
675	681
1153	1457
3214	3248
2100	2217
2485	2507
1126	1288
2763	2919
3540	3841
3047	3417
1959	2042
1231	1680
2810	3117
1129	1479
2055	2339
2516	2605
1970	2062
3586	3938
2666	3364
983	1619
2150	2414
2088	2240
192	205
1086	1423
1277	1862
1932	1945
1227	1392
1340	1632
2222	2235
1289	1768
1554	1752
1017	1623
2124	2428
2945	2960
1659	1888
862	3456
2063	2414
1390	1457
2843	3032
2053	2279
1172	1809
2661	3296
2870	3002
2968	3097
1966	2164
1603	1714
1255	1612
1935	2636
2081	2368
3146	3169
2196	2215
1963	2428
2786	2956
2180	2285
4020	4037
2528	2558
2179	2430
170	188
2954	3190
509	518
2333	2396
2706	2810
1457	1816
2322	2361
1491	1612
118	265
2261	2356
3643	3833
107	1340
597	630
2887	3084
3104	3130
2538	2585
925	1126
2241	2498
3517	3533
439	523
1921	2633
1946	2115
2729	3119
2271	2615
492	495
1772	1879
3604	3861
1109	1296
537	559
1985	2460
2369	2654
1943	2037
36	127
375	456
1559	1612
2224	2519
1179	1237
2078	2563
73	88
2911	2925
2068	2101
3604	3640
2408	2638
2212	2654
188	271
971	1014
1356	1425
1920	2471
1124	1398
953	1620
1938	2549
2282	2544
1076	1584
1291	1754
274	341
1101	1768
2982	3283
2073	2078
2666	3004
2369	2499
2247	2603
2082	2448
1334	1471
2059	2271
1359	1714
2052	2516
1255	1805
1146	1734
1009	1459
3775	3953
2151	2241
1063	1238
2095	2464
906	1078
993	1191
3162	3203
930	1625
2718	3107
2787	3097
2579	2602
2250	2355
5	187
1473	1574
2019	2303
2815	3098
2913	3195
2793	3072
257	258
1255	1321
1205	1323
107	376
3842	3886
1156	1323
3038	3380
1269	1799
2604	2638
1235	1682
686	744
1985	2630
3116	3148
1827	1879
1082	1404
724	820
2730	2758
1989	2573
1953	2088
3587	3933
703	779
1257	1872
2561	2604
6	95
1746	1750
643	661
2206	2395
1107	1399
922	1839
2787	2904
3633	3692
2485	2607
2738	3029
1305	1799
2055	2477
913	1688
1104	1129
1312	1614
2069	2476
1634	1703
1131	1338
970	1866
3152	3172
2183	2458
1185	1530
1230	1393
1085	3674
2149	2332
758	787
2333	2479
1912	2212
395	408
946	1584
3443	3752
2501	2560
2340	2593
2340	2590
2266	2500
2062	2282
1684	3338
412	645
1259	1904
805	853
595	640
1912	2407
1459	1783
1584	1597
686	821
1573	1884
1271	1302
3179	3332
3120	3224
3738	3761
2282	2310
3586	3596
2004	2202
1223	1692
1109	1770
946	1619
2098	2115
1983	2409
3437	3950
2800	2864
2359	2600
2053	2399
2804	2992
483	1794
1288	1359
1146	1714
2755	3226
2781	3327
503	560
9	295
2322	2411
686	765
2059	2179
1361	1612
1289	1791
915	1844
2520	2630
553	634
1826	1888
3437	3610
2779	3207
1197	1851
2206	2240
2179	2423
2111	2609
2592	2643
2275	2290
2987	3123
2294	2434
2892	3288
483	1102
1970	2608
3720	3787
2138	2567
348	398
2446	2507
1547	1833
1287	1399
1995	2365
1191	1280
2434	2509
2364	2636
2102	2643
107	1624
1117	1833
1718	2543
2387	2619
2682	2692
1349	1374
2469	2619
1989	2352
2719	3397
1339	1598
2299	2619
1912	2315
0	172
0	185
3162	3285
2377	2598
1617	1845
1064	1443
3869	3900
1966	2414
902	1158
2274	2396
3170	3378
3980	4030
745	795
2271	2409
2615	2630
1068	1613
1589	1736
2150	2240
1487	1536
2148	2332
1918	2098
1471	1768
3470	3773
2221	2501
1993	2206
1589	1796
2951	3154
444	473
3452	3603
3132	3291
2402	2448
3101	3267
2665	3406
2271	2500
2363	2575
1816	1826
1306	1525
2083	2122
773	774
686	800
220	262
2047	2203
40	141
3883	3919
2188	2638
1920	2502
1331	1721
1083	1456
2078	2573
2359	2646
395	412
1359	1447
2069	2347
1067	1462
2229	2524
2109	2140
1166	1396
2770	3152
1391	1547
3535	3881
919	1742
1983	2306
2121	2324
2072	2110
2890	3339
1302	1399
924	1051
1163	1285
2111	2508
107	1270
2140	2165
1331	1483
2007	2111
2961	3303
960	1527
2088	2468
1269	1431
2108	2409
1405	2775
1335	1604
2430	2573
2276	2549
1161	1518
3487	3723
2720	2973
1032	1227
2317	2628
982	1898
348	350
978	1662
1981	2007
3087	3327
3302	3347
1584	1653
2937	3201
1920	2224
1367	1572
3093	3274
1940	1994
1230	1563
1684	3268
3240	3291
2839	3417
13	271
614	683
934	1516
409	479
107	1368
1272	1327
1542	1662
2190	2586
1959	2445
1828	1871
1402	1456
1175	1540
537	561
2894	3182
2773	2988
396	548
1918	1997
3456	3831
1515	1729
982	1271
932	1594
1175	1663
941	942
1393	1620
1984	2083
2705	3033
1291	1791
1942	1966
2002	2294
2088	2257
2666	3014
694	697
2742	3411
2176	2247
2875	3258
2748	2846
1953	2140
1962	2573
200	297
1554	1833
3076	3296
1173	1409
2473	2589
403	553
1079	1184
1994	2062
697	709
2024	2159
1559	1712
2047	2347
1146	1250
2696	2934
576	658
2461	2588
2355	2641
366	460
1684	2921
2010	2196
2038	2508
1028	1449
2233	2429
2352	2611
1953	2043
368	526
1983	2454
2430	2624
1004	1523
3734	3737
1101	1185
23	190
2715	3291
2783	3192
2123	2593
993	1267
2199	2479
246	304
2303	2476
161	339
483	651
1639	1768
1148	1596
1730	1771
428	1226
4002	4023
80	187
1049	1242
2754	3029
3586	3971
2240	2339
2047	2267
1104	1436
1925	1942
2724	3370
2271	2363
1374	1694
1272	1563
1538	1735
1146	1726
2139	2306
2403	2497
2300	2323
1371	1837
2086	2275
1450	3263
1603	1799
2676	2905
107	925
2266	2559
2266	2429
1130	1305
1195	1637
180	299
2381	2507
417	545
25	290
1912	2024
953	1619
1294	1602
1256	1589
2121	2532
1376	1377
1315	1682
3179	3188
1613	1730
2910	2920
2477	2553
1966	2340
2728	3019
2331	2654
2200	2309
1941	2196
1983	2356
2754	3096
2754	3022
925	1668
2266	2501
395	601
107	1207
2905	3226
1250	1380
2796	3051
1964	2514
2081	2438
1646	1885
969	1751
2062	2458
2133	2268
3100	3337
3625	3684
1126	1590
952	1886
2277	2357
1652	1800
2111	2215
2054	2332
2420	2510
2778	3076
483	1012
1940	1945
2337	2435
1127	1304
392	428
3078	3232
2398	2512
1184	1689
1181	1804
2709	3015
1190	1786
2087	2498
2037	2044
908	1518
2322	2562
1982	1988
1955	2522
2864	2896
2055	2446
2153	2336
1549	1740
2275	2554
1153	1902
946	1491
2461	2629
2118	2200
2920	3363
1377	1447
1935	1972
2532	2560
2139	2546
2266	2600
1622	1867
2751	3353
1684	2969
3735	3740
993	1447
1351	1736
2084	2220
2797	3378
1149	1185
2717	2897
2212	2492
3437	3573
3498	3705
1943	2625
1352	1879
3462	3930
1447	1463
1246	1481
2045	2150
2940	3054
1820	1893
1086	1329
2081	2351
1106	1725
1278	1730
1085	3962
2345	2612
2229	2507
742	768
2370	2590
938	1493
1522	1554
1289	1335
1684	3145
2729	2873
2179	2404
1059	1238
2118	2430
1214	1570
2758	2932
2135	2267
2981	3130
351	364
2616	2617
1323	1610
2133	2475
1236	1310
2150	2290
1238	1287
2783	3172
3514	3528
2289	2440
2024	2585
1359	1861
3035	3277
95	327
2710	3130
2108	2136
1032	1099
2045	2611
1960	1964
1282	1309
2103	2536
2128	2183
3295	3366
2300	2638
1405	2724
695	719
1650	1828
169	291
1707	1800
107	1358
2077	2118
122	344
2711	2779
1059	1540
2417	2597
1064	1453
2183	2465
2244	2462
2084	2550
3469	3634
998	1029
1533	1798
3060	3350
2037	2064
978	1352
2020	2045
2506	2604
107	1574
1812	1894
2352	2546
1258	1334
2223	2508
2078	2140
2353	2469
9	156
599	662
1735	1768
1522	1559
1684	2759
1424	1798
3426	3430
1947	2273
1604	1842
2322	2412
3240	3276
2398	2468
2423	2631
2480	2610
1088	1719
1804	1879
2279	2351
1613	1811
2005	2600
2552	2624
0	99
559	614
479	527
2916	3054
2742	3247
2370	2539
2032	2399
1995	2000
3489	3676
2396	2652
716	741
3252	3397
2056	2464
25	98
1272	1603
1570	1833
2151	2436
2237	2428
2125	2384
1210	1212
2233	2578
1963	2244
136	2475
2690	3395
2353	2600
3224	3330
3735	3867
2742	3058
1287	1612
3505	3607
1800	1886
925	1804
1210	1565
1959	2196
1269	1600
1431	1746
1684	3102
3085	3304
3743	3871
2386	2507
1608	1675
2020	2233
2257	2593
1217	1408
1914	1973
2546	2551
1153	1826
2278	2543
2739	3420
1250	1554
3017	3118
916	1571
404	526
3449	3625
2578	2600
2328	2479
493	517
686	781
2138	2510
3611	3842
2009	2640
2091	2146
966	1456
2326	2408
2849	3049
1557	1735
2174	2610
2675	2999
636	678
213	249
508	563
2007	2396
717	852
949	1109
1963	2309
3038	3209
2348	2352
1979	2409
2001	2648
1196	1197
1619	1736
2007	2117
1237	1543
1272	1312
1060	1636
1126	1823
1623	1810
1146	1613
738	760
2063	2602
3576	3785
17	326
1024	1336
2169	2649
2865	2932
1076	1340
3539	3690
1126	1559
2907	2940
2073	2074
2202	2620
1588	1719
1447	1746
2283	2293
2578	2646
1991	1995
1945	2273
1955	2127
3052	3104
2043	2526
2594	2598
2461	2510
388	450
2916	3174
2077	2121
2108	2625
1180	1280
2273	2399
2800	3000
1928	1973
1437	1845
2868	3051
430	497
1287	1598
3539	3583
2252	2509
967	1485
2054	2183
2069	2414
897	1765
2689	2907
1169	1831
1994	2302
376	502
1932	2512
2743	2777
3456	3797
438	483
3097	3101
362	535
1997	2005
898	1373
1966	2063
1688	1754
2319	2653
2783	3185
2430	2478
1527	1670
3000	3135
2936	3035
107	981
2309	2495
2661	2742
1680	1682
98	128
2296	2612
2235	2283
2881	3378
2212	2559
67	188
1059	1839
1100	1235
2004	2365
1066	1082
1642	3361
1175	1724
2087	2617
3571	3899
107	1655
1966	2454
988	1231
3442	3608
1472	1847
2037	2056
1992	2349
1381	1583
2064	2619
3483	3499
1130	1132
2785	3058
3696	3776
2676	2782
1104	1392
3437	3743
1352	1768
24	180
1983	2088
1280	1570
1772	1898
2914	3256
1198	1879
3204	3297
2233	2391
722	853
719	747
2910	3345
3437	3955
366	539
2033	2324
2103	2240
2124	2369
1491	1752
1184	1793
1026	1312
419	551
412	548
2153	2543
1173	1359
1761	1843
1925	2123
2135	2642
2131	2257
2072	2183
2780	2793
1935	2000
2661	3261
1221	1884
2557	2637
2083	2276
1981	2537
3324	3426
2268	2364
2784	2848
3082	3247
2409	2543
991	1750
2203	2312
698	875
1288	1712
1975	2322
2349	2650
16	331
2966	3117
1621	1804
2159	2620
3087	3337
2040	2631
2201	2220
2133	2610
2328	2463
2161	2194
1048	1637
3667	3902
1361	1621
1320	1673
1419	2813
1684	2996
1923	2452
3468	3945
3514	3760
995	1238
2966	3158
3614	3825
3038	3204
1099	1820
906	1811
1617	1632
2326	2414
2724	3295
3491	3586
123	186
2180	2597
2748	2946
2084	2131
1591	1720
170	334
2909	2920
2374	2468
1291	1810
1359	1811
1570	1613
2483	2595
3247	3391
2866	3226
2539	2611
1683	1849
1684	3124
3466	3554
1468	1493
1181	1721
982	1029
2694	3363
1523	1632
980	1116
1078	1867
1489	1495
2142	2484
1221	1859
960	1399
387	520
1920	2283
1135	1881
577	600
3786	3793
3437	3564
2909	3232
3632	3720
2109	2559
4000	4030
1925	2578
2904	3089
2738	3123
1960	2023
3521	3728
1684	3230
2220	2615
2728	3162
2827	2969
1559	1849
2399	2475
686	733
2069	2324
2144	2330
3636	3728
85	322
1367	1714
2109	2484
573	630
942	1729
1688	1750
2683	3158
1258	1781
1358	1463
2199	2367
2133	2436
2122	2549
1547	1839
0	329
2970	3102
2085	2145
370	458
2098	2556
960	1863
3604	3828
439	517
2043	2069
1979	2124
2081	2117
1437	1594
1132	1471
762	805
1919	2004
2746	2754
651	1011
2384	2555
1379	1611
2190	2615
2122	2352
2141	2205
3060	3360
2240	2520
2384	2473
2136	2611
3563	3741
2429	2607
1533	1548
3466	3937
527	538
3284	3339
1222	1580
2061	2097
2906	2940
2108	2579
946	1289
2502	2519
2191	2315
1457	1809
1589	1717
1409	1782
1032	1303
1960	2361
1440	1852
1918	2324
1198	1653
2190	2623
993	1471
1981	2282
2604	2654
3438	3851
139	184
3152	3419
3720	3789
1234	1831
1323	1535
1005	1415
2071	2510
1920	2053
1452	1787
2194	2224
1827	1833
1125	1437
1925	2619
2183	2338
2863	3146
942	969
2290	2407
2009	2159
1102	1820
107	1099
1052	1525
1938	2043
2750	2873
612	617
1959	2501
2196	2472
3076	3378
2089	2402
2240	2326
2778	3287
1117	1126
2743	3114
2352	2607
2184	2546
2098	2220
3145	3320
2423	2655
483	1824
1120	1611
1391	1714
928	1494
931	1453
781	830
1447	1665
2249	2372
2064	2630
754	840
1538	1653
1067	1647
1948	2461
2698	2800
2604	2655
2169	2292
916	1613
2128	2332
178	186
1017	1480
1676	1825
3001	3178
2423	2477
1107	1447
2063	2347
2719	3332
1707	1796
2065	2183
983	1898
398	404
1912	2221
1947	2498
439	477
2796	3039
2302	2420
1479	1859
3437	3965
1589	1752
3505	3827
2040	2468
946	1006
2088	2121
921	1603
3437	3782
975	1235
1259	1630
1926	2291
2423	2553
3689	3721
1652	1877
1366	1536
1330	1390
2187	2198
363	544
1554	1867
2082	2540
1126	1222
1125	1554
3025	3394
1377	1741
997	1669
1250	1877
784	829
107	1507
1435	1630
2127	2555
1993	2638
2033	2098
1287	1456
1986	2526
1015	1903
3584	3833
1399	1888
107	1442
1415	1624
1132	1367
1305	1835
475	1549
2250	2512
469	551
963	1747
2077	2331
1926	2039
367	502
463	481
1351	1610
56	172
953	1483
2118	2154
3056	3098
1794	1818
3475	3930
1141	1355
982	1391
1954	2009
1684	3114
2095	2462
1938	2131
1941	2101
180	346
582	675
2403	2405
2761	3023
997	1483
1983	2104
2681	3090
2223	2643
2763	2915
3900	3909
1998	2027
2258	2409
1536	1727
1165	1718
402	412
575	612
3252	3385
2300	2350
2220	2619
2032	2509
1318	1565
2511	2592
2112	2484
2707	2781
107	1008
1020	1812
3750	3756
400	404
703	728
1267	1516
2679	2927
3043	3357
489	531
483	526
3496	3551
3722	3802
1929	2124
688	834
2153	2319
1609	1768
2682	3334
436	683
1389	1470
2133	2406
1097	1747
1086	1198
1509	1551
2200	2611
2058	2654
107	1267
72	271
277	323
2160	2587
993	1086
2071	2315
2123	2190
1079	1416
3051	3277
925	1242
1488	1539
978	1522
3534	3612
2319	2533
1929	1993
46	177
2460	2464
2363	2433
369	407
446	482
3680	3951
1684	2823
1684	3298
2233	2376
2872	3033
2408	2586
1019	1298
2292	2616
2179	2240
1542	1610
2055	2206
2108	2526
3449	3480
2428	2462
706	731
1684	3089
1360	1511
2853	3320
1117	1288
1400	1512
3757	3837
2261	2271
2327	2345
2784	3397
2778	3116
644	654
1459	1587
2996	3406
1100	1104
1024	1163
2881	3111
2261	2564
2390	2652
578	643
3559	3604
1663	1827
2873	2956
1470	1620
2026	2282
98	325
2376	2579
1313	1446
2108	2331
1250	1736
623	677
392	497
1569	1650
1505	2826
2039	2347
3223	3342
2111	2268
3485	3845
2101	2603
1168	1472
1997	2308
403	452
2278	2506
1598	1717
1255	1888
2109	2446
1108	1786
1345	1899
2755	3054
1059	1291
3446	3585
26	232
3142	3163
1682	1893
2080	2313
1079	1447
2324	2331
1017	1598
3455	3907
2464	2536
1327	1563
1048	1110
983	1668
3255	3369
3184	3294
1376	1793
2805	2983
1413	1432
1188	1703
636	644
2914	3188
1912	2420
975	1479
2090	2237
493	559
2356	2460
715	834
2953	3435
1085	3550
21	67
1994	2071
2032	2268
915	930
2717	2913
107	934
2117	2211
473	483
272	277
2155	2318
990	3222
2060	2559
709	777
2216	2549
3554	3634
2552	2601
1006	1289
2068	2283
1980	2027
2037	2092
2266	2593
149	326
1342	1910
2531	2610
2072	2319
2430	2485
122	188
689	771
1714	1799
73	299
3510	3752
1019	1591
372	570
2973	3035
711	829
2736	2771
653	680
2347	2510
2464	2606
2781	3277
1014	1820
465	475
3274	3291
686	693
3558	3568
1584	1849
2336	2653
2359	2507
107	1772
2233	2275
107	1290
3482	3850
2190	2600
1019	1636
1493	1648
1211	1669
2370	2602
1917	2275
686	737
3	280
1964	2335
2743	3023
3070	3344
1211	1668
3577	3841
2956	3119
2313	2644
2873	3257
934	1269
3437	3484
414	618
3655	3960
1126	1603
703	856
2323	2593
2045	2363
3103	3136
1019	1596
573	664
1675	1885
2497	2503
1455	1545
376	460
747	764
2953	3384
1156	1823
2290	2532
1309	1812
3456	3968
2095	2271
3532	3927
2415	2511
107	1636
1242	1796
578	650
2054	2246
2056	2356
2284	2627
705	738
1225	1260
2673	2694
199	200
1944	2176
1124	1201
1123	1398
3859	3861
2069	2500
2786	2993
1983	2339
1334	1768
186	200
930	1446
1009	1592
2299	2563
2278	2532
1944	2416
1376	1846
1199	1547
1017	1816
1995	2016
1250	1416
1484	1800
3437	3795
2283	2518
1135	1376
1589	1867
107	1639
1912	2351
2030	2374
2081	2589
136	2498
538	560
2279	2338
2237	2276
2624	2625
1063	1256
925	1198
424	469
484	936
62	130
2363	2601
1109	1549
1597	1827
2862	2906
1318	1320
2090	2095
3145	3261
1282	1324
98	272
2417	2538
1997	2604
1017	1361
3705	3818
3041	3326
3309	3311
2118	2122
1216	1319
1912	2644
107	1820
1684	2950
1025	1901
2313	2656
1390	1663
1912	2470
1117	1377
1305	1714
2169	2295
1230	1559
1390	1816
1344	1570
2712	2989
1025	1324
2404	2446
1115	1872
2928	3078
2340	2460
2007	2147
1143	1273
2132	2511
2918	3187
1373	1382
0	104
1017	1864
1122	1677
2724	3077
2229	2376
2722	3265
2222	2603
1261	1907
2436	2511
1962	2088
2479	2511
2083	2602
2200	2353
2756	2994
2201	2552
645	651
2150	2408
1059	1335
3072	3385
104	325
67	303
693	834
917	1314
1684	3237
3053	3218
2007	2054
1684	2894
3521	3876
348	521
1059	1198
2122	2601
2741	2993
1746	1886
414	659
2250	2347
2428	2550
388	497
1409	1559
1067	1893
2021	2543
1148	1277
0	66
1174	1494
3029	3238
2045	2549
2334	2468
1092	1230
2072	2518
2924	3090
1312	1675
400	580
1752	1757
944	1686
2966	2985
1619	1772
3450	3528
389	1469
3768	3906
2001	2364
2083	2261
1523	1557
3810	3906
2996	3341
2702	3189
739	805
2347	2467
493	525
3010	3333
952	1849
1979	2058
1925	2122
522	546
2244	2604
2877	2910
1376	1610
2053	2117
483	1373
2026	2328
3711	3969
430	503
2338	2398
1669	1804
3601	3786
2796	3277
1399	1554
1175	1827
1636	1873
3713	3921
2666	2755
647	675
2939	3247
2045	2462
1256	1809
1148	1576
1086	1199
2549	2550
1741	1867
402	561
2511	2543
0	267
1480	1800
3437	3468
980	1191
2005	2495
2005	2276
3985	3988
1132	1271
1175	1809
1986	2449
2689	3065
1247	1649
3039	3320
2229	2395
1968	2024
2132	2512
1060	1515
2478	2507
1938	2276
2150	2307
2901	2939
1086	1879
1175	1554
1917	2220
3437	3923
3327	3347
1185	1199
2062	2592
2352	2579
1765	1813
2001	2337
2218	2278
389	397
1983	2103
2304	2310
2187	2191
2846	3260
3067	3261
1684	3275
3993	4030
2276	2354
414	544
1746	1813
1951	1999
3818	3866
694	696
2176	2498
2254	2589
982	1132
705	741
2030	2408
370	465
2123	2261
3437	3603
513	610
2072	2336
1742	1894
1663	1791
107	1781
151	312
2127	2396
2065	2567
23	116
2869	2991
2031	2149
2508	2537
1621	1868
1172	1750
2266	2630
2054	2081
2218	2306
1917	2578
484	526
1359	1580
2254	2509
2302	2544
1198	1612
1589	1712
2911	3399
2233	2237
107	1683
1175	1222
366	514
1101	1214
2718	3115
2833	3035
906	1126
2773	3364
953	1323
975	1459
1078	1437
2005	2118
2141	2425
2125	2174
1210	1740
107	1850
1032	1170
2172	2631
1284	1459
2933	3368
3201	3351
172	298
1367	1420
913	1885
944	1634
203	325
2324	2492
1918	2563
2395	2495
3496	3750
2532	2630
2184	2339
2203	2368
2275	2654
1047	1669
417	479
1465	2283
2353	2414
375	526
1420	1768
3508	3840
1149	1714
1675	1881
1003	1004
2161	2522
2324	2369
2374	2600
2944	3243
3982	3998
2212	2353
1972	2447
1912	2554
3049	3411
1173	1669
1124	1330
688	771
1075	1621
1078	1714
580	1179
1049	1110
1758	2979
2232	2280
1921	2013
2063	2655
2003	2453
713	777
2960	3414
2796	3280
2751	3291
2864	3065
2124	2574
2104	2352
983	1380
2066	2514
2174	2589
2064	2266
1953	2218
901	963
2927	3426
3618	3842
1695	1801
3437	3688
1132	1813
3002	3249
960	1390
2059	2542
1953	2055
3320	3332
1962	2363
2823	3332
1256	1471
3682	3949
1945	2379
1793	1800
2078	2086
2564	2638
107	1004
576	615
1608	1689
1231	1459
2351	2472
2304	2355
1335	1530
3477	3756
898	971
2142	2573
54	329
2976	3291
1259	1362
3025	3084
2116	2337
1083	1205
1079	1198
3303	3315
3338	3402
412	567
2090	2216
1964	2279
1142	1602
48	271
745	814
122	170
1593	1784
430	514
2213	2546
1643	1753
2253	2433
2083	2131
3350	3396
2278	2550
3524	3786
2119	2474
1994	2555
567	3961
107	1334
2201	2266
252	297
2552	2607
1085	1806
926	1782
1339	1800
1238	1867
1979	2261
2977	3119
2829	3285
1368	1788
1284	1628
2056	2339
2276	2552
389	1070
2074	2220
136	2459
2184	2414
1431	1491
3495	3962
1040	1665
2054	2643
2363	2602
22	185
1972	2011
2302	2328
2068	2232
580	930
1684	3358
1962	2074
738	842
960	1449
3007	3247
2354	2446
3101	3145
2172	2602
732	771
1163	1559
2032	2472
2220	2446
2675	3369
2032	2368
2206	2331
938	1601
1591	1716
2348	2578
939	1497
2833	2875
2122	2410
1148	1628
627	640
2353	2504
2193	2497
1014	1104
1912	2624
2111	2417
640	659
1117	1717
1181	1184
2353	2563
1919	2659
1791	1839
643	662
2827	3166
1048	1746
475	1435
1989	2218
1947	2344
107	1030
136	2461
475	523
3521	3842
1205	1447
2172	2467
1741	1782
2874	2907
1577	2134
913	1699
966	1126
1190	1192
2088	2326
1717	1861
1250	1287
107	1767
1684	2994
1076	1184
2290	2410
2748	2793
107	649
428	553
1360	1615
2020	2278
3586	3692
1831	1901
932	995
2125	2498
1126	1757
2347	2598
2002	2239
1684	3045
1912	2332
999	1126
2020	2078
348	379
1222	1613
2150	2499
2511	2649
2591	2615
460	563
1941	2328
1369	1460
1014	1277
2332	2438
1953	2275
1932	2180
1430	1660
2438	2568
132	317
2664	3387
2139	2484
3464	3529
975	1104
2410	2485
1684	2694
2073	2271
2038	2134
2033	2536
2369	2536
1388	1393
3668	3956
107	1113
363	1113
1920	1994
1555	1656
3033	3387
2862	3029
1330	1898
908	1555
3442	3715
3480	3625
1918	2045
637	1324
2028	2516
2324	2575
2356	2369
107	977
1938	2611
2555	2643
1684	3273
1940	2491
2174	2434
1939	2511
2176	2637
3272	3360
2392	2509
2464	2492
2785	3249
1953	2631
1663	1753
2419	2617
1416	1746
3201	3381
2095	2423
2072	2396
1259	1415
2054	2250
2140	2575
1075	1867
1107	1613
3051	3350
2376	2532
1427	1767
519	546
429	539
389	1121
1472	1569
2410	2615
1684	2675
1377	1663
1238	1663
2064	2607
758	783
2282	2332
2724	2892
3545	3605
903	1837
1352	1765
2045	2359
2928	3117
3521	3590
2005	2123
3437	3836
1175	1736
2710	2978
603	612
53	315
3450	3731
1014	1583
1783	1828
715	745
451	465
1092	1289
693	823
3468	3956
2253	2307
984	1591
3609	3741
2793	2991
1076	1653
389	1259
2237	2240
3617	3927
1210	1320
1979	2142
687	817
1983	2266
526	1791
1293	1768
2032	2223
2095	2551
1128	1522
483	1408
1982	2142
2574	2591
1006	1662
1409	1527
1217	1569
1400	1616
738	826
2669	2874
2056	2150
1912	2583
2246	2461
1979	2556
2835	3195
2246	2355
1471	1800
3182	3353
3320	3360
1912	1992
3109	3260
0	203
1955	2223
1175	1547
2915	2919
1730	1823
56	315
2055	2083
1926	2268
2000	2284
3702	3966
2266	2423
2248	2534
651	1709
1365	1538
1946	2340
2234	2584
2210	2573
2600	2638
1416	1652
3150	3291
2833	3038
1947	2432
966	1888
2039	2279
391	483
1277	1611
2928	3293
2835	2994
2315	2555
766	827
0	50
1917	2423
3521	3735
1684	2938
1684	3210
2684	3179
2955	3187
1312	1883
2951	3404
2005	2489
1223	1371
2966	2993
2462	2573
3667	3948
3512	3800
1942	1984
2586	2611
2381	2593
474	475
134	334
3486	3924
2191	2332
2887	3052
1948	2134
3937	3945
2764	2903
3528	3790
2142	2276
1003	1516
1589	1891
2078	2625
2877	2880
1312	1420
2187	2398
2837	3080
1912	2087
941	1582
2174	2249
815	838
697	708
651	1001
2694	2948
3782	3836
2275	2561
2970	3297
2124	2539
2955	3264
107	1706
1001	1397
416	557
1955	2419
1298	1322
2109	2410
404	503
2995	3273
1980	2648
1256	1335
2928	3364
2139	2428
1231	1284
1390	1643
2689	2705
1199	1845
1993	2611
1032	1427
2043	2404
987	1177
362	560
2308	2646
1426	1596
2045	2546
1336	1898
1132	1612
107	1712
2553	2600
1104	1292
2423	2586
1231	1277
2085	2366
2176	2203
1912	2079
2546	2613
1387	1678
1075	1528
2104	2560
2406	2566
2716	3154
1146	1717
123	342
395	507
1207	1610
1410	1687
731	830
352	494
2701	3396
463	524
2283	2510
1115	1899
3026	3139
1951	2639
1190	1636
3065	3399
1279	1715
2694	3324
2446	2561
1921	1973
1211	1398
2521	2604
2149	2183
688	856
2050	2157
2993	3084
2039	2372
966	1839
1329	1331
2689	2839
2194	2338
428	512
1517	1898
2839	2872
2283	2597
53	180
3586	3633
2165	2625
784	813
3142	3284
2732	3131
2858	3302
483	515
1459	1848
1919	2494
966	1559
1006	1874
2108	2561
1930	2313
2084	2556
1583	1636
1388	1754
2224	2398
1256	1826
2745	2872
2220	2543
1424	1889
2092	2449
2742	3038
1930	2035
1255	1799
2202	2346
1470	1663
1115	1231
1912	2511
898	1824
1017	1351
2033	2460
2751	2901
107	1005
989	1082
1114	1320
1718	2653
2835	3226
3064	3108
1718	2589
1993	2404
1963	2131
2753	3198
2176	2555
1185	1547
1780	1909
1409	1584
2069	2108
1941	1979
1926	2047
3233	3370
1608	1761
2328	2336
3146	3335
2244	2339
1185	1761
1522	1683
1601	1733
2149	2336
2201	2546
1483	1835
1842	1849
1179	1374
1946	2414
1958	1998
2849	3291
1329	1637
1261	1273
2996	3342
2757	3000
2778	3185
1161	1618
1183	1540
3087	3296
2046	2460
2253	2539
1945	2555
1920	2241
2112	2430
1926	2134
3219	3385
2054	2125
538	1677
763	770
3437	3881
2126	2488
2925	3426
2068	2419
1663	1712
960	1068
2078	2253
1947	2294
2391	2552
1471	1753
3201	3416
3351	3357
2290	2306
1380	1888
2112	2611
596	677
2966	3348
2793	3319
2007	2187
363	1506
2811	2904
2233	2560
3084	3257
1577	2394
1155	1637
1125	1522
2733	3185
2140	2573
2763	2945
1370	1804
2278	2602
2179	2184
3545	3730
1971	2276
2408	2593
1941	2021
1275	1815
3258	3262
1215	1515
2881	3007
2741	3228
1078	1101
2862	3433
94	242
2487	2535
2376	2573
1959	2111
1520	1827
2112	2123
1447	1816
1184	1597
1542	1619
1338	1355
2071	2151
439	473
2059	2253
2189	2391
2949	3063
622	684
2724	3081
2492	2554
553	609
1431	1570
2750	2944
3150	3252
3042	3137
661	681
2093	2578
400	669
2905	2915
1120	1277
1934	2091
2680	3029
1488	1888
2102	2283
2770	2849
2334	2446
2047	2327
465	542
2078	2560
136	2463
1985	2200
1070	1183
1971	2266
1954	2203
2356	2630
2200	2407
1125	1538
2056	2539
2052	2203
2151	2344
2078	2257
980	1431
2329	2339
1329	1570
1204	1282
1101	1471
686	763
3437	3908
2194	2302
2326	2383
995	1651
965	1536
2094	2167
3077	3154
2951	3263
1312	1750
2023	2628
2512	2649
1063	1868
1255	1584
947	1365
1516	1714
1688	1737
905	1487
2111	2293
1049	1754
1998	2660
817	819
2001	2435
2283	2294
1020	1286
3112	3172
2122	2348
2002	2347
1920	1948
1222	1439
1146	1431
3556	3817
774	823
2326	2395
2485	2625
2121	2190
2976	3287
3070	3386
1004	1557
1214	1238
1610	1816
459	551
1072	1259
2869	3051
2266	2543
2906	3363
2095	2212
299	300
483	1882
2416	2637
2061	2647
408	438
2123	2233
2187	2330
2800	3232
1684	2884
1113	1844
2069	2611
2258	2410
929	1701
221	285
1617	1718
2336	2434
932	1845
3549	3566
1661	1680
394	436
1971	2090
3213	3394
2187	2458
2698	3417
3150	3381
3280	3396
1688	1861
2730	3253
3017	3353
156	272
708	755
3014	3387
1622	1685
1049	1377
2356	2409
1117	1902
428	520
2748	3302
1032	1495
2732	3372
2154	2526
2363	2586
2282	2283
626	630
136	2471
3684	3817
3165	3343
3522	3779
1398	1488
2020	2200
2056	2278
2743	3119
1019	1459
452	510
2504	2624
1920	2372
990	3328
2800	2925
2109	2573
3584	3784
2845	3060
3463	3869
948	1313
908	1136
1047	1523
2111	2153
3508	3933
1153	1449
1938	2542
2890	3033
483	1893
1361	1559
107	1125
908	1144
745	810
2149	2461
3824	3860
2331	2573
2271	2430
2134	2398
1019	1350
1684	3350
1684	2778
1184	1198
2676	3348
615	661
1091	1888
2063	2206
1117	1488
3084	3339
107	1626
2865	3196
3449	3851
3437	3571
1361	1377
2010	2328
2266	2504
56	298
2936	3330
1371	1629
2236	2488
1923	1964
672	678
1971	2369
483	487
1066	1316
2117	2135
2300	2543
2033	2564
1927	2001
1971	2611
111	312
1656	3278
1011	1072
1352	1399
1449	1619
2073	2549
2726	3139
1044	1884
1287	1845
1126	1867
1965	2322
2210	2464
1004	1242
1463	1888
1519	1527
428	1912
1068	1809
2395	2654
1996	2017
394	520
2201	2520
2072	2096
2237	2244
3004	3054
2462	2506
2661	3185
2850	2920
1261	1820
2430	2464
2244	2564
1078	1399
1431	1441
1369	1835
1522	1746
2664	3184
2697	3295
1017	1198
2010	2509
966	1107
3558	3951
1485	1520
1684	3288
1165	1317
699	833
1107	1341
1118	1216
1203	1240
2206	2306
363	366
2989	3434
1006	1665
1948	2148
2302	2465
898	1316
2324	2543
2328	2555
2047	2133
154	219
388	483
2032	2461
0	90
3226	3348
2183	2289
3152	3182
236	252
1971	1997
1946	2059
1082	1596
374	561
2063	2489
2279	2468
1196	1449
2123	2469
211	285
1256	1331
3014	3362
67	136
2118	2278
41	226
1179	1300
948	1427
1026	1714
2189	2491
3086	3285
1684	3351
2575	2619
1522	1712
2102	2511
2342	2632
1028	1352
3104	3390
2211	2214
2449	2631
2153	2247
1517	1827
1004	1597
3042	3428
1243	1623
1409	1488
2108	2306
980	1879
1979	2504
1984	2578
2433	2574
2351	2649
40	232
414	669
1238	1497
1608	1707
1467	1791
1028	1124
2215	2267
496	553
353	487
3437	3816
1306	1504
2927	3036
3347	3381
1305	1888
2985	3064
1036	1284
2108	2601
2153	2451
3038	3288
1495	1893
1979	2055
719	814
559	669
2031	2205
536	538
2069	2520
1970	2132
25	246
107	1286
1074	1902
3049	3330
2875	3182
1998	2006
2083	2324
291	332
1619	1683
1986	2030
1571	1796
2462	2615
350	407
999	1222
107	1414
1917	2216
3564	3690
2326	2347
1912	2266
2035	2448
2010	2254
1273	1649
1052	1338
1211	1480
1912	2535
1467	1735
2639	2640
2040	2258
1977	2036
1076	1623
953	1172
2735	3307
2918	3385
2742	3079
2992	3298
2118	2526
2482	2623
2777	2800
3927	3945
1313	1512
2033	2369
465	526
695	844
1684	2709
2040	2324
1060	1104
2137	2351
957	1583
896	1591
981	1129
1447	1702
2193	2316
2078	2356
1804	1839
107	1272
1684	3161
2915	3014
1966	2115
2914	3279
2103	2590
1912	2575
2005	2063
729	882
2953	2969
3328	3369
1622	1644
53	92
199	322
2768	3242
2053	2555
1271	1336
2463	2642
2257	2462
1109	1904
2738	2874
1942	2266
2347	2606
1475	1899
1469	1906
3312	3365
3488	3800
2122	2353
2359	2363
2680	2689
2104	2495
942	1032
573	617
24	53
2261	2586
1182	1269
107	1057
1278	1416
1001	1124
1912	2483
1184	1431
1155	1506
2313	2440
2172	2500
1920	2463
1439	1888
2063	2430
1035	1221
1068	1580
1953	2216
863	889
1029	1557
1955	2239
1184	1375
1255	1637
3484	3817
2451	2653
2026	2127
947	1017
2232	2445
2037	2083
1209	1407
1925	2590
2757	3033
1607	1664
2133	2336
1993	2607
2711	2881
2026	2461
2355	2543
2925	3117
2689	3232
1086	1427
160	260
1023	1687
2354	2546
2149	2603
3320	3434
473	479
1373	1783
0	289
517	553
77	231
1195	1741
1502	1894
360	523
701	845
2107	2644
500	517
2068	2254
730	747
1441	1666
1020	1316
2019	2387
3026	3364
1718	1852
265	313
2133	2272
1628	1647
1565	1766
1559	1789
2701	3298
705	758
2057	2508
2729	2956
1075	1754
1534	1687
3018	3337
103	271
2045	2542
1028	1735
1465	2542
1666	1822
3437	3882
2683	3362
2131	2556
3484	3940
2001	2472
2465	2653
3613	3639
1004	1620
3154	3386
2728	2829
1385	1496
2302	2510
2276	2348
3437	3465
1110	1393
396	568
1465	2597
973	1883
2063	2190
2052	2592
1329	1819
925	1610
3544	3775
3317	3394
2246	2377
1971	2201
2127	2224
2045	2326
1714	1761
1993	2563
1267	1391
2387	2542
3019	3380
2408	2625
1639	1730
2095	2559
2435	2647
2001	2640
2136	2275
1683	1881
2460	2507
348	555
573	592
3980	4010
2019	2526
2245	2535
2693	2999
3749	3923
1191	1833
197	251
1146	1435
2500	2638
1637	1842
1341	1789
2250	2332
2196	2597
1128	1689
2289	2612
2782	3064
2674	3434
2200	2624
698	862
2733	3298
1086	1746
1684	2841
3519	3701
2560	2600
2689	2782
1565	1767
2278	2646
3040	3339
3501	3633
2419	2491
360	553
2188	2353
2877	2908
1181	1391
1912	2597
3129	3301
1663	1833
2757	2927
2073	2591
3160	3360
1979	2521
964	1672
2748	3082
2004	2171
1181	1800
1940	2509
1663	1757
2253	2561
1912	1923
2786	2943
2014	2061
1984	2266
2092	2350
1947	2501
2212	2323
1912	2279
1020	1828
2748	3046
3448	3804
2115	2122
1207	1456
1946	2408
2227	2371
1184	1619
1277	1286
2140	2363
3669	3700
1589	1590
1130	1256
1765	1835
1540	1699
2782	3184
1107	1153
55	252
0	188
2220	2539
2189	2616
2289	2533
363	497
3344	3397
896	1515
2220	2376
1971	2139
1082	1158
2177	2304
1209	1819
974	1010
450	474
1717	1867
1409	1632
3046	3248
1431	1902
1005	1259
25	69
953	1804
509	516
3035	3247
0	240
2218	2290
1309	1345
944	1275
2345	2510
980	1222
1617	1835
2074	2604
397	514
1597	1663
1149	1644
2778	2823
483	1245
2282	2461
1251	1705
3441	3546
917	1246
1473	1536
2101	2134
2404	2492
107	1611
2131	2253
2184	2476
2091	2540
2880	2966
1003	1054
107	1342
4003	4009
1932	2183
1099	1515
903	1097
2087	2594
1291	1842
3184	3390
1000	1010
2785	3352
1946	2213
1912	2296
391	458
3444	3861
1323	1675
2164	2468
2785	3240
3852	3966
3025	3104
2075	2434
2142	2469
2123	2271
98	148
1104	1583
909	1111
2757	2854
948	1565
2355	2610
475	500
1173	1388
3511	3738
2037	2257
1983	2140
1912	1914
1067	1716
709	848
1333	1601
967	1293
2719	3297
2007	2589
1074	1211
2471	2516
3291	3434
2781	3005
2678	3222
3474	3602
2086	2331
376	426
3615	3776
1523	1617
2278	2354
1278	1771
1985	1997
0	308
3437	3820
2043	2290
2694	3078
2190	2376
2313	2371
2073	2200
1947	2390
1234	1671
2943	2986
1528	1620
3096	3301
1617	1637
3016	3419
115	326
2445	2458
2026	2369
231	232
3078	3149
2074	2600
407	533
1912	2157
1101	1341
428	1777
531	539
2461	2608
3576	3790
2276	2536
1912	2075
127	197
1962	2340
2241	2592
471	514
2267	2555
1491	1823
2539	2551
1584	1833
3437	3831
2010	2419
3569	3900
2198	2254
966	1361
1912	1951
1010	1709
3274	3287
330	346
1163	1652
3002	3395
3487	3961
896	1229
1344	1352
2428	2460
942	1099
1998	2447
368	527
2688	2693
484	1514
3504	3723
3146	3347
1547	1551
2728	3379
1000	1640
1238	1331
726	784
577	670
397	509
3225	3261
2150	2354
1943	2030
1497	1646
2753	3079
1282	1732
2068	2567
925	1184
1954	1999
1374	1790
1124	1665
2138	2169
1550	1611
1588	1806
3042	3303
1573	1576
1009	1284
2028	2163
2087	2273
1684	3079
1285	1736
2862	2994
348	374
143	227
1669	1823
2054	2372
2183	2608
2207	2478
1376	1485
2083	2307
1647	1764
2778	3199
107	1325
3017	3145
2386	2546
2661	2785
1559	1603
1316	1396
1925	2611
2095	2386
2282	2451
2366	2608
1305	1584
1684	3388
1132	1554
2206	2646
2984	3206
1663	1826
2027	2640
903	1468
1431	1471
2828	3291
1793	1823
1199	1722
1104	1479
1501	1851
2022	2116
1335	1456
2271	2359
1957	2620
1991	2346
2128	2643
2198	2319
2717	2827
932	1535
3800	3962
2073	2423
2179	2556
3133	3273
3780	3971
2610	2616
2183	2319
2433	2560
2709	2735
1149	1352
2992	3291
1388	1551
2299	2353
2117	2597
1085	1274
2072	2649
2096	2568
940	1259
2045	2646
3506	3706
2206	2485
2399	2582
3762	3804
2266	2512
2759	3383
3622	3821
2121	2601
2774	3127
2391	2545
2313	2488
2201	2593
3347	3350
3022	3174
1714	1864
2025	2648
3437	3572
408	500
939	1425
1809	1900
497	515
700	794
2208	2333
1534	1642
2332	2434
1189	1482
1086	1522
1229	1587
1124	1458
2820	3246
2005	2550
2833	3224
1107	1126
755	849
1014	1261
2019	2058
3640	3790
2047	2509
1289	1291
376	489
2393	2542
3086	3371
1718	2149
1997	2593
1153	1757
3152	3434
1172	1736
2313	2361
2375	2439
2250	2463
402	475
2289	2294
2063	2464
2266	2326
1559	1864
1219	1399
2823	3179
3247	3434
2029	2272
3038	3335
1962	2369
2153	2289
2183	2345
1006	1175
1255	1269
2696	3295
2071	2187
2039	2332
3783	3920
2233	2253
1945	2010
2461	2598
2949	3128
1191	1199
2300	2485
3486	3706
2189	2526
1281	1783
2253	2339
3486	3822
1156	1833
1009	1729
455	546
2046	2340
2708	3011
21	66
2729	2977
1554	1734
3437	3575
1687	1719
2031	2366
142	161
1153	1172
3659	3979
2163	2502
1970	2537
107	1314
948	1025
1161	1283
2183	2509
2485	2492
2869	3350
2063	2492
2960	3363
687	688
1584	1804
3335	3350
376	439
2108	2542
1181	1600
2289	2475
2759	3095
1947	2384
3559	3877
2757	2835
3836	3910
2906	3293
3021	3416
2161	2508
2543	2551
2212	2532
804	876
2083	2147
1938	2074
1960	2129
203	211
1061	1494
2007	2508
2882	2968
1010	1640
483	1682
3547	3628
66	252
2742	3260
2797	2901
1128	1390
2325	2555
2059	2340
1186	1333
1305	1746
3014	3384
2037	2354
2277	2656
483	1545
1917	2586
1376	1736
2077	2418
2173	2540
21	200
2907	2928
2734	2848
363	651
3586	3651
3440	3540
1399	1420
2871	3002
2273	2629
107	1157
900	1825
107	1678
796	829
982	1888
2220	2271
2976	3185
2937	3247
2257	2554
2140	2477
1114	1487
2680	3195
2883	3223
2825	3256
2033	2103
1261	1850
1530	1804
2694	3202
2240	2495
2363	2414
2536	2575
526	1730
756	827
1800	1881
1389	1447
2043	2500
999	1092
2169	2174
1317	1567
2074	2418
457	563
2681	2683
1912	2037
2244	2559
2334	2623
1015	1322
1391	1509
2136	2625
2213	2391
20	226
1986	2069
2224	2420
2866	3399
981	1292
1335	1668
3104	3293
930	1645
1926	2102
3049	3351
3558	3593
2890	3362
1292	1636
1684	3028
2769	2978
946	1028
1985	2559
412	528
3463	3924
1223	1385
1130	1480
2937	3051
13	304
2332	2399
1925	2395
175	177
2758	3285
1491	1603
2279	2332
1972	2097
3193	3324
2213	2352
2783	3028
2083	2353
2931	3426
3462	3756
1945	2294
1009	1100
2005	2356
1195	1329
3178	3403
2063	2423
2204	2421
2214	2345
419	422
1020	1751
1684	2979
686	824
2916	2945
2309	2404
3466	3738
2705	2896
2765	3120
348	558
1079	1652
1321	1509
2220	2574
2921	2984
2142	2467
2941	2999
1350	1404
2039	2333
1984	2630
1945	2643
431	561
3611	3633
2107	2117
1946	2506
1117	1339
1946	1953
2397	2474
1129	1691
397	419
2138	2377
2738	2994
2004	2016
3115	3291
1380	1712
1997	2574
1695	1844
2727	3374
158	339
1516	1559
1028	1209
382	500
1470	1590
2863	3351
1986	2122
763	820
1107	1367
906	1572
3089	3360
3806	3963
1068	1256
2489	2560
2022	2365
1972	2538
563	1808
2112	2290
1449	1769
3669	3813
1972	2116
705	752
1670	1765
2716	3077
1926	2511
2046	2630
2927	3363
2324	2615
1104	1903
1398	1480
2332	2465
3569	3906
45	132
2544	2629
3106	3252
934	1795
2088	2271
1377	1669
2904	3144
3821	3927
1245	1316
2071	2427
2768	3313
1684	2711
2020	2150
1504	1525
2319	2344
2086	2354
981	1438
2032	2315
363	526
1046	1194
803	840
2597	2629
2118	2290
2241	2649
2966	3232
758	827
2203	2343
2180	2347
348	446
1454	1893
1116	1230
489	557
3980	3991
1603	1835
2376	2602
2117	2254
1626	1911
2839	2896
2047	2072
1993	2392
1471	1619
3508	3598
2030	2140
438	683
107	1119
869	890
391	515
1684	3208
2877	3042
2234	2576
1074	1407
2785	3146
2770	2939
1955	2649
1951	1958
471	553
2240	2560
185	297
2776	3141
1284	1899
2364	2648
2859	3140
2095	2347
1180	1377
1918	1963
2005	2354
2043	2216
3763	3793
484	506
2866	3348
1184	1746
2077	2408
1092	1214
2109	2339
1684	2859
680	684
3142	3324
1912	2368
0	38
3574	3891
964	1469
1362	1469
3263	3279
2750	2763
2897	2925
2020	2590
3584	3947
1638	1786
1192	1345
2147	2391
3115	3224
2215	2336
2674	3350
543	546
517	527
2361	2628
1380	1685
1125	1267
372	531
2693	2949
3437	3777
1175	1467
1925	2109
2028	2194
2191	2250
1783	1887
1261	1582
3098	3362
606	1349
0	253
75	200
400	637
1491	1714
1314	1533
2423	2549
2836	3342
1017	1632
392	559
1488	1793
1964	2256
2060	2340
2322	2440
2118	2326
1214	1321
3070	3150
2159	2633
3665	3676
905	1226
2755	3250
2082	2228
141	236
3584	3711
2103	2542
1485	1769
1955	2169
705	823
718	805
2374	2563
107	1614
1593	1803
2038	2296
2414	2578
1483	1597
573	597
2350	2588
1037	1299
2108	2201
1079	1761
1912	2604
724	754
2055	2077
1074	1864
2103	2560
3643	3719
2090	2623
1444	1500
3437	3601
136	1991
1779	1851
1987	2445
1199	1336
1984	2507
650	670
352	375
3677	3788
2144	2617
2953	3084
3019	3160
975	1716
1100	1221
1010	1037
1962	2611
1780	1817
2324	2542
3717	3830
496	515
2331	2553
1259	1536
971	1786
3096	3348
2698	2910
1516	1643
1288	1610
2261	2590
2007	2180
1032	1591
2674	3070
1542	1816
2293	2336
3	188
370	548
3901	3933
1929	2121
2074	2381
1291	1741
2127	2529
1859	1862
1507	1783
2433	2543
563	566
1172	1613
2111	2283
2007	2526
394	398
1520	1795
119	325
107	1723
1946	2586
2116	2459
2117	2463
3790	3851
1170	1282
122	303
1207	1768
2074	2352
1107	1839
1083	1207
2478	2619
355	475
1595	1786
2384	2608
1675	1730
2701	2823
1272	1753
3137	3158
28	226
1243	1761
2273	2512
2054	2132
2854	2931
2863	3201
1927	2659
2560	2561
363	1318
1447	1842
2326	2611
1912	2498
1086	1565
1929	1979
3000	3123
1125	1352
2490	2650
949	1106
3609	3851
1684	3132
921	1182
2020	2108
2046	2142
1666	3289
2833	3212
1557	1622
990	2678
94	346
136	1912
2266	2563
2153	2174
0	340
1917	2045
708	713
3035	3152
2086	2551
1479	1790
1291	1827
1943	2492
1917	2482
1161	1779
137	337
1191	1823
2495	2655
2362	2525
2948	3184
1986	2266
780	830
1393	1528
439	456
1108	1373
2381	2467
2279	2496
2468	2586
1502	1636
1966	2229
1204	1596
2125	2246
2172	2573
3877	3948
1184	1600
1126	1721
2261	2326
1539	1669
2086	2309
2137	2328
387	514
1976	2022
2308	2356
2996	3385
916	1614
1299	1536
2786	2969
1298	1350
2356	2560
2758	3187
2890	2988
1513	1883
2217	2450
957	1060
1918	2539
1469	1783
172	304
2131	2334
1972	2009
2032	2434
1941	2032
1639	1644
1985	2590
2716	2901
2092	2200
582	661
3026	3033
1289	1823
3924	3947
1250	1335
2068	2289
2077	2139
2825	3198
1942	2564
1336	1833
993	1600
1480	1501
109	158
1997	2309
2030	2064
2184	2601
1034	1283
2216	2220
2365	2640
2223	2617
1912	2273
2553	2579
414	645
906	1757
2249	2279
107	1086
2749	2956
1454	1828
1020	1324
1272	1509
1925	1984
2233	2386
3002	3214
363	553
2307	2329
1187	1719
1107	1799
2674	3140
1929	2233
2093	2220
1970	2125
1509	1520
3595	3739
3730	3800
1958	2171
1305	1668
1172	1390
1184	1416
1004	1816
3994	4023
3330	3381
1576	1884
1945	2247
1229	1550
113	119
2059	2233
2123	2550
3783	3960
1393	1688
3242	3274
606	1334
2059	2240
2767	3318
2936	3172
67	236
2786	3014
1330	1833
470	507
444	495
2464	2573
1485	1563
3017	3082
348	462
1684	2714
2128	2148
354	382
2127	2355
2133	2319
2813	3136
2192	2645
1925	2069
1167	1500
580	1237
2136	2500
1456	1793
2432	2434
2107	2587
2054	2194
1378	1895
1017	1685
3076	3179
1124	1589
2061	2143
2738	2925
1980	2025
1103	1215
1155	1237
2910	2988
1158	1550
1993	2489
2069	2206
2039	2191
2747	3312
3587	3960
2104	2410
3710	3715
1185	1522
3350	3386
1123	1845
1584	1810
1820	1828
1462	1591
698	713
1348	1756
1182	1334
2331	2501
1684	3304
2200	2590
2118	2356
1972	2645
3287	3355
1571	1911
2770	3146
107	1155
577	599
1004	1877
450	531
1049	1367
1341	1888
1763	1766
1291	1335
758	809
1045	1593
2783	3353
273	275
2278	2409
1540	1819
3448	3851
1610	1754
2755	2906
2140	2574
2071	2133
2742	3378
304	324
1256	1361
2315	2571
2564	2604
1078	1643
2019	2478
1132	1211
1423	1824
395	495
2299	2495
3995	4026
3339	3426
3604	3804
2112	2356
2800	2943
3182	3262
2189	2395
1227	1423
3539	3895
3203	3395
2039	2597
2153	2465
2112	2615
2894	3173
1405	1846
1962	2210
2980	3270
3072	3248
1462	1479
1684	3308
3437	3441
2687	2748
953	1902
415	428
1341	1842
1340	1888
983	1341
3214	3337
1511	1698
2719	3281
3078	3348
2268	2445
2462	2467
3612	3945
1112	1390
2340	2611
2093	2359
517	524
3438	3971
3659	3779
2797	3262
2379	2571
979	1138
373	475
2222	2511
2711	3296
1416	1554
1600	1653
1044	1277
2877	3174
2829	3162
2154	2410
1004	1589
428	545
2071	2512
2662	3177
1944	2038
3016	3267
1912	2476
1943	2121
1185	1734
2724	3100
1376	1639
388	548
1968	2657
2109	2278
2112	2554
2813	2818
2111	2511
2218	2348
2125	2294
2068	2597
1097	1216
353	404
2386	2551
2115	2350
2796	2869
1379	1786
392	538
2084	2423
2134	2629
1919	1968
2111	2384
368	536
2350	2576
898	1732
2179	2188
2324	2460
2681	3387
1352	1620
3448	3830
3182	3274
1409	1868
3460	3768
688	819
2712	3347
2404	2539
1912	2275
1962	2578
2559	2600
2124	2593
3454	3880
2190	2646
3002	3191
2247	2475
2250	2598
1941	2489
1076	1330
2679	2929
2045	2184
1235	1862
373	374
2782	2956
2190	2591
1079	1530
2139	2408
1017	1078
2190	2363
823	853
1024	1530
1181	1522
2010	2292
793	836
2143	2491
2111	2617
1003	1589
1166	1783
2212	2220
366	553
2215	2530
2126	2412
3082	3409
107	1512
1943	2478
2200	2266
561	669
1303	1824
2035	2366
421	504
2864	3117
1059	1572
2046	2559
1684	3177
967	1329
1235	1432
2911	2913
2667	2690
1563	1610
1284	1423
118	200
2037	2484
26	248
963	1216
2414	2590
1620	1653
1984	2460
942	1907
2206	2625
2210	2578
107	1135
1614	1761
896	902
3794	3906
434	506
952	1017
1358	1514
2040	2526
1971	2118
2088	2485
2004	2648
1207	1359
1042	1225
2228	2322
1074	1199
1149	1839
1935	2225
1993	2086
2149	2223
3182	3332
966	1078
800	834
1465	2042
1582	1661
2940	3174
2138	2472
2362	2610
2049	2371
897	1205
3252	3342
2169	2372
2206	2556
1160	1570
423	637
1516	1520
474	531
773	820
0	278
2751	3321
2103	2414
3602	3738
3797	3962
1979	2407
3513	3799
438	514
1953	2331
1979	2356
2784	3115
517	1692
3457	3938
107	1112
637	1694
1527	1642
2925	2961
2988	3166
3154	3355
483	1166
3437	3462
1019	1129
2661	3101
1243	1735
525	566
1985	2084
1405	2892
2460	2462
2150	2482
1399	1557
1799	1819
3062	3366
2395	2499
917	1373
2359	2625
394	556
2037	2485
544	645
3538	3725
2913	3090
1611	1682
632	635
500	542
3036	3231
2272	2362
2098	2601
2287	2311
2309	2574
1526	1696
1399	1621
3540	3780
3571	3774
584	679
982	1336
136	339
1074	1465
1367	1597
3082	3320
2290	2408
1551	1839
900	1687
2164	2348
1320	1692
1912	2226
1250	1522
2244	2556
701	834
1939	2199
1080	1645
2467	2560
1086	1741
2043	2619
398	493
3756	3944
1072	1169
1195	1509
2330	2616
1053	1171
2104	2354
908	1433
315	322
21	105
1227	1893
2206	2210
990	1656
3705	3869
930	1882
1689	1819
1388	1868
957	1148
3195	3301
1078	1336
1183	1338
2669	3274
2943	2969
3677	3847
1120	1857
1184	1754
1235	1436
2064	2381
2730	3211
737	830
2054	2068
1986	2184
0	305
378	524
1282	1729
1605	1707
1059	1172
1570	1861
1271	1456
2153	2642
1966	2257
579	626
2324	2418
1327	1518
416	497
2848	3203
107	978
825	856
3178	3211
3586	3930
3437	3771
3136	3335
954	1742
2511	2512
3438	3545
2395	2430
484	1313
2300	2449
3684	3736
199	291
2224	2343
626	657
2681	2754
2400	2629
2713	3103
2059	2108
580	1113
475	1882
2283	2609
1491	1669
1626	1800
1472	1667
1966	2410
1344	1532
3591	3900
62	142
403	555
1973	1995
1100	1129
1823	1835
2921	3075
1447	1714
1076	1750
2068	2293
2676	3174
1382	1661
2103	2253
1051	1183
455	565
2744	3365
2131	2275
2323	2395
2281	2301
2833	2992
2559	2578
2787	2836
2738	2977
2906	2927
916	1523
1284	1857
898	1014
2020	2607
999	1714
3001	3162
2846	3038
350	546
2008	2114
2085	2367
924	940
2063	2233
2139	2190
2777	2806
1665	1826
1827	1888
2116	2640
2773	2782
1997	2353
993	1551
1280	1388
2073	2654
982	1056
2468	2615
2210	2556
2409	2546
1153	1717
170	186
2992	3035
1970	2134
1557	1867
1396	1454
949	1831
686	757
1677	1679
2005	2334
601	1679
2506	2575
2468	2482
2088	2112
2564	2619
2669	3098
1367	1380
67	75
2308	2489
1365	1823
1250	1255
1511	1553
1569	1862
983	1399
2429	2604
1188	1630
2730	2865
1948	2649
107	1633
2206	2549
1214	1768
2103	2369
39	200
25	236
2123	2573
715	781
2224	2347
3280	3320
1314	1784
1278	1688
3481	3516
1339	1750
3520	3526
2923	3265
1557	1659
2024	2459
965	1275
1	53
2247	2511
1427	1882
2074	2482
1288	1619
1577	2413
2793	2853
2258	2356
1135	1813
2276	2460
3067	3089
1984	2253
1979	2386
1475	1715
1998	2018
2062	2396
2238	2411
1752	1799
942	1303
989	1875
2183	2302
1303	1426
3751	3789
765	843
2088	2109
3252	3381
2191	2224
2150	2381
170	223
2931	2944
1465	2592
1128	1269
2755	3301
1522	1707
1947	2161
2428	2624
107	1829
2099	2283
921	1584
2223	2498
1959	2280
1963	2201
3731	3860
89	219
2364	2365
2020	2500
1964	2557
2223	2445
1376	1522
2409	2573
3449	3491
2369	2489
1919	2364
1117	1584
2720	3342
2060	2112
1932	2567
3545	3785
2333	2471
2004	2364
2054	2133
3034	3312
113	165
1393	1609
635	650
2772	3274
1983	2623
25	103
596	1311
2116	2529
1465	2649
2992	3082
2108	2190
1712	1823
990	3005
2741	2910
1003	1614
1684	2904
2753	3132
1273	1508
2751	3038
1149	1377
1334	1807
2786	2800
1462	1716
3980	4037
1940	2054
939	1831
1943	2430
2674	3120
277	322
2190	2546
370	413
3679	3905
2021	2369
3558	3829
1335	1665
2142	2619
3136	3187
3327	3369
2672	3332
2356	2611
2109	2526
1054	1612
1183	1246
107	1289
952	1390
3507	3555
1622	1861
21	170
956	1177
2244	2324
2140	2467
3129	3324
727	854
916	952
2104	2165
3154	3207
1287	1589
2134	2215
941	1429
1954	2196
2117	2344
957	1611
3185	3278
3765	3830
1886	1888
2915	3384
2741	3293
2282	2516
2775	3162
1014	1192
376	645
3609	3756
2074	2602
2078	2271
2785	3188
1207	1542
1958	2000
1972	2640
2180	2289
2212	2409
1728	1875
1104	1462
1959	2285
2754	3052
171	2740
966	1086
1684	3025
2131	2638
1064	1497
1587	1720
3980	3983
946	1826
1330	1665
2114	2176
2966	3237
1966	2059
3443	3738
1733	1837
2829	3207
925	1075
580	1679
1938	2220
2077	2546
1946	2386
431	462
2331	2391
1684	2957
1929	2374
1983	2492
3458	3643
1257	1596
703	741
3940	3966
2199	2417
1932	2336
1412	1686
484	1487
2604	2646
1135	1391
2809	3231
1344	1538
504	553
1465	2081
1128	1663
2507	2591
1365	1559
1371	1548
819	823
1175	1600
1327	1689
3090	3257
2127	2134
3599	3615
271	314
3718	3822
2045	2559
1717	1888
2229	2414
2526	2550
1351	1809
2128	2322
2047	2332
1079	1181
3664	3776
2239	2518
1126	1339
3938	3948
1360	1847
716	770
2551	2564
2702	3236
1216	1452
983	1888
1370	1449
1002	1208
3512	3830
1970	2087
224	261
2118	2611
1409	1553
2043	2446
1118	1880
1423	1592
517	525
2042	2138
1006	1835
1117	1280
2877	3250
2149	2572
3010	3080
3273	3295
1971	2244
172	212
2748	3397
1375	1796
55	170
1984	2172
2212	2363
2720	3082
2220	2485
1741	1800
2664	2773
2201	2521
2276	2560
2196	2302
1181	1267
1036	1647
254	346
982	1163
1345	1426
3460	3915
2337	2494
3112	3280
2381	2429
2928	3073
2206	2504
1943	2237
1917	2638
2030	2507
2142	2552
1959	2292
1402	1839
39	313
3641	3696
1192	1322
1229	1655
2309	2356
3756	3785
1926	2610
2184	2492
2199	2274
3627	3824
1917	2619
2112	2218
3586	3684
2706	3417
2047	2231
378	452
1079	1643
1447	1839
2206	2654
1919	2660
1589	1839
1955	2511
1032	1081
2125	2509
3233	3295
2131	2539
1204	1303
1491	1538
3460	3602
16	118
2168	2421
3342	3416
1029	1553
2117	2183
3111	3280
2836	3291
2249	2558
2155	2273
3533	3877
2090	2118
456	479
1232	1533
107	1542
3631	3833
1047	1110
2868	3002
236	280
3111	3396
438	548
432	563
2901	3110
2216	2553
2323	2600
1231	1786
2951	3097
3498	3713
2020	2593
902	1235
3221	3346
3731	3926
2047	2416
1582	1742
1124	1440
199	271
107	1159
1238	1832
2074	2414
2757	3364
1522	1845
2184	2381
2054	2608
2064	2553
3150	3280
1932	2241
29	247
3831	3971
1610	1723
1256	1483
2395	2526
1335	1393
360	432
2171	2648
2033	2409
2063	2607
3485	3804
171	217
2598	2629
2024	2447
637	1436
3109	3360
2880	2906
2323	2553
1101	1191
2744	3369
1321	1865
3108	3250
2241	2336
2789	3059
3263	3278
3287	3422
404	525
2060	2549
2662	2753
2031	2185
2206	2578
3070	3201
1724	1795
2032	2259
2069	2579
969	1783
1912	2480
2071	2319
2001	2645
517	545
2347	2526
941	1824
2147	2266
2877	3073
1075	1128
1941	2104
1632	1799
3884	3926
1912	2263
2806	3309
2356	2428
567	580
1888	1898
2070	2361
2781	3351
3054	3426
1478	1743
1611	1887
2123	2542
103	185
1943	2334
957	1576
2229	2240
2069	2462
781	800
1732	1783
1943	2549
1659	1861
1491	1532
291	329
3561	3945
2043	2139
3284	3363
2190	2631
3511	3648
3274	3302
2286	2314
2150	2559
2762	3275
2828	3035
2840	3002
933	1729
2398	2518
862	3872
1583	1611
2328	2390
2143	2582
1198	1431
742	786
3113	3419
1229	1257
2135	2555
3448	3944
3088	3280
2030	2536
2086	2467
2800	2854
5	235
2154	2467
980	1804
2247	2304
2901	3201
1388	1520
1110	1835
2150	2573
953	1813
754	773
1684	3223
1192	1720
2754	2757
2259	2508
2890	3137
2337	2583
1242	1789
2464	2600
2222	2226
1993	2257
2984	3274
1025	1844
2991	3169
993	1199
2840	3287
378	641
1718	1954
2074	2630
402	514
2414	2520
2532	2655
2198	2328
1939	2243
1939	2274
2111	2592
2911	3054
2233	2549
2239	2336
1955	2183
353	1744
3234	3294
2138	2198
1074	1173
1222	1563
1979	2276
3437	3486
1983	2546
1156	1632
963	1452
1928	2538
1946	2165
426	510
2183	2328
2819	2996
1684	2886
963	1533
1327	1618
2086	2103
1919	2636
2985	2994
1117	1255
3201	3355
1662	1735
1684	3280
2353	2554
2756	2928
728	820
1191	1736
897	1791
2354	2410
2125	2533
1932	2002
1675	1810
3449	3788
1684	2937
1596	1636
2401	2622
954	1661
2109	2428
2680	2743
2862	2887
1998	2583
2868	3373
1126	1665
1925	2630
793	849
2759	2961
2045	2122
107	1387
2103	2184
2010	2054
2118	2309
1049	1523
2324	2654
2042	2292
1431	1483
1165	1421
2897	2924
2237	2395
1946	2353
2104	2590
1129	1872
1092	1860
3246	3275
2340	2500
1231	1862
728	730
1036	1067
1963	2460
2978	3303
2661	2708
1201	1456
2257	2359
2123	2404
1066	1282
2408	2578
2364	2659
1104	1413
1684	3324
2150	2478
238	342
1026	1810
1330	1388
1128	1302
978	1835
3643	3895
1005	1213
686	760
925	1724
2244	2331
1966	2655
2994	3166
981	1573
2190	2593
2670	3309
2750	3052
3633	3656
2827	2915
2060	2331
2763	3237
1407	1528
2863	3034
2087	2385
2404	2428
353	1692
2046	2060
2002	2327
2240	2462
404	479
1204	1899
107	1142
1195	1265
2155	2246
142	186
983	1336
1912	2143
2062	2511
1104	1277
752	759
1107	1551
3484	3968
2664	3064
3082	3140
1972	2472
2223	2491
373	517
1520	1662
1505	1593
1542	1810
1175	1230
713	742
2639	2645
3018	3019
1085	1825
1079	1746
3715	3740
483	1210
1912	1945
2908	3284
1086	1376
1344	1799
109	322
370	415
3466	3680
2575	2591
452	555
1086	1222
2047	2503
3529	3900
1668	1849
597	625
419	516
2719	3252
2180	2417
1082	1284
1986	2579
3204	3342
1522	1621
2326	2423
2123	2356
1533	1787
2346	2365
579	617
3185	3350
1085	1187
1374	1645
993	1256
1946	2266
1056	1620
1180	1826
960	1289
1064	1356
2115	2520
92	187
2374	2602
2675	2702
1943	2069
2023	2035
348	488
402	460
946	1352
2086	2212
3525	3674
2206	2477
408	536
2063	2408
3516	3830
903	1319
1986	2165
993	1639
1132	1522
2184	2543
2222	2333
1175	1272
1232	1568
1146	1835
2233	2309
3366	3370
107	1718
1010	1070
1955	2547
598	684
3215	3280
1663	1717
2901	3198
2042	2336
2793	3201
3758	3777
1146	1329
1207	1886
2220	2299
108	251
2688	3302
2183	2555
2140	2206
1941	2507
2869	3199
1522	1668
3782	3866
3641	3907
946	1026
3870	3951
2561	2607
2140	2551
2943	3293
2088	2218
3437	3598
2813	3020
2120	2317
3750	3950
686	838
2229	2392
1946	2240
1954	2180
718	793
1352	1643
459	486
1979	2554
592	636
2694	3304
2240	2556
1132	1156
1522	1833
1941	2428
1932	2461
2218	2655
360	373
2020	2578
2135	2598
2395	2624
2862	3220
1006	1040
2139	2430
2328	2398
1523	1724
1246	1569
2970	3239
2110	2226
3506	3680
3496	3677
1052	1681
3549	3662
2315	2384
1146	1584
1941	2649
3448	3737
1684	3391
1020	1495
1915	2412
1211	1420
1205	1389
1327	1597
1212	1443
1082	1459
2352	2414
2867	2944
2938	3087
389	516
2042	2463
1652	1827
1404	1459
1060	1067
978	1509
2241	2516
1946	1986
2000	2538
1303	1742
2730	3312
2257	2326
2104	2504
2072	2327
2377	2434
2567	2642
696	824
36	281
2261	2593
2010	2629
417	460
1175	1280
1149	1219
961	1688
2716	3140
2839	2864
2124	2381
2423	2593
1287	1864
422	444
2267	2394
1133	1442
107	1619
1214	1256
174	293
588	653
637	1475
2556	2602
1563	1753
93	337
2180	2368
2095	2549
2010	2032
1431	1542
2662	2728
2172	2539
2973	3206
2446	2604
2033	2552
2101	2132
0	216
925	1774
2273	2519
2419	2598
2127	2199
1085	1511
1918	2561
3631	3792
3102	3280
2054	2135
1966	2020
2275	2601
916	1222
1916	2247
2218	2625
2098	2369
2434	2458
2006	2024
995	1553
2054	2315
2328	2509
1274	1325
2901	3009
1985	2220
2149	2344
1078	1617
2864	2946
2550	2590
2665	2921
1391	1668
1126	1250
1725	1783
1199	1791
1467	1559
1259	1507
1946	2095
1924	1988
2210	2220
3116	3188
2951	3075
1195	1614
3514	3596
107	1628
1029	1346
2729	3025
1327	1361
2973	3041
2011	2447
3611	3640
1118	1733
3047	3387
2849	3106
1137	1784
1367	1557
107	1364
2551	2654
1070	1781
1684	3370
1475	1786
1608	1823
3090	3250
2906	3226
2324	2561
2275	2507
2552	2590
3437	3937
1068	1153
1547	1898
3027	3291
2259	2398
897	1460
1025	1696
1230	1351
3128	3322
2307	2331
2112	2492
0	277
311	344
1732	1871
2165	2559
2002	2511
1921	2459
2213	2575
3684	3926
389	1010
3982	3994
1078	1222
3256	3369
1100	1899
3032	3264
1995	2378
3557	3702
2275	2607
1339	1789
3002	3346
1390	1557
3472	3521
1078	1380
1256	1547
2237	2561
693	837
3851	3873
0	145
2032	2597
3452	3573
2730	3295
878	889
322	339
2150	2575
457	477
2239	2267
1959	2302
21	109
2190	2578
919	1661
428	1692
0	81
2216	2299
3851	3943
107	1421
2347	2377
1391	1632
107	1245
636	677
1951	2159
2459	2583
1086	1608
2742	2863
2910	3065
2723	2836
1146	1467
2410	2460
1598	1714
107	1148
3437	3612
1175	1269
1912	2634
2242	2289
3497	3542
2292	2498
1146	1222
107	1014
2093	2275
3239	3381
3753	3921
2052	2594
1199	1741
2820	3001
2232	2384
402	507
3233	3346
3623	3758
2796	3049
2729	2994
1086	1674
2033	2253
2793	3252
2052	2368
0	138
1420	1902
1399	1501
1431	1849
1456	1610
1964	2367
1129	1235
2539	2615
781	828
1086	1662
2033	2484
1684	3066
1083	1180
3636	3705
360	412
630	672
1059	1523
2410	2631
2789	3137
2791	2818
420	563
2124	2559
1126	1471
1515	1786
748	758
959	1483
7	103
1724	1867
3569	3969
2253	2546
2673	2763
2006	2636
1593	1708
3593	3794
1302	1746
3460	3945
107	1469
2386	2600
997	1132
387	395
2848	3049
1142	1878
957	1413
1972	2001
2294	2384
1918	2118
0	336
2036	2214
967	1272
3113	3280
1352	1449
708	747
2045	2370
1172	1868
698	868
1684	3004
2939	3113
2394	2547
1471	1597
2729	3135
1966	2581
2335	2411
1004	1584
916	1736
2101	2117
917	1444
1051	1444
1035	1070
1947	2336
3614	3900
1017	1420
2229	2331
3718	3758
2268	2583
1603	1746
2264	2344
2407	2655
603	609
2154	2339
1017	1184
1960	2440
2734	2760
988	1345
2841	2946
772	800
3448	3485
779	792
999	1864
2095	2492
2970	3101
2719	3132
1610	1621
2179	2625
2002	2598
1273	1794
2236	2448
3107	3187
1079	1351
2095	2154
1329	1663
504	563
1530	1563
1095	1397
1604	1885
1914	2627
2031	2322
765	823
2069	2323
2128	2163
3463	3931
2716	3280
697	754
1423	1655
1356	1372
2275	2329
1919	2648
3437	3622
3047	3098
1617	1741
1029	1160
901	1533
2090	2300
2199	2463
2892	3168
1718	2463
2778	3377
760	800
2336	2511
1045	1384
2069	2326
1341	1800
1341	1714
1684	3254
1399	1707
1985	2095
1273	1893
2858	3327
2495	2574
2083	2539
1945	2127
2005	2347
2394	2434
2960	3078
2193	2656
1199	1736
355	410
573	644
1309	1508
2289	2436
3660	3870
1409	1746
1513	1637
2074	2108
2540	2557
1916	2028
2121	2414
2159	2640
3365	3393
2098	2210
2463	2643
1017	1092
2944	3025
1912	2052
1737	1789
1192	1647
2088	2323
2362	2419
523	534
3077	3295
2209	2272
1665	1898
2347	2484
1255	1833
0	41
2771	2893
2073	2334
3196	3330
1912	2501
2004	2658
2351	2516
1259	1275
2112	2278
823	827
463	473
1926	2279
2073	2323
2084	2449
2661	3381
1117	1199
2993	3029
1985	2561
1388	1662
2338	2592
2057	2087
2994	3029
1040	1519
2993	3090
2131	2482
2081	2177
3531	3546
3442	3705
2458	2501
2705	3426
1123	1836
1079	1644
1989	2526
2996	3346
353	1645
2037	2623
1049	1800
1341	1735
1472	1709
2823	3378
2410	2492
1049	1644
942	1081
1491	1653
1029	1688
917	1204
1570	1623
2172	2369
1519	1557
144	226
2241	2292
1128	1597
2869	3302
3488	3542
3111	3350
1633	1686
905	1658
2679	2890
2127	2533
483	1492
3527	3804
2253	2414
348	358
1990	2497
3259	3380
1347	1859
1915	2156
1918	2655
1714	1723
2064	2542
1925	2563
902	1345
2108	2122
2679	3026
2042	2068
2876	3272
484	511
2878	3144
2831	3312
800	810
1827	1849
3501	3756
2892	3077
983	1665
1316	1783
3540	3750
2191	2283
2313	2618
1589	1669
107	931
1385	1910
2347	2560
1029	1613
2216	2593
2039	2336
3623	3645
738	784
3330	3345
748	830
2809	3036
907	948
517	1543
2189	2336
2886	2999
2104	2201
1006	1156
1946	1971
2553	2556
1912	2544
2156	2341
3817	3851
2367	2635
1439	1559
1559	1689
896	1728
1243	1723
2081	2511
2873	3433
2428	2521
1496	1847
1076	1662
2912	3047
1056	1483
2131	2409
2410	2428
1153	1201
1244	1428
1718	2319
1137	1733
2915	3226
3693	3948
2046	2464
1066	1595
211	325
553	669
1610	1793
2384	2512
1912	2456
1623	1689
1509	1639
1099	1495
2465	2592
1101	1488
0	199
1409	1420
1345	1728
2179	2507
2478	2543
1101	1902
107	1124
2810	2920
1621	1827
1958	2620
506	519
1471	1761
917	964
1962	2506
2213	2446
2190	2347
513	537
1472	1904
1033	1325
2123	2604
1191	1589
924	1159
1107	1610
3540	3830
2054	2616
2112	2376
99	296
1329	1902
1003	1809
107	912
1753	1891
2056	2655
1160	1488
3028	3063
1204	1647
1009	1148
1112	1250
686	773
2032	2571
1327	1561
2828	3280
1124	1551
3710	3907
1941	2327
2849	3132
1804	1898
369	424
1473	1630
460	566
2573	2631
2216	2559
1124	1608
2874	3435
2381	2391
360	507
1391	1603
3591	3833
2190	2559
1049	1589
1092	1437
1172	1610
2340	2521
2088	2287
2323	2347
2142	2150
2627	2639
1960	2411
3082	3265
784	853
3680	3909
3684	3852
2306	2549
1912	1931
2074	2213
946	1554
1768	1902
1912	2013
1782	1842
3020	3072
2282	2319
924	1745
1204	1221
2462	2561
2069	2501
609	636
897	1513
2153	2475
1420	1554
242	249
2010	2102
484	1897
1124	1811
2905	3090
1707	1886
2351	2372
1146	1799
1496	1709
2782	3426
3605	3731
1571	1580
1173	1520
3828	3938
428	515
917	1429
1409	1444
3468	3535
1514	1645
2877	2960
1235	1502
902	1479
218	328
419	503
2044	2429
1201	1608
1718	2153
2307	2624
1848	1871
2183	2215
1689	1809
688	823
2052	2282
2292	2319
2271	2590
1059	1110
731	853
2818	2882
2560	2606
455	466
3162	3356
2323	2564
2046	2109
2108	2543
348	527
1548	1648
997	1605
527	553
376	483
1377	1516
3195	3232
1163	1172
500	560
2270	2525
1971	2606
416	537
1267	1823
1226	1679
2271	2477
1021	1635
2059	2131
922	1846
2351	2475
1528	1730
2542	2655
1799	1813
422	432
3455	3710
2199	2572
3080	3400
2748	3215
2046	2363
3714	3869
3046	3260
2042	2135
959	1163
2220	2482
2169	2347
3697	3971
3456	3692
1919	2097
2800	2916
2257	2575
109	295
1548	1733
1420	1485
1994	2543
3094	3204
2972	3314
2410	2549
2033	2504
2268	2645
98	291
2633	2639
1712	1809
1275	1482
107	1183
1563	1736
2684	3350
2223	2511
2929	3090
2056	2369
1982	2594
1662	1800
185	200
1589	1597
1006	1804
1465	2264
957	1715
1099	1583
409	525
968	1630
2042	2268
2104	2190
3051	3101
1313	1671
2150	2607
373	559
1169	1703
2864	2920
2827	3163
737	820
1985	2602
2800	3433
1235	1373
1429	1786
1821	1888
2299	2586
3437	3498
713	845
2433	2593
1684	3205
2602	2611
2377	2436
2364	2627
1421	1555
2672	3319
2662	3162
2306	2573
1123	1456
2278	2410
3473	3892
2988	3000
1781	1830
1238	1402
1146	1164
2101	2594
2131	2611
4	181
3319	3344
2183	2629
3469	3829
2666	2966
2279	2598
981	1611
1036	1350
736	816
932	1256
3819	3874
1947	2052
3737	3804
107	1897
1920	2327
2739	3002
3484	3971
1934	2361
902	957
1125	1370
3677	3841
1620	1835
2800	2897
2752	2781
1433	1494
527	542
2993	3119
1545	1679
2764	3020
493	545
1367	1789
1998	2648
3000	3433
102	296
1402	1768
695	842
368	395
2894	3172
728	737
1199	1809
1800	1877
2224	2465
1531	1646
1163	1898
705	803
1577	2117
1074	1813
958	1733
1336	1598
3160	3350
2949	3322
2137	2555
2220	2408
2111	2315
1188	1260
2095	2334
2779	3162
1471	1580
1824	1871
2290	2334
2126	2366
1049	1352
107	1295
1370	1668
1277	1309
1505	3165
2123	2363
2395	2506
1516	1665
1926	2319
26	308
1984	2369
1684	3080
2409	2638
896	1315
1526	1878
1048	1416
1172	1609
1684	3416
2398	2616
2149	2582
1912	2416
2062	2598
2098	2122
1439	1613
835	838
1946	2395
1661	1894
2308	2564
1584	1826
2090	2624
2904	3214
2353	2607
2718	3255
1918	2593
1385	1831
3076	3298
1051	1258
2241	2475
2469	2561
921	1735
1984	2112
3573	3702
915	1778
2353	2521
1101	1336
696	773
3488	3514
422	663
1912	2647
772	845
412	565
451	544
2610	2637
2668	3178
2005	2414
1459	1592
2592	2598
567	683
107	1669
2504	2604
2077	2309
2407	2500
3647	3932
1914	2658
952	1028
2241	2608
2913	3384
425	477
1128	1589
53	299
1052	1630
988	1303
2921	3346
1165	1561
733	782
1282	1591
2095	2607
1189	1496
2154	2184
2093	2410
3008	3382
1675	1717
2414	2559
2890	2985
1086	1163
3338	3401
3448	3889
475	604
1161	1909
2386	2631
2088	2532
1542	1580
1078	1752
1528	1845
1335	1365
1962	2073
1684	2913
2233	2331
3437	3599
1370	1516
3253	3256
2694	2925
1418	1525
2112	2564
2095	2539
2125	2419
934	1675
2174	2176
437	572
2111	2138
2133	2398
2180	2458
3692	3877
1434	1822
2037	2387
238	265
2125	2187
25	297
1409	1845
1912	1927
3446	3490
415	444
1928	2157
1078	1351
1078	1741
2331	2600
1931	1998
3288	3386
1604	1632
1943	2104
3666	3921
21	188
1290	1730
461	463
2115	2363
1181	1399
1718	1863
2047	2510
3077	3412
1163	1370
1370	1547
2282	2343
3635	3790
1132	1886
1643	1813
2280	2491
2787	2901
2290	2573
1624	1667
740	841
2052	2149
2229	2354
2093	2103
2169	2187
1376	1746
2233	2516
414	642
2468	2575
1052	1686
2133	2445
1665	1804
2427	2499
2742	3351
1483	1584
908	1537
1945	2471
1207	1717
2839	3065
3465	3708
2075	2415
2063	2118
1126	1331
2468	2573
901	938
2392	2646
1048	1590
1589	1622
688	821
768	786
1591	1862
107	1298
2047	2313
1701	1838
3734	3760
517	1025
1044	1459
897	1376
2093	2276
973	1626
3640	3860
107	1680
1431	1864
0	45
2090	2374
2241	2420
414	656
963	1333
3586	3697
1689	1864
3196	3255
430	465
3353	3360
3605	3640
1955	2589
2689	3433
2910	3054
1684	3143
2053	2071
3747	3766
3339	3417
952	1603
584	596
2164	2428
3469	3668
1131	1306
3025	3435
3501	3651
2323	2484
1600	1688
2133	2153
348	461
1124	1604
1604	1662
3521	3666
98	239
733	829
2715	3393
2071	2465
1020	1729
1086	1902
981	1227
650	665
2694	2940
2694	2863
2363	2484
1243	1584
1271	1291
2940	3096
2738	3026
1761	1804
1535	1559
2287	2409
2139	2500
1172	1551
3526	3685
2216	2347
2720	3002
1243	1799
917	1686
2966	3096
2676	3033
1021	1786
460	461
2172	2590
1820	1871
2960	3284
1214	1480
1979	2460
1420	1800
3026	3426
3906	3909
1181	1826
2683	3238
2872	2911
348	537
109	252
1516	1622
2913	2953
1523	1877
1643	1796
997	1570
2754	2756
3455	3886
484	1778
1984	2088
2124	2560
1238	1447
107	903
1912	2627
3267	3365
952	1689
1477	1641
2331	2469
1549	1766
2131	2188
2257	2654
1972	2583
1718	2007
2376	2507
3437	3653
1912	2409
2104	2409
2073	2229
2051	2342
2782	3339
696	795
2927	2966
3035	3353
1786	1871
2188	2275
1316	1824
3448	3609
1352	1437
2278	2574
1182	1377
1117	1842
2328	2582
442	523
1376	1804
1230	1352
1929	2309
1928	2284
953	1736
1366	1472
1683	1839
1997	2492
3004	3232
2294	2537
2042	2511
2742	3258
353	482
3756	3948
1216	1424
2526	2623
753	819
2938	3341
2118	2190
2073	2552
1722	1797
917	1070
194	254
1981	2081
170	274
2839	2943
1159	1310
3239	3406
896	1426
3213	3363
1231	1448
2040	2574
946	1793
2073	2363
1349	1606
1429	1661
2877	3029
2005	2287
1251	1421
3319	3411
2097	2658
1377	1843
2042	2187
2299	2549
1926	2555
1665	1789
1404	1611
1155	1679
1104	1715
3680	3833
1101	1278
1630	1781
1113	1606
2028	2420
902	1036
428	430
1049	1340
1479	1596
107	1090
159	345
2037	2109
1274	1588
1104	1841
3577	3684
2936	3302
2662	3206
122	169
1989	2611
1329	1391
2319	2598
760	824
2242	2480
2048	2296
580	1122
2751	3093
2742	3299
3722	3740
1946	2369
2853	3415
3497	3926
1271	1598
2507	2539
58	269
2323	2464
373	567
3902	3934
2006	2627
606	1574
2796	3017
2103	2306
897	1029
2133	2185
1269	1663
1099	1582
1393	1540
1672	1855
1024	1398
423	492
1470	1609
707	714
2032	2555
1985	2625
2164	2561
53	332
2396	2509
2645	2647
2992	3224
1345	1462
2676	2960
1938	2369
1269	1845
1238	1879
1236	1650
2797	3350
957	1591
432	571
2268	2289
1041	1428
712	822
1307	1567
2055	2376
107	906
1684	3413
1377	1867
1938	2212
2043	2409
980	1842
1185	1613
1257	1284
1744	1844
2419	2471
975	1231
1963	2564
2590	2655
2154	2376
1567	1588
3440	3545
960	1571
1126	1509
3518	3938
428	1778
2339	2446
1175	1195
2042	2054
2216	2331
479	559
2745	2966
2188	2500
1215	1850
1014	1322
2057	2138
2062	2327
422	596
1982	2560
1603	1793
1076	1559
2237	2383
3476	3759
2059	2088
2676	2985
1164	1570
1006	1107
2887	2906
1471	1741
1432	1857
2866	2912
2507	2638
3726	3956
3140	3406
2775	2962
1217	1699
2331	2404
1014	1573
1032	1104
3601	3866
580	1446
2164	2625
1122	1616
941	1628
2683	2839
2445	2589
1704	1850
953	1230
1120	1462
925	1460
686	691
3522	3950
2881	3145
2123	2369
1265	1891
2607	2638
2038	2471
1104	1350
39	69
1107	1793
697	724
1668	1717
2010	2149
3188	3345
1917	1985
2420	2458
2306	2507
1199	1839
2890	2931
876	888
2074	2233
1086	1888
1938	2104
2068	2384
2778	3397
1434	1846
107	1819
1576	1636
1611	1636
107	1037
1623	1644
3321	3386
3117	3215
2296	2322
2780	3102
2960	2969
1388	1665
980	1185
3502	3669
2894	3005
2201	2212
993	1079
3700	3813
1332	1695
2184	2611
353	484
2750	3387
1489	1706
2093	2271
2001	2192
695	724
2346	2633
1669	1811
3019	3331
3529	3915
1102	1742
1583	1857
2414	2573
1227	1448
1117	1637
2268	2319
2777	2927
1255	1272
2446	2601
2043	2331
2045	2352
107	1001
2927	3324
1984	2237
745	845
1000	1304
1189	1727
1199	1207
3520	3971
1971	2088
3464	3895
2268	2511
352	368
2186	2425
3103	3420
1952	2084
1192	1649
1979	2112
1820	1824
2224	2582
908	1593
414	664
2830	3319
3150	3296
3826	3869
2683	3000
2233	2619
1941	2600
1153	1280
1757	1810
33	42
1367	1623
3915	3945
2118	2500
3094	3267
1930	2117
1185	1800
2039	2417
2276	2507
1943	1984
2778	3247
997	1201
2601	2630
2957	3011
2081	2111
2713	3321
1986	2229
1983	2630
2261	2485
3124	3256
2043	2164
3027	3051
2068	2187
1945	1994
1376	1617
1132	1289
1019	1715
21	232
2169	2498
3545	3702
2330	2336
1684	2899
484	606
2993	3135
2201	2631
2944	3303
1563	1793
2101	2461
898	1454
2315	2465
2880	3184
1153	1810
1966	2154
2083	2386
2073	2469
2287	2410
3240	3299
717	855
1420	1835
993	1746
187	254
2782	2786
107	1365
1983	2654
1359	1793
2232	2491
792	805
376	683
1148	1820
2786	2928
3232	3237
1184	1730
475	555
962	1234
1261	1277
1610	1643
1365	1584
2163	2649
997	1456
2785	3152
2253	2300
107	1166
1110	1827
3448	3545
1129	1292
392	527
1684	3029
2283	2372
2124	2468
659	670
3714	3870
1006	1222
2038	2223
3072	3212
2956	3293
2689	2754
348	478
1524	1752
2985	3078
653	685
1533	1895
1399	1821
927	1175
1451	1783
686	727
1283	1852
3675	3837
3033	3052
2045	2353
1601	1787
2451	2537
3495	3908
2045	2240
1938	2536
2081	2508
1267	1746
3541	3628
1932	2653
3538	3657
2664	2967
353	1512
2513	2622
2698	3022
2064	2409
2679	2916
1319	1533
2875	3079
730	783
2436	2598
2745	3153
2046	2376
3056	3085
1080	1122
1984	2040
2271	2374
1245	1786
1962	2495
2677	3375
1926	1964
463	531
1646	1813
561	580
1352	1714
1918	2005
978	1757
2839	3052
3485	3790
432	546
2815	3250
2419	2436
2148	2351
1242	1835
3531	3949
2268	2283
1423	1502
2989	3249
2009	2583
2078	2348
2675	3107
2276	2553
2131	2190
107	1759
1390	1551
2901	3406
2684	3332
1078	1146
686	705
2309	2520
2395	2601
3475	3838
1420	1721
800	827
2174	2537
1980	2365
1953	2600
2180	2377
2395	2521
1006	1879
3051	3261
968	1444
1192	1786
2871	3196
1078	1835
2103	2467
1272	1723
2083	2624
1968	2447
1184	1795
2254	2511
422	604
2870	3107
1323	1359
901	1895
1360	1698
2103	2122
566	1435
2925	3056
3468	3680
2253	2500
2030	2363
1348	1415
592	605
2669	3026
2145	2416
0	5
1467	1603
526	1377
2539	2655
2037	2476
3725	3871
1948	2344
392	561
1163	1181
2084	2611
2984	3263
3325	3423
961	1301
2773	3004
3233	3366
2446	2630
2728	3412
2674	2742
2333	2394
1684	3196
1684	3135
3082	3406
1018	1032
1839	1902
2046	2073
1523	1572
1331	1623
942	1324
1985	2530
2724	2934
3437	3968
3014	3293
1944	2642
2165	2623
2249	2589
2149	2649
34	173
3204	3347
2081	2215
1684	2724
1912	2225
107	1856
1650	1904
2870	3347
930	1142
3051	3288
784	828
2920	2943
2666	3090
3478	3967
1637	1835
2020	2069
997	1665
3797	3851
1672	1709
1577	2279
3387	3399
1945	2038
1594	1911
2234	2526
706	713
2469	2575
2189	2478
9	128
2811	3280
2878	3253
1086	1517
1920	2235
1914	2004
1955	2592
361	396
1051	1500
2154	2308
348	477
1042	1338
1666	3278
2123	2201
2423	2630
2694	2749
2757	3184
1041	1213
2069	2109
2676	2698
1126	1480
1158	1841
1329	1685
2093	2615
3488	3858
698	876
223	271
2786	3362
1024	1584
2059	2229
1158	1893
107	988
1344	1717
2504	2556
2124	2244
2409	2542
952	1199
1330	1431
1988	2401
2093	2354
3300	3430
1217	1258
2154	2275
3291	3378
697	781
2220	2556
2886	3128
1534	1758
1995	2061
1917	2564
1983	2043
1947	2111
2327	2510
1187	1410
1925	2201
3019	3295
396	470
1099	1406
107	905
2056	2404
2905	3064
1003	1488
2095	2655
986	1225
1323	1617
2020	2623
2910	2925
2689	3073
2347	2469
2828	3252
1083	1125
1130	1163
1003	1600
3643	3648
2233	2370
653	677
3136	3279
2465	2599
2218	2600
3747	3920
1160	1352
3577	3943
1591	1655
2124	2206
1589	1609
2056	2526
1201	1280
3567	3595
1929	2347
1212	1453
2214	2313
374	545
1170	1786
2030	2122
2753	2936
1945	2582
2955	3385
3350	3411
1946	2261
3633	3971
917	1727
1246	1646
3150	3419
916	925
2056	2064
2253	2331
2689	2717
3086	3136
930	1358
1684	3228
2905	2985
1420	1736
1222	1590
1082	1583
1048	1331
2090	2206
1943	2131
1210	1425
2064	2489
1774	1879
2184	2311
2827	2867
1298	1720
2199	2471
1761	1835
2386	2500
3809	3887
3980	4012
2026	2554
1333	1629
2088	2553
2782	3036
3011	3263
2890	3243
686	729
1108	1261
2171	2378
1210	1446
3214	3326
2237	2489
1993	2495
2038	2608
1509	1861
2698	3149
1917	2323
1352	1542
2602	2607
2033	2604
1156	1668
1217	1364
2304	2399
2935	2983
107	1126
1308	1785
1916	2250
2010	2463
1175	1409
3633	3721
1006	1613
3082	3152
1172	1833
58	2838
2151	2598
969	1704
359	405
2278	2573
2723	3291
1684	2662
2189	2429
1340	1538
2347	2430
3554	3752
2872	2906
1941	2516
2052	2196
3090	3303
1025	1189
515	527
967	1265
2142	2329
2125	2501
2970	3206
3116	3350
2823	2875
2237	2460
2673	3184
1962	2561
2190	2543
1509	1833
428	601
981	1459
1432	1903
1235	1764
239	344
3065	3301
722	738
1211	1243
2111	2135
2782	2927
2311	2428
3466	3726
2827	3435
2088	2443
2142	2201
1173	1741
2004	2538
1118	1371
113	334
2143	2555
2139	2311
2928	2945
2849	3169
942	1148
823	830
2180	2194
3455	3629
1765	1883
2153	2377
1185	1491
2150	2606
2206	2546
1003	1623
1746	1793
1718	1920
2187	2629
937	1725
609	680
1204	1655
378	461
1146	1620
2485	2539
1642	2822
2030	2591
716	795
1480	1668
1273	1871
178	231
3437	3611
3602	3630
2111	2463
2277	2497
2039	2582
2088	2261
1388	1849
980	1547
3049	3097
2060	2630
2742	3060
2841	3117
630	682
382	474
1243	1813
2054	2149
1159	1355
1728	1841
1090	1703
706	752
2077	2611
2046	2408
1380	1390
1465	1577
1964	2398
2095	2218
1916	2087
3135	3433
2133	2417
2103	2278
107	1170
2312	2355
637	1012
1912	2194
3656	3734
2043	2046
2306	2326
1086	1399
1590	1621
30	224
1024	1305
3495	3692
983	1370
3656	3750
3146	3416
41	111
2283	2543
3326	3327
896	1298
3633	3796
1488	1522
2128	2246
3185	3419
1365	1431
1066	1871
3082	3267
2148	2180
3535	3758
1943	2347
2673	2761
990	2968
172	332
2064	2601
2278	2482
622	663
949	1428
1399	1402
705	718
2418	2593
1153	1238
272	320
2045	2619
2241	2616
1982	2512
2060	2600
408	525
3132	3351
1600	1610
599	665
1981	2511
2785	2846
2504	2554
1984	2601
3518	3804
615	640
3256	3427
3148	3254
2116	2531
1175	1804
2999	3128
1059	1584
1965	2166
1156	1888
2153	2468
2046	2339
2216	2404
2673	2890
654	678
500	531
2241	2567
1522	1639
107	1798
1074	1685
1142	1374
2088	2244
3774	3918
1743	1831
2100	2313
2093	2340
1204	1215
3169	3265
1995	2633
3335	3411
1241	1686
3087	3187
2327	2458
1047	1554
2610	2612
1684	3266
2093	2287
2292	2302
637	1142
1156	1288
107	966
1983	2271
1683	1795
1260	1472
1172	1584
1912	2387
1146	1888
1545	1831
1480	1757
3446	3662
2676	2689
2787	3150
2063	2098
3168	3346
1432	1862
2309	2654
1938	2020
1695	1766
1104	1347
1277	1459
3049	3247
953	1665
1584	1669
2246	2592
149	333
420	537
2841	2898
2123	2506
2460	2638
3869	3947
2303	2478
2817	3055
1934	2540
553	556
2201	2492
2502	2529
2905	2913
2056	2262
3437	3495
2108	2154
2299	2602
1207	1652
3446	3814
1083	1199
698	856
1913	2319
2275	2409
1287	1329
1360	1494
2662	3192
3464	3764
982	1754
1912	2613
2073	2095
3804	3824
2047	2215
3793	3973
1302	1557
2093	2553
492	524
2072	2420
1315	1438
1916	1970
2773	2913
1199	1522
1026	1146
1075	1376
2111	2399
1675	1753
2146	2341
2873	2911
2118	2409
2010	2247
2785	3280
3437	3781
1953	2446
2040	2433
1943	2353
3587	3747
1979	2088
2699	3311
2234	2387
2115	2526
1010	1275
2127	2343
2224	2294
2396	2510
2415	2438
1212	1694
465	683
107	921
1968	2378
1284	1680
580	1080
1066	1473
761	800
3115	3422
1917	1963
2778	3280
3287	3377
2038	2268
1641	1803
1941	2065
363	482
3185	3274
2056	2206
2232	2345
1042	1051
1420	1795
701	777
1316	1423
2068	2081
451	556
3280	3351
573	625
428	432
2047	2173
1357	1487
3627	3707
1189	1472
2047	2475
2307	2409
2198	2294
2469	2520
2863	3006
728	774
1135	1604
1257	1413
2339	2564
2348	2354
1752	1804
1250	1399
2698	3324
3237	3284
3674	3938
2218	2489
3118	3332
2324	2601
1067	1691
1060	1235
573	623
2033	2407
925	1793
2187	2512
2818	3261
1991	2004
2758	3256
2867	2960
422	553
1423	1628
2054	2461
2276	2646
1011	1131
2327	2649
1282	1459
2420	2592
1577	2597
2157	2583
3448	3838
2742	3049
3982	3986
187	194
353	936
3443	3909
3116	3291
1943	2428
2495	2546
3999	4036
970	1033
376	511
2055	2560
779	838
3098	3129
1941	2095
374	506
952	1365
3082	3115
726	828
2203	2616
960	1610
2866	2917
526	993
1925	2521
2179	2220
3696	3967
2133	2384
172	277
2374	2546
934	1793
1993	2468
1565	1773
2500	2602
2140	2359
2064	2206
1912	2469
1941	2199
1329	1768
2309	2551
2689	2969
972	1288
2030	2586
2430	2560
2201	2423
3561	3803
177	225
2750	3023
400	409
2131	2606
9	134
2101	2652
1520	1669
3090	3384
2021	2485
1458	1768
2040	2543
2666	2993
2103	2507
1470	1604
1952	2416
1118	1452
1309	1322
2810	3090
3048	3374
2199	2511
1707	1754
2187	2582
2542	2574
2679	3417
136	2001
3671	3768
2363	2521
1717	1811
1183	1703
1938	2467
1032	1215
203	341
3035	3239
2912	3004
1953	2560
1019	1044
489	546
1456	1589
1211	1714
1390	1435
3138	3211
698	887
1281	1508
1347	1742
2139	2326
1540	1800
3663	3735
1966	2124
2901	3173
400	614
2142	2299
2190	2549
1399	1839
2139	2407
3648	3706
1507	1681
2754	3363
2180	2496
2306	2308
2386	2630
523	553
3397	3416
1199	1757
456	512
2715	3330
916	1191
1605	1610
3677	3938
109	314
75	304
1066	1324
1367	1750
1941	2465
2543	2649
3480	3651
1745	1830
2142	2323
1505	3409
2827	3026
1062	1469
107	1271
1142	1549
2037	2142
2925	3129
2018	2636
1684	3419
428	511
913	1247
2077	2347
1465	2239
2292	2468
705	706
1191	1290
3608	3907
1919	2585
26	313
436	634
366	430
1986	2638
1215	1591
438	500
1993	2575
2430	2602
2103	2339
2956	2966
1571	1722
1971	2257
414	515
2676	2867
1104	1120
1405	1513
3891	3930
2083	2573
2250	2389
1149	1752
1940	2125
1102	1582
2334	2593
26	109
119	171
1918	2552
2724	3223
2118	2646
2308	2331
1052	1895
2131	2484
2340	2549
2226	2283
2118	2563
2329	2468
2049	2286
2392	2418
67	123
3437	3807
3521	3815
1009	1790
2880	2908
3596	3762
1014	1459
348	378
2319	2338
2207	2444
2428	2613
2694	2986
1391	1868
1918	2586
1684	3110
2059	2063
107	1879
1043	1045
1920	1932
2461	2594
3505	3526
1622	1891
2330	2417
2232	2366
1367	1652
2304	2471
2117	2377
366	1446
2796	3035
227	296
1349	1531
1237	1473
1800	1819
1735	1835
1684	2948
2319	2512
1718	1782
2190	2356
352	404
1984	2462
429	529
0	231
1095	1897
2897	2919
2550	2623
2261	2300
2083	2607
578	675
1480	1888
3521	3713
2906	3387
1366	1473
954	1812
2774	2817
1653	1816
2098	2104
1985	2387
943	1167
462	536
1434	1860
2203	2463
170	341
2039	2445
2915	3078
2937	3332
1976	2009
1128	1344
1962	2600
567	3437
2856	2868
2672	3396
1211	1287
1104	1578
1582	1732
2090	2339
2289	2649
2220	2240
1339	1600
82	238
2121	2611
2755	2827
1272	1833
2716	3002
1331	1388
1230	1902
3196	3369
2447	2538
1036	1857
792	850
947	1185
1134	1725
1019	1347
3450	3605
1180	1554
2778	3272
2211	2322
3111	3434
59	261
1377	1584
422	545
1369	1757
1094	1831
1768	1809
484	1598
2817	3127
3020	3063
1923	2419
378	487
2223	2330
2467	2602
3082	3280
2069	2340
524	553
3240	3386
2682	2724
1932	2338
3458	3569
2093	2331
1112	1620
3499	3758
689	702
2272	2310
2776	3216
1059	1554
2833	3321
2150	2631
796	822
1075	1816
2218	2607
136	2038
2905	3195
2268	2451
260	322
1491	1557
9	30
2103	2352
969	1261
3132	3212
3437	3978
2683	3363
896	1350
2911	3098
3542	3672
941	1235
1951	2284
1475	1596
2507	2543
2059	2504
107	1242
394	479
2338	2516
2399	2598
2683	2741
954	1893
2927	3078
2782	2912
3224	3299
2033	2520
1597	1816
429	455
1181	1700
2326	2623
2081	2377
1984	2607
630	653
2777	2912
1520	1700
978	1185
2045	2590
68	143
107	1121
1917	2460
3437	3579
1163	1352
2451	2598
1912	2558
3508	3809
1539	1603
1712	1833
2058	2275
1380	1622
2946	2986
1289	1437
2244	2607
2074	2112
1334	1827
2040	2521
1804	1886
3049	3347
1721	1800
2839	3213
1204	1489
2149	2282
3169	3391
2210	2579
1192	1790
88	322
2951	2989
1979	2090
3029	3073
1305	1852
2676	3301
764	817
375	484
3822	3870
1958	2585
1184	1669
2121	2392
1794	1871
1472	1681
2020	2184
2865	3050
948	1660
2778	2781
1938	1989
687	807
2276	2543
2284	2583
354	500
9	258
2104	2131
423	646
2185	2425
916	1663
2526	2549
3011	3182
2123	2464
1204	1423
2055	2218
719	720
2608	2649
1024	1442
1557	1752
1979	2464
1309	1893
940	1472
1085	1165
1101	1589
41	343
2727	2780
3258	3274
500	548
1227	1649
2867	2909
1037	1070
363	669
1257	1691
1036	1462
1017	1653
2028	2609
2812	3041
3081	3341
1079	1523
3437	3664
2064	2237
2906	2908
107	1276
206	260
2428	2564
3211	3374
2564	2611
2322	2557
3556	3684
1156	1551
526	651
961	1197
2124	2492
122	136
3576	3828
609	626
2712	3101
493	507
1456	1868
2043	2184
2118	2212
1212	1545
2512	2516
2460	2590
107	1432
957	1235
2369	2539
1710	1861
405	418
1612	1617
1983	2552
1559	1879
2142	2507
1420	1590
1912	2586
107	1098
903	1629
1531	1743
2261	2504
2690	3099
2278	2593
2251	2618
1649	1786
3672	3926
1172	1399
1912	2372
2915	2953
1269	1864
1973	2494
3559	3934
1684	3353
1912	1943
3316	3419
2125	2148
107	1643
2864	3234
2354	2625
2238	2341
957	1859
2730	2843
2376	2492
1072	1482
1099	1273
1979	2433
1238	1826
134	199
1375	1717
419	469
1921	2585
1457	1605
107	1824
3730	3824
2022	2658
2046	2590
1684	3325
1926	2384
348	570
925	1623
3465	3975
1033	1360
1686	1794
1112	1746
2800	3056
3026	3084
2262	2300
1331	1722
1328	1803
2142	2601
2083	2619
2140	2578
1335	1622
2134	2196
2212	2374
2068	2280
2482	2638
2068	2132
107	1498
1938	2586
2165	2340
902	1462
1226	1681
373	498
745	847
407	563
166	198
2294	2598
3774	3837
2054	2161
2661	3321
2331	2655
2116	2365
1712	1736
2919	3304
1250	1849
2210	2561
1456	1662
165	188
1243	1431
1446	1763
917	1504
1488	1809
3097	3236
1360	1726
3473	3857
2530	2567
2278	2607
1221	1529
982	1663
1534	2883
1040	1864
1070	1310
2750	3104
913	1807
436	496
2199	2282
1360	1553
3500	3766
2064	2624
979	1218
2307	2408
3026	3348
1577	2293
1181	1839
1107	1604
190	229
940	1338
1211	1509
471	566
2546	2630
1024	1256
1322	1587
960	1175
2787	3369
2116	2413
3651	3873
1718	2649
3500	3960
2140	2240
2873	3047
1712	1796
1684	2774
3538	3868
1471	1659
2047	2205
703	747
3702	3721
437	462
2154	2216
1049	1250
1427	1661
2070	2236
107	975
3437	3552
2716	3347
107	1450
2561	2579
368	408
2199	2351
2212	2339
2038	2087
3584	3718
2055	2300
2409	2550
3721	3830
940	1904
922	1909
828	851
2240	2586
1941	2451
711	795
1059	1524
2356	2553
634	646
1938	2340
510	555
1983	2092
414	438
1407	1557
2018	2337
2115	2615
1945	2002
1472	1633
3516	3639
2039	2588
2241	2399
906	1471
2407	2615
2131	2578
2169	2273
2993	3257
232	322
2218	2654
1040	1402
580	1155
952	1250
2500	2606
2719	3005
990	2760
1074	1842
3438	3491
2139	2299
1017	1597
1370	1399
1047	1124
1966	2299
9	67
2473	2547
1109	1624
1041	1275
2803	3256
1938	2655
2223	2642
2172	2348
3731	3858
826	828
2324	2482
1465	1948
728	741
2485	2504
1740	1744
1610	1782
1116	1800
2083	2410
1986	2103
2122	2233
1173	1888
3033	3108
2037	2164
1723	1809
2408	2521
1079	1623
2253	2449
1689	1707
2676	3096
2909	2911
2890	3293
1999	2006
1390	1689
2033	2118
119	185
2354	2477
107	1118
966	1285
728	828
952	1185
2869	3035
2138	2153
1003	1843
3633	3750
2939	3302
204	329
2292	2555
1489	1649
212	271
2570	2577
2836	3140
1953	2040
2374	2410
2246	2389
2356	2359
3041	3188
2391	2536
2738	2754
1979	1993
2771	3214
705	759
2135	2283
109	332
2542	2564
395	404
2118	2433
1054	1746
595	658
906	1796
2064	2136
1039	1707
1958	2337
439	442
2506	2521
2287	2553
1235	1899
1571	1849
422	460
2894	3076
1271	1480
2103	2625
3191	3291
1997	2045
898	1786
1121	1541
414	613
1226	1259
2117	2272
2770	3280
963	1733
1195	1612
2111	2594
1471	1488
930	1425
2710	2749
3460	3752
107	1479
2340	2560
2592	2653
967	1431
960	1789
1563	1768
2221	2568
3600	3861
1912	1976
963	1118
3040	3399
2701	2719
2149	2151
2812	3291
107	1778
3182	3298
1330	1401
1979	2220
2011	2639
3077	3168
2676	3065
3106	3247
2134	2241
3558	3738
1946	2606
1166	1373
2290	2631
1146	1637
3528	3858
2240	2323
2046	2131
1047	1199
1496	1541
967	1614
1623	1652
2365	2378
2025	2171
1302	1538
1954	2498
2118	2482
3146	3265
1946	1997
203	277
3301	3436
1663	1668
2601	2624
2073	2352
2347	2638
2359	2601
1446	1773
1126	1683
637	1448
2324	2631
2395	2500
523	524
515	545
2278	2329
2241	2451
2318	2415
2478	2526
2203	2531
2279	2509
2905	3033
2209	2425
2104	2299
2756	2993
2346	2620
2857	3200
2018	2022
2018	2284
981	1583
1637	1888
2220	2655
3226	3399
3437	3945
2129	2397
3573	3877
1380	1610
405	478
2499	2574
1495	1729
2165	2526
515	641
1939	2180
537	569
2414	2549
3455	3867
2074	2578
2190	2392
1447	1902
387	436
1529	1855
2552	2654
2762	3277
1041	1415
91	110
2853	3206
2117	2134
1132	1662
767	768
1135	1723
2795	3020
1110	1528
2031	2242
1431	1434
867	877
1242	1804
2782	2905
2862	3090
1184	1605
1984	2244
2025	2659
414	575
1112	1789
2118	2521
2939	3330
3628	3739
109	331
0	244
1006	1683
2294	2629
1551	1842
742	789
1285	1598
2200	2213
2329	2578
2037	2200
2199	2394
3119	3232
1446	1744
1070	1504
1153	1605
1919	2284
917	954
2121	2395
1222	1881
3437	3649
348	484
363	492
2902	3180
3629	3740
2059	2064
2603	2610
1006	1302
2826	3361
999	1399
107	1886
2996	3027
3545	3842
2675	2730
2171	2494
2077	2244
2268	2543
3267	3347
2841	3424
1209	1721
2927	3073
2777	2884
1966	2060
1106	1591
2687	2716
2796	3101
3261	3320
3018	3307
1334	1467
3046	3406
1032	1742
2042	2629
2716	3260
1222	1399
3105	3200
3288	3393
1242	1659
1456	1584
2892	3295
1083	1752
3235	3280
414	514
778	812
1048	1765
2124	2339
916	1069
946	1255
1990	2335
2099	2555
579	621
2920	2924
3718	3903
3646	3924
1606	1744
2104	2654
2068	2332
1986	2303
2201	2395
1392	1716
1912	2638
1946	2275
2408	2601
1376	1584
2254	2328
1791	1804
395	614
2363	2430
1983	2139
1153	1839
1153	1391
2206	2309
2138	2649
3683	3968
2392	2592
2313	2450
1685	1879
2309	2381
1952	2226
1962	2546
1107	1388
1242	1653
3136	3330
3116	3351
2228	2342
2510	2511
1390	1800
1966	2290
2046	2326
975	1583
2138	2289
3604	3914
2060	2462
1278	1572
3045	3269
2049	2335
2665	2716
1683	1891
2966	3284
2093	2507
1979	2213
1256	1488
2005	2578
483	637
2117	2461
1186	1837
277	315
2338	2465
107	1153
2542	2578
2216	2253
2307	2469
1272	1420
107	1040
2348	2386
1932	2292
3483	3793
2525	2642
932	1509
2266	2414
1638	1824
995	1483
2037	2646
2951	3391
936	1677
376	567
1347	1680
2706	2948
3624	3814
3198	3345
1267	1621
4	328
861	888
1408	1882
2719	3035
2140	2352
1962	2063
1236	1299
1491	1879
2191	2241
2261	2600
1078	1804
3667	3968
924	1906
1471	1509
2086	2326
1471	1561
916	1329
2307	2549
1684	3201
1538	1652
2775	3233
713	816
2229	2443
2864	2986
2953	3090
2716	2939
3334	3366
1191	1842
1643	1867
1318	1766
2180	2304
389	457
944	1725
2184	2542
77	332
2407	2600
1482	1703
2764	3361
2317	2644
1407	1754
1251	1307
2498	2582
992	1787
787	809
1926	2463
917	1183
2384	2396
1341	1810
2482	2484
3550	3667
567	651
2259	2543
1092	1741
2387	2449
3538	3892
1723	1839
50	203
1230	1826
1471	1823
2074	2638
428	517
1932	2052
2240	2506
1472	1482
359	530
3605	3824
3324	3339
3114	3430
2297	2337
2473	2594
2921	3249
348	448
1044	1227
2056	2573
2228	2618
2946	3033
1589	1835
3670	3790
2872	3238
2340	2607
1839	1845
1256	1868
414	606
1055	1441
243	310
1547	1652
1185	1344
1067	1550
1420	1431
735	769
1465	2247
1993	2428
3019	3162
2757	3226
1227	1309
3010	3030
696	780
2839	3064
1187	1806
483	1406
2500	2521
1056	1902
1548	1787
3019	3024
1761	1799
360	570
1261	1396
720	803
1614	1833
1352	1685
1099	1108
1255	1302
3021	3265
1459	1873
95	319
2072	2222
925	1250
1989	2615
391	484
2092	2331
727	842
628	643
1014	1018
2218	2564
1070	1427
2260	2412
2010	2143
2323	2542
1809	1816
3471	3485
1129	1345
1912	2124
1086	1436
3229	3231
431	669
1272	1329
2622	2650
1929	2266
1217	1334
1376	1730
2229	2485
897	1741
1059	1078
2674	3082
3167	3177
2275	2308
73	130
1951	2636
2777	3022
1746	1816
1332	1881
2910	2974
1714	1879
1129	1347
1941	2043
3579	3708
1964	2345
1201	1483
2204	2437
1986	2090
1221	1596
2086	2500
1520	1842
2111	2616
2578	2655
2062	2274
1947	2518
1232	1468
586	634
1391	1886
573	589
2128	2347
1230	1388
947	1272
3154	3346
2103	2468
1159	1783
1971	2206
422	481
1955	2510
1459	1786
1373	1508
2043	2433
3776	3960
2535	2570
1639	1839
1067	1081
1993	2348
2084	2575
5	315
3605	3790
3146	3344
1079	1659
3437	3497
1047	1323
1632	1752
2229	2374
2931	3042
3438	3448
2138	2305
2073	2410
2431	2558
2223	2510
409	515
252	291
2326	2646
2103	2326
2873	2928
3569	3714
1491	1864
1312	1584
2967	3426
84	265
3687	3926
1912	2527
1067	1345
2664	2673
3136	3409
1074	1084
2328	2338
1842	1902
2090	2329
1274	1511
1392	1720
739	747
2522	2567
2210	2631
1152	1159
2290	2638
1092	1199
1684	2922
361	500
2309	2507
2031	2416
1938	2348
1619	1662
3106	3345
2741	2929
1623	1833
60	158
1006	1331
2118	2206
1943	2090
1984	2063
1026	1420
2179	2602
2891	3073
1458	1805
1927	2337
2931	3119
1735	1827
513	651
3468	3881
1049	1376
2140	2340
3035	3201
975	1448
1684	2744
3226	3390
978	1842
2083	2104
2040	2206
423	500
1707	1839
517	1870
2329	2624
2998	3157
2191	2498
3068	3154
1423	1691
2511	2567
2536	2611
136	285
1706	1729
1218	1499
1074	1730
1761	1814
2300	2383
1559	1782
1146	1551
2073	2499
2275	2553
2820	2934
1964	2081
1069	1868
3437	3790
1173	1608
3062	3289
2960	3399
2093	2586
2226	2501
475	481
3488	3891
1167	1481
2410	2477
1929	2090
940	1236
2839	3220
2020	2395
946	1456
2460	2546
2675	3341
606	1490
2752	2962
1918	2142
2061	2659
2850	2897
2176	2325
1108	1828
2729	3089
1943	2092
1037	1412
2071	2143
1205	1811
2340	2554
119	132
2331	2428
1925	2184
1498	1827
105	272
2689	2925
2532	2549
353	517
2073	2329
1329	1352
2218	2363
2033	2307
944	1428
2220	2631
2862	3084
707	816
913	914
898	1166
3593	3951
2052	2133
2126	2160
2115	2433
2607	2611
1916	2642
109	118
971	1158
2112	2521
2784	3072
2223	2608
1083	1370
2969	3078
3051	3419
2061	2346
2042	2148
2698	2729
611	664
1987	2215
1923	2270
2328	2511
1339	1491
1918	2630
1132	1652
1269	1409
1940	2233
2913	2966
1947	2282
2730	3167
981	1279
1962	2504
2683	3025
1712	1800
1966	2356
916	1662
1245	1396
483	954
3703	3971
862	3592
2054	2519
1330	1868
1973	2225
1375	1572
136	1973
1352	1589
1912	2414
2536	2591
3101	3240
2102	2459
2188	2352
2257	2308
2069	2212
713	738
1912	1961
1526	1645
1399	1833
2164	2363
3119	3123
1912	1941
2981	3232
2081	2420
1980	2050
3599	3815
2866	3142
2064	2467
1153	1516
2180	2268
2153	2283
1163	1335
997	1389
1912	2115
2131	2271
1919	2658
1199	1613
2874	3293
26	185
2257	2615
2368	2597
107	1087
1118	1895
1955	2445
2947	3019
2864	3226
2122	2408
1211	1589
1019	1279
946	1302
1128	1730
31	339
2213	2261
2118	2460
1465	2547
1164	1663
3576	3642
2139	2271
3329	3349
2307	2521
1577	2498
1017	1391
1277	1382
1321	1774
2122	2507
978	1331
3054	3324
2259	2490
239	304
2332	2458
1424	1880
2944	3084
2785	2904
1483	1632
1495	1732
2035	2618
916	1269
2038	2319
3198	3253
3162	3191
2758	2951
3499	3843
1336	1359
1006	1717
1321	1858
414	673
2081	2445
1173	1604
2126	2341
1684	2754
1104	1636
2134	2508
1117	1256
1953	2409
3747	3964
107	1808
2866	2909
993	1621
1055	1666
1302	1598
1989	2104
1211	1293
1014	1732
2090	2492
2084	2624
2484	2615
1163	1665
2005	2201
2396	2501
3530	3551
1235	1379
953	1330
348	479
2931	3433
2001	2660
2271	2549
2188	2593
1066	1306
3764	3834
1546	1889
1888	1891
2491	2594
637	1671
2920	3226
3503	3959
3604	3687
2782	3096
1717	1724
737	828
1912	2303
596	1576
1943	2354
1411	1520
3515	3855
2928	3426
3090	3364
2033	2140
3266	3405
2331	2543
579	616
705	780
2862	3104
726	824
2040	2604
2369	2526
734	847
208	277
1966	2499
414	465
2345	2366
3486	3951
1539	1752
2344	2390
2939	3381
107	1671
3643	3870
414	665
350	504
1142	1514
1684	2808
2878	3249
2200	2504
1917	1986
2363	2507
1123	1782
1685	1839
1505	1701
2020	2423
1352	1551
1516	1608
708	774
3002	3356
1926	2491
0	156
2179	2590
2109	2121
1242	1471
2126	2448
3545	3845
1684	3222
1912	2326
2233	2607
2154	2407
1962	2521
363	606
3029	3129
2240	2624
713	831
3362	3363
438	497
1351	1391
2399	2608
1612	1637
1684	2989
2172	2546
2369	2381
584	678
2324	2586
2780	3419
2398	2592
1066	1729
1416	1750
953	1670
1247	1729
2823	2894
1803	1866
1912	2546
828	856
1004	1623
1600	1669
1573	1655
2073	2561
2339	2489
637	1179
1337	1369
2894	3262
2359	2423
946	1485
1036	1872
2084	2088
1062	1696
1267	1612
2365	2645
1699	1794
553	565
3479	3594
2007	2333
1547	1736
1331	1741
2271	2414
783	827
3113	3320
1447	1768
591	606
2117	2196
1500	1785
1237	1514
2815	2905
2434	2471
2355	2616
1791	1826
1207	1823
2877	3149
2188	2266
3790	3828
1667	1785
1603	1827
3321	3351
1612	1816
2139	2418
1423	1576
2069	2103
2680	2749
1128	1724
2149	2343
2266	2460
1483	1609
1390	1804
1185	1816
107	1807
1020	1746
1684	3234
2477	2507
1255	1752
3098	3301
1912	1926
2220	2309
2104	2124
3526	3713
1334	1658
2912	3250
777	830
2876	3152
1361	1911
3576	3702
1409	1864
1950	1995
86	278
2068	2128
2189	2582
1589	1613
1021	1036
3645	3782
53	146
1125	1612
1130	1598
1485	1813
1365	1612
3060	3396
640	650
4026	4030
1017	1757
14	214
2229	2334
1291	1621
2131	2430
2414	2469
2881	3395
2122	2253
2033	2086
2755	3433
1557	1754
1118	1493
1303	1828
1946	2108
927	1290
2985	3142
2330	2445
1617	1804
1953	2573
3026	3036
2604	2622
1997	2122
3519	3837
2030	2121
1932	2465
1005	1469
1184	1879
1547	1832
41	44
1017	1341
2363	2418
1554	1768
3596	3627
242	302
3107	3403
1744	1882
1051	1569
1220	1571
1589	1842
3086	3103
1067	1100
2446	2573
2039	2512
2045	2423
1104	1884
3117	3339
1083	1163
1420	1571
2206	2253
2864	3073
98	170
2121	2354
1584	1714
2073	2188
239	285
3887	3931
1271	1898
946	1123
2882	3347
3538	3739
2143	2250
1345	1591
1689	1879
2081	2273
578	670
965	1686
2040	2464
2007	2394
3364	3435
925	1795
2730	3255
2224	2280
2661	3344
1236	1355
3628	3874
2543	2555
2254	2458
1331	1845
2778	3396
2218	2340
2140	2619
2972	3283
2216	2482
456	537
3448	3966
3629	3735
374	570
1985	2053
2951	3019
1402	1746
968	1183
781	787
2749	3426
374	483
2020	2391
2731	3114
3048	3342
2018	2365
1092	1605
3090	3324
946	1467
2032	2148
1273	1454
1166	1751
2052	2304
3297	3381
1175	1867
2345	2449
2924	2956
1912	2297
2289	2384
3022	3090
983	1069
3052	3315
2006	2018
2880	2915
641	1448
3875	3887
2526	2586
3488	3877
2363	2482
1941	2208
3201	3316
3682	3812
2030	2539
169	236
56	213
1335	1351
1652	1653
2307	2352
1139	1876
1771	1800
1024	1101
1626	1674
2103	2359
1391	1823
2019	2092
2072	2241
2104	2244
3437	3473
2047	2194
705	764
3545	3687
2088	2543
3437	3500
906	1075
982	1516
2951	3120
232	276
2058	2546
917	1296
3828	3966
515	566
752	842
497	525
1199	1669
2240	2430
1981	2501
966	1746
1082	1277
2686	3264
2188	2218
705	842
3289	3302
1231	1345
3874	3912
2275	2600
1130	1804
2869	3386
2098	2347
3519	3757
2077	2184
3710	3921
1128	1650
2118	2602
1040	1868
107	1227
455	557
2292	2533
2343	2458
686	841
2342	2450
3612	3764
2839	2960
359	546
2233	2550
28	144
2087	2215
1336	1663
1591	1706
2826	3340
391	456
1221	1650
2410	2623
2742	3252
3070	3297
932	1302
1621	1736
2123	2409
1086	1689
993	1603
3314	3423
2353	2575
1099	1454
2932	3404
2012	2018
2250	2328
925	1199
412	496
1160	1191
2563	2604
1945	2616
1146	1520
3983	4017
2778	3366
428	614
122	342
980	1312
2206	2506
3173	3335
1420	1819
984	1820
1396	1848
924	974
2686	3217
1242	1572
2331	2631
1004	1289
2591	2624
2250	2445
2428	2607
1344	1683
1	346
1684	3238
1465	2149
686	776
1242	1589
1959	2599
3738	3972
1153	1610
1604	1804
2469	2560
80	249
185	322
1684	2846
429	481
994	1573
1929	1966
1322	1899
1463	1741
2078	2118
1929	2324
2911	3348
367	475
1267	1559
2068	2151
484	544
3280	3350
423	523
3140	3378
1415	1725
3495	3797
955	1045
1524	1746
1583	1899
2188	2340
400	438
3049	3146
1540	1909
1380	1898
500	563
3060	3411
1132	1623
2363	2369
2757	3054
2187	2268
1938	2059
1917	2063
1128	1620
363	1237
1373	1582
2125	2198
1298	1583
696	778
1945	2398
1963	2108
2507	2553
979	1016
2116	2203
1291	1530
688	840
2218	2299
2927	3044
2967	3054
1215	1475
373	590
2444	2650
1250	1737
1943	2233
1718	2555
2042	2502
798	855
2317	2488
2663	3430
2060	2572
2674	3113
942	1502
1261	1857
1989	2005
354	359
698	873
2026	2081
1069	1431
472	533
2075	2377
2047	2199
1684	2892
1296	1525
373	423
1070	1828
2770	3297
2333	2594
1948	2135
3488	3672
1126	1868
1912	2379
2750	2966
2324	2564
1017	1746
1938	2309
3734	3824
2679	2873
17	312
2745	3394
2101	2345
414	639
2958	3288
1055	1905
2329	2428
2084	2309
2249	2434
1320	1427
1126	1199
2850	2925
939	1478
708	760
1687	1803
2849	3350
2088	2123
3017	3101
2122	2359
404	428
2264	2588
373	669
1912	2444
2072	2436
1925	2165
3193	3294
1329	1842
575	685
322	323
2059	2069
1545	1696
2142	2591
1245	1508
2039	2293
348	366
2055	2543
2724	3346
107	1413
2829	3176
1123	1585
1954	2138
2020	2559
3206	3397
917	1871
3154	3177
2040	2607
917	1303
3384	3387
2076	2622
1001	1844
475	1692
2381	2414
999	1823
1424	1601
1929	2258
3505	3850
2045	2579
1124	1753
1367	1612
136	2284
3455	3590
2172	2556
1272	1589
710	810
606	1374
2944	3022
1470	1868
2200	2619
2149	2328
2161	2243
2712	3132
2354	2359
2058	2172
2138	2582
1104	1235
1285	1619
2194	2319
2039	2268
2868	3329
1036	1315
953	1029
1416	1663
947	1376
2323	2561
954	1591
3891	3926
2247	2289
2790	3203
1946	2418
1963	2607
2244	2655
2521	2625
324	340
2211	2345
1132	1175
2863	2869
1605	1746
2754	3243
2188	2331
3054	3387
2206	2244
2310	2540
2352	2469
2516	2598
2068	2617
2275	2630
2729	2738
2054	2458
2469	2478
1352	1819
932	1813
2237	2261
1427	1525
2828	3146
2029	2304
2045	2625
1079	1117
2520	2549
983	1845
697	727
960	966
1471	1707
3098	3348
1618	1717
2077	2090
1019	1322
2261	2409
3267	3344
3454	3693
2969	3362
420	514
2153	2169
1329	1621
2102	2180
1912	1940
1390	1737
1493	1548
1962	2563
950	1494
1125	1827
2138	2385
1285	1839
2052	2509
3577	3929
980	1026
3684	3886
2951	3168
2601	2602
967	1175
1205	1571
107	1000
3542	3800
1912	2008
2240	2410
718	770
2076	2349
1483	1571
695	745
1964	2282
2944	2969
2004	2627
1912	1971
361	568
1912	2521
2715	3256
2086	2429
2039	2087
3838	3860
2107	2152
366	1692
2463	2511
1456	1571
2758	3341
3877	3938
2059	2244
2135	2268
3759	3836
2052	2582
3633	3860
375	494
2040	2395
1110	1243
136	2223
2189	2617
2464	2561
1026	1813
2040	2165
475	557
1467	1839
1068	1211
1532	1833
1242	1688
3545	3722
2381	2630
1214	1377
1947	2053
2781	3261
2673	3363
2478	2576
378	544
2032	2420
2993	3435
2951	3410
3486	3793
791	822
1450	1561
2394	2571
2165	2244
2991	3060
2492	2655
2240	2602
3596	3640
3011	3386
1086	1429
2137	2279
1014	1241
2172	2240
3793	3951
1912	2041
1137	1601
3376	3427
1503	1894
1166	1338
2074	2460
1380	1619
2905	2993
3638	3952
1588	1847
2103	2275
2582	2649
355	528
2444	2622
3518	3611
2271	2507
107	1805
3070	3206
1912	2608
2327	2338
116	226
3083	3126
1005	1624
2036	2612
2118	2564
107	1067
2755	3399
1352	1886
728	781
1604	1663
604	637
2032	2180
1302	1449
1230	1488
2392	2482
475	1536
2184	2579
748	770
1577	2649
430	561
1985	2240
2377	2471
954	1729
2661	2719
1945	2196
107	1667
196	285
2992	3201
2266	2410
2176	2471
606	1727
2024	2192
2123	2638
1473	1673
1250	1530
2299	2414
3152	3192
2406	2473
9	329
412	442
2244	2586
368	525
2519	2643
1880	1895
575	680
438	461
3651	3929
2381	2462
1638	1661
2194	2328
2309	2395
1464	1487
431	483
1966	2244
990	1678
1124	1563
1366	1783
3104	3384
1617	1669
2165	2520
3809	3933
1580	1707
3060	3182
1126	1255
597	603
946	1886
2254	2598
1003	1431
3465	3519
1172	1821
2880	3363
2304	2511
3869	3906
2600	2607
1509	1689
1151	1171
2433	2564
1941	2615
1955	2224
2268	2598
1929	2190
1941	2180
2347	2420
1351	1707
373	507
1920	2347
1186	1232
2750	2782
21	122
1488	1752
2071	2282
1946	2308
513	559
1796	1813
2786	3078
2367	2571
1399	1532
415	520
2937	3422
2800	2928
1256	1563
419	471
3790	3884
1216	1629
1943	2408
1405	1684
2020	2112
990	3263
1666	3245
1915	1922
1238	1881
107	1388
261	345
2037	2593
0	133
2951	3118
1399	1879
1341	1551
1953	2090
3500	3791
2004	2378
2142	2476
3716	3932
1557	1600
2850	2872
1940	2052
1916	2246
2276	2462
2074	2410
2748	2973
1048	1782
3577	3756
53	248
2730	3086
2904	3411
3461	3968
1373	1396
1718	2399
2084	2404
651	1122
1530	1736
2147	2383
432	561
3000	3054
2749	2969
67	272
2900	3154
1345	1392
3625	3851
946	1449
1198	1888
1307	1433
1163	1598
563	1136
2070	2335
2308	2654
3437	3909
2149	2333
3998	4019
934	1199
1918	2495
2131	2593
3604	3851
2395	2600
863	876
2043	2271
1835	1891
2254	2491
107	1883
2003	2479
1344	1620
1141	1308
107	1814
1528	1835
2123	2615
727	830
2289	2351
1938	2489
2737	3160
688	740
2900	3207
2738	2756
2233	2352
708	811
917	1472
2038	2285
1456	1741
3086	3263
2328	2415
1167	1709
2131	2623
1577	2420
2073	2213
2689	2706
1117	1535
1495	1812
1563	1665
1943	2184
2154	2212
3804	3845
3437	3668
2324	2340
2995	3170
1191	1839
1962	2374
3021	3169
3076	3287
2216	2240
2044	2309
1085	1537
1040	1900
428	1300
897	1191
2111	2643
2039	2153
1963	2122
2002	2336
2873	2988
2943	3286
1359	1361
1916	2169
2729	3279
2289	2509
2877	3026
924	1830
1577	2398
1277	1587
2162	2341
2060	2339
3466	3668
3799	3952
1256	1289
2266	2407
88	106
2530	2560
2087	2250
3598	3936
2309	2638
3384	3435
1686	1720
418	481
1665	1795
919	1582
1516	1819
414	542
2282	2567
2131	2477
3528	3707
47	301
2059	2623
2873	3119
2319	2419
2111	2502
3474	3956
1007	1170
2363	2410
1613	1721
988	1636
3033	3054
3437	3720
3214	3221
2843	3187
1310	1355
432	510
2203	2413
2002	2419
2341	2455
1954	2125
374	482
107	1459
3584	3793
1076	1753
942	1451
689	712
2081	2293
1986	2056
563	1687
902	1148
2905	3022
1392	1871
2866	3108
1519	1864
1917	2630
1132	1238
2031	2117
2376	2611
1277	1345
1473	1762
3097	3150
3041	3209
2725	2923
483	614
1654	1762
993	1101
1973	2378
916	1522
1339	1367
2073	2077
1932	2398
2083	2240
1380	1399
3830	3918
1059	1752
2408	2615
1684	3372
3087	3406
3531	3863
1929	1946
947	1761
2007	2294
2010	2588
3169	3344
2307	2615
2231	2322
116	140
580	1313
987	1794
2770	3201
1918	2046
2328	2384
2553	2630
2275	2469
2275	2563
2222	2617
2202	2659
2005	2623
2280	2384
3790	3902
3437	3548
2754	3023
3112	3298
475	556
80	94
2386	2408
1376	1761
718	815
3485	3627
1131	1188
3223	3244
1645	1692
2026	2526
1912	2011
421	558
1059	1214
980	1175
1572	1799
1153	1796
3466	3821
2858	2923
1086	1753
1399	1823
1513	1590
1199	1821
2340	2564
3612	3673
2308	2532
2894	3124
1625	1763
2327	2511
1988	2444
2705	2839
2030	2414
2236	2341
2037	2573
2754	2897
2086	2414
3521	3835
917	1785
2289	2322
2468	2555
1160	1323
966	1291
1590	1863
1092	1827
1912	2510
1920	2597
925	1735
2240	2352
2128	2333
3611	3790
2071	2642
2471	2617
2038	2343
2030	2623
422	655
1093	1569
1269	1367
1985	2064
2111	2479
2054	2598
978	1516
2386	2410
1591	1595
1315	1715
3145	3396
1520	1683
1230	1407
2149	2512
2396	2415
2151	2174
2500	2549
1040	1619
2086	2123
2053	2461
596	917
2536	2576
107	1319
404	444
2055	2542
107	1190
2414	2489
2033	2190
3152	3397
2126	2540
383	387
3236	3369
2309	2655
2717	3047
91	245
2485	2615
2247	2294
2683	3029
1946	2625
2191	2319
2543	2602
2047	2289
2030	2229
1912	2206
2800	3250
1989	2188
2059	2604
1156	1375
3344	3351
856	878
2134	2292
804	886
2137	2468
1918	2084
2001	2494
1373	1451
3173	3210
2183	2510
2061	2583
1945	2138
1947	2117
2925	3033
107	1796
1941	2625
2749	2908
2206	2446
172	342
39	119
2750	2960
107	1634
2212	2521
414	663
1994	2138
1669	1734
1370	1617
2020	2064
3123	3231
1570	1609
3437	3566
702	839
1577	2512
239	313
3177	3273
1361	1842
618	631
1947	2280
1261	1373
2911	2985
408	487
1959	2221
2806	2943
1684	3411
2153	2351
2780	3233
921	1164
2198	2283
1459	1742
1918	2542
107	937
3364	3433
2046	2188
1311	1348
938	1097
1823	1886
2126	2659
2729	3257
3464	3474
3013	3046
515	548
1131	1366
938	1314
475	515
2194	2588
2326	2418
170	250
2323	2356
1603	1795
1964	2361
1172	1447
1120	1379
1158	1649
3437	3619
1523	1609
2925	2946
1033	1615
1603	1613
686	786
3049	3169
810	814
2343	2616
1052	1444
493	511
1750	1752
921	1126
2042	2522
1691	1899
2118	2408
2098	2551
1341	1488
1912	1955
2748	3060
2557	2641
2150	2625
3324	3388
1420	1813
1603	1768
697	745
2174	2511
1209	1746
3654	3824
764	783
966	1730
1511	1615
440	479
1471	1863
1247	1502
1553	1825
2121	2507
2279	2555
1636	1884
1971	2630
1684	3056
1079	1683
1938	2476
2116	2642
2046	2602
2285	2608
2793	2863
3379	3412
1191	1388
2331	2593
2102	2417
2715	2723
2666	2866
2686	3256
2755	2916
3995	4023
863	882
1076	1416
2197	2260
2052	2102
107	1177
2716	3406
1585	1860
2690	2856
1336	1714
1128	1735
2026	2458
484	1122
3980	4002
2947	3331
1303	1786
2005	2326
1446	1766
1554	1600
1938	2395
1480	1879
261	271
1006	1024
2376	2600
3188	3206
993	1470
2473	2608
2682	3233
1912	2455
2507	2586
2489	2604
1132	1868
997	1153
2200	2428
2073	2478
641	1475
1662	1804
2131	2613
2005	2122
3114	3231
1099	1261
1953	2118
1092	1291
2069	2188
1941	1959
2038	2419
678	679
2665	3248
2068	2434
1242	1491
3145	3201
2374	2484
1945	2328
861	863
0	46
486	505
1126	1663
939	1212
1331	1603
1174	1719
981	1379
67	223
107	983
1614	1846
2135	2239
2716	2783
1173	1243
3456	3873
197	272
1184	1242
806	833
1227	1298
1101	1827
2078	2630
2552	2574
2127	2149
3002	3007
107	1074
1984	2347
471	559
1173	1665
2210	2369
2325	2612
1007	1393
3000	3293
714	789
2253	2619
29	106
1408	1878
2763	2835
2361	2618
2344	2509
1062	1783
2093	2552
2461	2642
1946	2069
1582	1871
2836	3019
2839	3026
2385	2629
484	1545
1953	2607
2064	2244
2128	2368
3081	3308
3497	3940
944	1131
1565	1645
2306	2356
969	1282
2679	3073
2708	2797
2172	2460
2007	2053
2190	2574
1993	2492
2257	2573
2045	2550
1948	2582
277	325
771	791
1113	1767
2267	2463
3815	3921
2348	2409
1642	3319
1966	2210
506	544
2897	3195
2961	3304
1554	1813
2511	2616
170	252
2385	2445
1373	1786
2169	2617
2163	2198
1269	1685
3906	3969
3559	3762
637	1716
118	271
2275	2551
2033	2549
2520	2615
2976	3298
2350	2363
1559	1842
2348	2560
2668	2958
1491	1750
1029	1608
977	1338
2028	2294
493	514
1312	1730
1047	1389
2916	3022
2778	3225
913	1052
2030	2593
1193	1838
2795	2904
924	1070
0	293
1984	2201
2724	2779
3727	3949
2117	2592
2438	2652
553	558
2299	2624
511	538
512	515
2397	2497
2033	2546
606	1536
3982	4023
3438	3501
2352	2602
2169	2643
1447	1483
2712	3288
2904	3378
1331	1608
24	57
566	936
1948	2042
3219	3365
921	1124
1580	1605
3106	3146
1527	1911
3225	3386
3020	3196
1647	1716
2062	2315
2118	2229
1184	1335
1921	2659
376	526
1793	1833
3858	3884
2340	2430
414	594
2395	2619
1943	2088
3060	3403
2087	2247
1547	1584
3060	3111
2755	2897
2849	3397
2310	2603
1399	1563
688	713
1319	1468
926	1026
2038	2473
1181	1416
2325	2475
2290	2604
107	1266
1121	1159
549	563
2323	2560
2086	2300
2516	2543
2059	2363
1979	2586
1912	1997
2187	2247
1610	1842
1927	2061
1966	2449
1163	1868
2244	2606
2334	2391
55	56
978	1746
1912	2150
3191	3379
2174	2239
1935	2192
1984	2619
182	253
1345	1742
2822	3164
1944	2272
2020	2309
2128	2646
3540	3563
3752	3915
1032	1166
1480	1598
2038	2491
2139	2266
2370	2550
348	535
1948	2068
1199	1205
3280	3291
2279	2315
107	1061
2684	2875
747	823
2115	2123
1204	1875
2574	2590
512	560
1209	1796
3596	3633
1509	1791
2142	2430
2047	2224
731	781
1964	2302
1941	2370
745	747
445	495
2240	2561
1575	1829
2875	3248
1665	1842
526	1226
1538	1563
2901	3291
1312	1405
3172	3351
1912	2101
2131	2150
2266	2574
2282	2609
1577	2298
3628	3917
1017	1267
1912	2241
1114	1882
2493	2641
2354	2428
3622	3878
2742	2869
2728	3007
2030	2573
395	511
1221	1504
2030	2253
1964	2042
3330	3396
1532	1886
1912	2588
3240	3416
1811	1835
1006	1833
2679	2920
2142	2258
186	213
960	1305
1125	1330
3231	3392
21	39
2111	2183
2184	2464
1136	1825
2276	2363
478	508
2753	2965
1110	1522
1199	1888
1954	2508
1914	2365
1689	1730
1979	2021
1256	1302
1457	1707
1991	2647
1036	1475
2501	2543
400	559
1004	1471
3617	3758
3300	3392
2730	3233
3017	3192
1245	1828
1009	1720
1622	1796
107	1072
2122	2556
2137	2267
2726	3137
3052	3184
896	1732
578	627
2446	2593
2081	2148
376	471
1912	2089
2694	2944
2606	2611
3475	3684
2032	2151
1609	1782
3106	3330
1100	1592
1533	1758
3462	3762
3891	3966
976	1616
1399	1712
1663	1730
941	1596
1279	1587
1918	2154
1004	1799
2832	3050
1962	2606
2347	2597
2910	3195
3198	3201
1370	1559
2299	2564
3543	3605
2512	2598
2363	2539
3038	3154
1962	2428
2188	2308
1184	1707
3554	3829
99	177
3456	3962
2793	2795
98	285
2359	2574
1636	1899
3804	3858
1185	1707
1325	1511
2491	2635
2506	2542
3319	3393
2131	2586
2377	2390
963	1880
2370	2504
1600	1663
2084	2356
1551	1712
1006	1702
1956	2634
1538	1612
1100	1859
3116	3132
1585	1822
2447	2640
2370	2407
1997	2630
431	479
1684	3242
947	1782
3656	3683
1604	1688
2007	2247
2143	2149
1984	2098
1272	1590
2240	2374
1925	2579
2578	2623
1062	1223
726	820
1964	2265
938	1548
25	105
3886	3962
1684	3104
1479	1636
1191	1609
1037	1159
1986	2253
2556	2607
494	559
2124	2229
1287	1804
2086	2607
2045	2216
1307	1421
1453	1885
2730	3062
3224	3291
1334	1753
686	832
1551	1675
1204	1573
2711	2748
3120	3391
2347	2547
686	829
2135	2420
1912	2556
2763	2948
1269	1800
2683	3096
1757	1879
3654	3804
926	1605
1943	2526
2047	2516
2296	2581
2139	2550
1126	1449
1314	1880
1684	2762
686	706
1255	1669
1256	1741
1632	1683
1277	1292
107	1548
1467	1769
2090	2654
1929	2184
1929	2005
2504	2615
2073	2084
1731	1761
2750	3078
2939	3252
3295	3412
1388	1793
3277	3320
3606	3745
2122	2611
2029	2605
2149	2588
3470	3710
2111	2243
1083	1833
1979	2136
1598	1659
2307	2309
2212	2623
3980	4005
2053	2608
2915	3394
1364	1818
991	1312
3507	3690
1222	1610
2200	2563
2169	2289
1598	1886
2270	2642
2458	2617
1132	1509
1076	1132
2688	3205
2131	2559
1388	1522
967	1230
2986	3184
1456	1598
902	981
1136	1803
483	984
1399	1491
366	1237
1655	1680
2676	3108
2499	2578
2045	2556
3824	3877
1402	1609
3026	3213
1600	1819
2194	2372
1979	2139
132	158
1173	1804
2206	2550
373	683
2212	2356
1491	1867
3350	3381
910	1657
2238	2251
3119	3417
1365	1420
2344	2588
446	490
1080	1790
2069	2654
1426	1893
1074	1570
3097	3274
107	1213
1718	2189
2966	3174
1736	1849
1912	2154
2059	2578
277	339
3939	3963
475	559
1966	2261
1272	1559
3021	3239
2005	2078
1622	1730
1112	1185
2028	2555
2386	2409
1981	2394
2003	2221
921	1291
1211	1816
994	1448
1915	2251
2150	2233
1506	1616
1917	1943
2081	2333
2282	2396
1465	2319
2240	2478
370	419
3526	3563
3578	3790
758	814
1067	1661
1035	1228
1587	1655
538	1226
2044	2288
3658	3731
3546	3549
2172	2244
2033	2561
0	314
1100	1647
2329	2638
1229	1578
2047	2314
2033	2356
2720	3355
2939	3416
2200	2257
1553	1806
3240	3397
896	1875
3486	3976
2095	2172
1287	1888
500	651
2344	2468
3009	3214
1004	1735
3596	3832
1610	1811
1322	1716
1920	2135
1117	1538
1746	1809
1951	2659
1123	1712
1361	1420
1260	1634
2229	2299
3576	3838
1291	1559
370	373
1230	1341
1462	1903
178	206
2223	2502
948	1237
2287	2507
2063	2356
2172	2350
2174	2451
1612	1826
2095	2591
3506	3896
1085	1555
107	950
1918	2121
1227	1322
1962	2240
1352	1590
80	204
2471	2629
2674	2793
1391	1809
3464	3630
1684	2855
1052	1217
2042	2223
1456	1717
2961	3227
2393	2404
1589	1879
242	322
2005	2216
1317	1803
1684	3314
2240	2276
2092	2409
2213	2339
1603	1668
1663	1750
483	560
3252	3297
2043	2467
2546	2638
2858	3097
3617	3719
2937	3350
2867	3000
2408	2507
1948	2420
1267	1522
2988	3400
2381	2485
2864	3174
1376	1471
2592	2608
3790	3913
483	492
2123	2433
563	567
2868	3077
937	1248
1483	1517
2005	2363
3073	3135
3046	3319
3050	3256
993	1685
3056	3387
2750	2908
1036	1655
2882	3124
1912	2123
1962	2391
1768	1845
745	800
2755	3064
1079	1391
2109	2464
1352	1833
573	603
1984	2055
2757	3036
2724	3086
107	1790
3586	3839
2115	2376
373	417
2264	2368
107	1757
1935	2011
2369	2507
3149	3301
1123	1458
3576	3658
2253	2326
67	199
2359	2654
2024	2202
1056	1559
2936	3106
3437	3516
1963	2123
2064	2485
1341	1621
1004	1209
40	317
1997	2549
2149	2199
25	237
1334	1435
2197	2361
3721	3741
26	161
1331	1352
2309	2492
2043	2374
2037	2103
2915	3004
2047	2436
1971	2271
2733	3076
2676	3364
2904	3154
980	1689
3822	3909
2026	2598
1149	1653
1159	1227
3758	3833
1684	3016
1656	3263
2881	3039
3617	3830
1367	1524
2292	2463
2793	3396
1495	1591
970	1806
1611	1872
1199	1352
1522	1600
1512	1543
3038	3120
1393	1531
3517	3756
3194	3209
1029	1687
2142	2460
2977	3384
1916	2463
1455	1473
2047	2610
896	1413
2140	2495
1985	2369
3087	3219
2199	2434
2384	2417
1052	1504
913	1703
3076	3206
3495	3877
1056	1898
2140	2326
2187	2194
2172	2257
2032	2589
1758	3205
196	249
2690	2735
431	497
2264	2377
2345	2491
1991	2627
3115	3265
2590	2625
2059	2482
2072	2501
2093	2492
363	1673
968	999
3456	3687
1770	1904
2550	2600
348	437
2040	2407
2729	3400
67	142
1912	2078
2464	2532
2294	2304
984	1099
2749	3108
3635	3948
2374	2376
3473	3725
2240	2446
107	1908
2172	2552
1199	1622
1156	1845
1134	1703
1081	1261
1922	2160
2850	3054
2059	2354
1340	1610
136	2039
3010	3033
2108	2467
2275	2559
1912	2249
21	169
3571	3918
2153	2332
2123	2331
2250	2400
1941	2351
1917	2093
2890	3324
1955	2294
1955	2555
374	439
2146	2371
2783	3291
107	1806
2053	2451
3041	3140
2236	2644
438	506
2307	2526
1211	1554
3198	3411
988	1019
509	551
2672	2937
1198	1804
2526	2611
1964	2310
1072	1507
1946	2188
2091	2317
3437	3898
2376	2428
2901	3355
1980	2011
65	203
2782	2806
2674	3267
3335	3385
169	318
0	205
2928	3414
2927	3056
2966	3435
2074	2611
366	434
934	1603
1663	1782
3001	3207
2303	2376
3082	3172
2970	3316
1684	3422
1132	1339
2038	2451
1427	1844
376	475
3104	3362
2904	3211
2828	3148
879	894
1945	2463
2308	2526
1004	1391
139	281
3517	3633
628	681
1953	2188
3005	3302
1918	2433
2188	2429
1303	1429
1313	1374
1209	1597
1258	1304
460	497
696	727
2090	2404
2073	2108
2951	3345
2124	2625
3980	3985
1258	1444
3010	3025
1101	1399
428	1549
1210	1766
488	524
1943	2586
2027	2268
84	237
776	874
214	312
3437	3750
2438	2501
1113	1358
1947	2304
2773	3384
1307	1708
1132	1827
3267	3335
400	408
158	248
2302	2530
1912	2228
2163	2368
2369	2460
2701	3332
163	173
423	669
388	567
3437	3933
2285	2333
3611	3926
1160	1551
1220	1367
1076	1554
2864	2944
3234	3400
1198	1530
2161	2603
360	506
107	1300
1912	1986
3715	3867
1591	1649
1857	1884
2030	2306
1503	1706
1205	1736
1912	2156
2038	2610
2677	2971
637	1423
385	524
1085	1420
3442	3678
2516	2594
2502	2649
2244	2546
1674	1883
2187	2420
2078	2300
780	823
2408	2446
107	1661
2733	3079
2026	2436
1416	1516
2749	3096
1036	1413
1211	1584
2806	3004
3149	3284
1003	1765
25	83
2916	3348
1086	1126
1211	1391
1086	1130
1214	1662
2154	2579
520	542
2917	3108
374	563
461	483
1209	1376
1734	1746
1003	1340
1185	1554
2331	2542
2786	2931
928	1705
1104	1824
2203	2294
1577	2351
2103	2500
3601	3818
2586	2601
3933	3967
2142	2324
1663	1736
1117	1359
916	1879
455	531
2346	2626
896	1495
2867	2927
132	315
975	1473
1539	1639
1941	2423
3279	3374
2361	2373
1943	2446
1124	1891
2171	2447
3151	3327
1283	1626
538	1179
2006	2192
2054	2221
2328	2471
1344	1685
2262	2350
475	565
2880	2945
1962	2078
1580	1839
1124	1849
3618	3797
271	325
2007	2092
353	417
2738	2915
2034	2041
1146	1471
2992	3247
2073	2532
1379	1596
2661	2950
374	391
2324	2348
367	474
1073	1806
462	517
1983	2613
661	675
1317	1561
1146	1891
2266	2551
2300	2331
1335	1789
1946	2619
2042	2582
1663	1867
2532	2607
1424	1787
2121	2229
417	537
596	678
452	465
1584	1816
1257	1859
2719	2937
2780	3352
1979	2462
1024	1868
2147	2188
1600	1816
2765	3021
1929	2604
3521	3672
2302	2332
2404	2654
494	561
3206	3291
2053	2075
1732	1820
2559	2624
3065	3096
1684	2801
1736	1827
1367	1399
1345	1587
1580	1793
363	367
3599	3753
2929	3384
1985	2086
1577	2544
2157	2447
1927	2297
1124	1219
3640	3926
1929	2046
2220	2363
1075	1184
420	567
1629	1895
921	1059
3437	3635
2786	3114
2370	2638
2138	2465
2417	2471
3526	3773
2347	2578
2943	3232
2149	2598
2418	2564
526	1861
2590	2631
953	1191
3479	3613
2446	2551
1126	1898
1966	2220
1429	1464
3495	3501
73	126
1284	1859
1962	2086
2103	2218
1983	2428
1054	1435
2153	2279
1015	1277
2828	3330
2354	2604
2931	3362
167	310
2745	3324
1049	1399
2827	2920
2053	2243
107	1080
2142	2395
2519	2543
1298	1347
2102	2151
2938	2965
1589	1685
2209	2416
2140	2484
2031	2419
1551	1700
1478	1671
1135	1173
1547	1668
2331	2410
3025	3029
2461	2471
2367	2597
2139	2482
2438	2643
2143	2174
1979	2551
2199	2390
1495	1751
542	560
2484	2611
107	1599
2241	2294
2086	2139
615	628
3569	3869
917	984
363	1179
417	544
1573	1786
3859	3870
483	1237
2705	2943
2180	2247
3862	3867
107	1203
2038	2416
2165	2464
2683	3387
1076	1341
1971	2586
495	542
635	643
1345	1381
2329	2619
2326	2467
1107	1391
3734	3971
2246	2302
1235	1578
1465	2065
3009	3116
419	487
2741	2867
1717	1737
2977	3029
136	1945
2716	3321
2550	2654
2293	2629
1981	2243
1844	1882
1086	1185
3822	3906
1125	1302
2624	2654
2354	2363
1471	1839
224	315
3437	3456
3261	3291
2155	2525
1985	2140
2340	2655
1971	2220
781	823
1036	1100
2746	3304
2028	2509
2742	3320
3587	3641
2200	2485
2742	3194
1277	1413
2468	2492
1347	1636
229	334
2109	2604
1315	1462
3011	3061
1730	1754
1010	1525
3160	3186
1553	1698
2326	2404
3529	3869
1938	1979
916	966
2089	2614
2241	2347
2290	2624
504	546
2690	2921
511	512
2763	2960
2844	3075
1652	1724
1390	1730
980	1017
1669	1768
2148	2315
2485	2578
2064	2593
1940	2196
992	1648
719	819
1993	2631
686	795
1494	1676
3587	3776
2662	3415
2078	2551
1675	1688
3605	3828
1826	1842
896	1286
1997	2064
2125	2516
1171	1908
3775	3895
3345	3391
2283	2533
452	519
2059	2142
3506	3507
1946	2086
369	518
2742	2973
897	1480
580	1025
2694	2777
348	391
63	271
1426	1459
2384	2458
2973	3396
3363	3414
2827	2985
3761	3945
1665	1845
999	1352
2215	2268
3541	3912
1076	1768
3624	3905
67	79
363	432
1984	2090
1981	2509
713	823
2237	2352
576	583
1214	1580
653	654
2561	2624
1985	2007
2329	2607
1358	1616
1966	2112
1946	2521
3475	3948
2602	2646
3049	3152
1054	1367
1267	1520
2172	2554
2278	2462
1947	2328
2887	3220
3437	3627
938	1378
1146	1621
1972	2531
1337	1518
2463	2543
1993	2112
1315	1875
1184	1344
2983	3063
1912	2316
2689	2827
2042	2315
2112	2543
3562	3649
2866	2906
3668	3738
1984	2354
3363	3426
2750	2864
934	1746
348	457
1041	1756
946	1608
1222	1683
2026	2239
408	517
1255	1377
724	853
2294	2649
1052	1366
374	567
1078	1173
395	451
2920	3098
1984	2142
828	842
2253	2532
2030	2433
2744	2825
978	1274
1655	1862
3036	3387
1269	1509
975	1277
3514	3707
2865	3365
2796	3351
2951	3274
2018	2157
2218	2376
1619	1826
1516	1570
3057	3278
1214	1736
2112	2229
1983	2188
2768	3017
3776	3809
1617	1864
1312	1795
2036	2610
1323	1551
1487	1897
1721	1746
1746	1868
2131	2299
1302	1827
419	428
2839	3193
2045	2638
951	1523
1612	1683
1926	2338
902	1628
2218	2573
1938	2030
1652	1683
2460	2586
374	418
1922	2341
2125	2502
1685	1736
1604	1637
583	640
1150	1626
1067	1587
3198	3321
177	278
1349	1427
1912	2405
2004	2009
2758	3330
2966	3163
580	1694
1068	1620
1352	1734
1912	2069
348	373
1742	1820
943	1308
2257	2363
2101	2183
1221	1229
3162	3366
1155	1408
3035	3355
1340	1746
2877	3004
2482	2590
3743	3819
2090	2590
980	1717
2894	3111
1315	1899
1684	2980
2302	2653
1196	1663
1792	1860
2244	2543
1913	2530
906	1891
1327	1540
2765	3277
2140	2615
8	110
87	136
2030	2200
2524	2611
2506	2543
2033	2164
414	602
1480	1886
50	109
1201	1214
2464	2549
3017	3422
1050	1266
1198	1471
1717	1752
1015	1884
2048	2287
1120	1315
2881	3113
3797	3842
107	922
1026	1517
1879	1902
1205	1768
3778	3827
1933	2129
1267	1335
1076	1735
2937	3206
482	525
2891	2905
713	848
2880	3284
1086	1207
2220	2410
1959	2174
1271	1707
2043	2561
1032	1907
2290	2492
1087	1317
2047	2453
2064	2077
2416	2641
2123	2188
2223	2338
2115	2354
697	828
2109	2619
2022	2472
3224	3344
1683	1835
2800	3098
402	517
2131	2631
1684	3167
3437	3703
1040	1078
1126	1689
3201	3247
1958	2027
1488	1604
479	545
967	1663
483	1018
3545	3962
2150	2287
2645	2657
107	1731
2871	3043
3499	3532
2769	3010
185	188
538	606
1684	3036
1067	1235
1359	1604
2200	2630
4004	4030
1323	1799
3545	3884
2122	2460
688	696
14	20
357	424
982	1399
3291	3344
2218	2604
2804	2836
989	1014
2028	2047
1302	1617
1639	1791
1988	2650
1	236
2418	2611
2020	2299
993	1617
916	1559
2785	2863
403	519
21	251
941	1871
1983	2299
713	829
3992	4017
2336	2597
1303	1783
1079	1736
933	1261
1925	2495
993	1330
2329	2495
1447	1861
1986	2233
2833	2973
2221	2390
28	149
2045	2233
1435	1877
2134	2347
1408	1549
493	556
1175	1835
1054	1572
2907	3000
3468	3878
2327	2491
107	991
104	188
2118	2395
2511	2617
960	1123
900	908
2038	2463
2007	2151
811	890
2111	2475
983	1409
1415	1469
3539	3584
2395	2561
1138	1499
2881	3019
1941	2150
2950	3144
995	997
1761	1768
1039	1388
997	1580
1086	1598
1857	1893
1306	1472
2077	2586
2429	2586
2097	2626
1966	2218
1183	1783
1584	1663
1243	1861
2348	2507
417	560
3187	3255
2188	2579
619	636
363	637
1275	1624
2252	2328
1948	2338
2210	2655
422	636
2007	2604
1467	1637
2734	3254
1271	1768
1070	1549
1373	1873
2955	3342
2118	2655
1707	1809
1912	2179
2117	2351
3437	3491
896	1392
3111	3378
2454	2611
2146	2160
1311	1630
2663	2789
1971	2623
2118	2381
1554	1589
136	2135
2307	2602
2379	2581
366	515
1246	1366
1979	2210
363	561
1462	1872
2035	2089
1399	1612
1959	2007
402	417
277	280
2037	2507
3519	3708
2039	2180
2680	2815
1042	1686
2183	2264
2292	2508
2102	2344
3490	3531
2410	2556
3504	3839
1000	1703
1684	2720
1938	2553
1917	2030
1135	1730
2053	2125
479	483
2833	3411
1248	1401
3702	3838
995	1084
1622	1804
787	827
1945	2537
2273	2555
2075	2572
2326	2359
428	930
1290	1632
1003	1867
3139	3392
1337	1352
2374	2560
2172	2655
3873	3966
3437	3661
1684	2917
1205	1580
1948	2151
423	503
1917	2104
2663	3114
2006	2626
1571	1793
193	259
3437	3890
2060	2229
389	419
1115	1576
2165	2600
10	67
2266	2356
1725	1850
2177	2333
3718	3810
1476	1670
1953	2136
438	496
821	836
2047	2107
2128	2278
2064	2109
2323	2429
2258	2326
1921	2116
474	500
2591	2619
396	450
576	578
107	1299
2145	2406
1912	2479
1064	1372
2155	2209
2010	2555
1964	2126
566	1155
1255	1509
2894	3115
2002	2169
1078	1868
3635	3730
2123	2329
3482	3644
1413	1573
997	1377
3497	3527
3145	3206
2755	3435
3891	3902
2169	2302
3154	3291
3223	3412
2118	2464
2240	2611
3437	3663
990	1419
142	200
2743	2810
1209	1600
436	511
3002	3287
619	625
1684	3057
363	1536
1962	2619
56	331
3701	3837
3051	3347
1975	2474
2386	2563
1409	1663
1669	1753
1175	1509
1175	1888
2863	3171
1684	3071
1730	1800
1684	2918
2172	2549
2848	3302
1032	1261
493	497
2748	3344
2074	2551
2074	2266
1981	2592
2308	2623
3713	3753
2730	2941
67	82
695	751
141	172
2758	2918
630	666
2229	2625
2161	2547
2179	2307
2073	2551
0	249
946	1398
2131	2356
524	614
2590	2624
2149	2555
3002	3177
3086	3154
1600	1827
1983	2303
2167	2487
2059	2307
1402	1757
417	524
752	829
3040	3387
0	65
1953	2045
2254	2445
2695	2867
2495	2532
1026	1554
2777	3399
2145	2176
479	536
1305	1352
415	460
1390	1736
2743	3054
1344	1804
1294	1766
2398	2653
906	1663
2841	3431
2863	3380
752	781
798	852
1397	1409
1222	1245
1359	1470
1447	1809
938	1798
122	271
2212	2271
410	475
1380	1800
953	1488
2077	2229
2174	2649
2218	2591
1923	2242
414	620
2058	2347
1035	1525
2665	3342
3476	3957
2045	2573
3542	3838
980	1669
724	745
3774	3957
942	1582
523	570
1184	1435
1330	1746
2872	3108
1684	3117
1619	1879
2134	2279
1293	1516
1614	1765
2012	2116
2043	2554
2049	2317
925	1149
1352	1520
3478	3964
1615	1687
438	561
917	1158
3506	3569
3762	3884
506	537
2799	3122
2438	2458
404	566
1375	1532
1948	2592
2150	2604
3437	3879
1080	1106
3756	3884
2099	2247
131	227
2258	2428
169	248
1196	1774
2374	2561
0	183
1064	1478
2137	2561
348	528
1323	1839
3587	3920
2908	3040
2149	2617
3011	3287
3698	3850
2045	2200
1684	2819
3371	3420
1665	1809
1577	2163
2471	2518
2200	2593
2929	3084
3014	3364
2229	2550
364	564
2083	2575
3082	3342
3437	3748
1100	1591
1188	1536
1343	1807
2076	2444
993	1791
1972	2639
1324	1893
1504	1633
107	1320
1392	1583
2126	2129
1121	1348
1182	1528
2683	2993
1021	1067
1169	1748
774	810
2743	3158
1642	2764
1059	1867
1079	1339
1487	1620
2083	2118
1483	1736
2887	2956
2145	2544
1912	2193
2068	2343
3332	3411
3049	3265
1971	2064
2104	2240
2359	2539
2833	3116
141	323
2973	3106
2187	2289
1598	1663
2275	2495
1959	2338
3824	3902
1500	1630
2020	2323
1124	1683
353	513
1132	1390
2391	2556
2662	2737
1628	1887
178	213
3103	3412
2867	3293
980	1559
3437	3638
2190	2601
2920	3064
2006	2620
916	1153
3320	3345
136	1939
3191	3344
1960	2173
3455	3850
1189	1667
2104	2200
2072	2235
1126	1605
1288	1605
1086	1298
3488	3627
2037	2462
2143	2472
2886	3066
496	523
2828	2973
1135	1483
2359	2500
1480	1653
2056	2334
25	224
4023	4031
1993	2253
359	557
1172	1341
2164	2340
2330	2384
1983	2210
2600	2619
2787	3291
3596	3902
400	415
2784	3034
1723	1736
1173	1256
3520	3550
2412	2587
2005	2210
1912	2396
1684	3317
2212	2429
1149	1621
2334	2485
2489	2623
1335	1557
2693	2903
1265	1768
3054	3153
2309	2462
917	1060
2069	2139
1333	1733
88	126
2833	3299
2763	2891
2164	2615
3501	3517
1399	1535
3182	3272
2140	2220
1153	1589
2203	2498
2353	2602
2331	2407
1185	1835
127	135
1211	1612
107	1892
416	483
957	1404
1684	2697
2469	2630
0	301
3055	3127
2026	2134
2102	2169
2911	3090
3187	3240
3980	4031
2913	3174
1639	1683
1467	1714
761	848
2404	2602
374	515
2750	3137
2894	2973
2237	2482
2074	2086
2318	2637
1970	2111
953	1861
781	824
1768	1860
2430	2630
1106	1311
1995	2116
2870	3001
2199	2472
2093	2655
1017	1163
1245	1820
3103	3285
3713	3728
2793	3106
2143	2224
1376	1851
913	1135
2093	2139
2837	3269
1569	1646
3116	3330
1662	1789
1256	1285
508	544
1126	1610
1036	1404
2913	3184
2241	2282
1337	1618
1173	1271
2499	2560
2756	3417
1122	1237
1962	2266
3629	3977
3052	3324
2846	3058
2273	2294
1983	2433
1600	1721
2520	2591
3454	3779
1447	1458
2275	2392
451	563
3283	3309
3104	3363
2526	2543
1487	1910
1024	1619
2495	2591
2132	2324
2138	2302
2055	2257
2696	3186
2084	2331
3702	3737
2029	2452
107	1428
3643	3826
67	212
1344	1622
913	1658
2778	3102
3448	3596
2237	2546
2165	2213
1912	2374
1018	1231
1082	1423
3525	3873
1993	2290
1987	2581
2966	2994
2966	3390
2165	2552
355	455
1345	1638
952	1128
2336	2516
2300	2339
1014	1015
896	1783
2750	3022
1684	2875
1086	1737
2078	2093
2053	2511
2936	3101
2112	2602
962	1671
1984	2290
1957	2435
2781	3100
2716	3291
2059	2593
2825	2942
896	1067
1399	1761
1977	2214
820	845
1195	1663
2202	2297
2946	3097
2126	2424
2042	2125
1334	1782
1984	2407
2800	3174
2284	2494
3145	3199
2369	2638
980	1361
762	827
1075	1861
1912	2057
1302	1619
2072	2125
1214	1539
2253	2507
2139	2218
1989	2190
3799	3848
1291	1823
3662	3863
1450	1534
2919	3284
3092	3104
2394	2652
1047	1622
2046	2573
1012	1699
1941	2429
2054	2134
438	606
2201	2356
1946	2354
1451	1732
1964	2211
1912	2646
2395	2611
992	1895
1217	1620
1060	1573
